[main]	INFO	profile include tests: None
[main]	INFO	profile exclude tests: None
[main]	INFO	cli include tests: None
[main]	INFO	cli exclude tests: None
[main]	INFO	running on Python 3.9.6
Working... ━━━━━━━━━━━━━━━━━━━━━━━━━━━━━━━━━━━━━━━━ 100% 0:00:01
Run started:2026-05-02 07:44:26.851581

Test results:
>> Issue: [B110:try_except_pass] Try, Except, Pass detected.
   Severity: Low   Confidence: High
   CWE: CWE-703 (https://cwe.mitre.org/data/definitions/703.html)
   More Info: https://bandit.readthedocs.io/en/1.8.6/plugins/b110_try_except_pass.html
   Location: ./.worktrees/env-setup/core/phase_hooks.py:212:8
211	                f.write(f"[{ts}] {message}\n")
212	        except Exception:
213	            pass

--------------------------------------------------
>> Issue: [B404:blacklist] Consider possible security implications associated with the subprocess module.
   Severity: Low   Confidence: High
   CWE: CWE-78 (https://cwe.mitre.org/data/definitions/78.html)
   More Info: https://bandit.readthedocs.io/en/1.8.6/blacklists/blacklist_imports.html#b404-import-subprocess
   Location: ./.worktrees/env-setup/core/quality_gate/phase_truth_verifier.py:19:0
18	import os
19	import subprocess
20	import json

--------------------------------------------------
>> Issue: [B110:try_except_pass] Try, Except, Pass detected.
   Severity: Low   Confidence: High
   CWE: CWE-703 (https://cwe.mitre.org/data/definitions/703.html)
   More Info: https://bandit.readthedocs.io/en/1.8.6/plugins/b110_try_except_pass.html
   Location: ./.worktrees/env-setup/core/quality_gate/phase_truth_verifier.py:114:20
113	                        sessions.add(entry.get("session_id", ""))
114	                    except:
115	                        pass
116	

--------------------------------------------------
>> Issue: [B607:start_process_with_partial_path] Starting a process with a partial executable path
   Severity: Low   Confidence: High
   CWE: CWE-78 (https://cwe.mitre.org/data/definitions/78.html)
   More Info: https://bandit.readthedocs.io/en/1.8.6/plugins/b607_start_process_with_partial_path.html
   Location: ./.worktrees/env-setup/core/quality_gate/phase_truth_verifier.py:130:21
129	        try:
130	            result = subprocess.run(
131	                ["pytest", "--tb=no", "-q"],
132	                cwd=self.project_root,
133	                capture_output=True,
134	                text=True,
135	                timeout=120
136	            )
137	

--------------------------------------------------
>> Issue: [B603:subprocess_without_shell_equals_true] subprocess call - check for execution of untrusted input.
   Severity: Low   Confidence: High
   CWE: CWE-78 (https://cwe.mitre.org/data/definitions/78.html)
   More Info: https://bandit.readthedocs.io/en/1.8.6/plugins/b603_subprocess_without_shell_equals_true.html
   Location: ./.worktrees/env-setup/core/quality_gate/phase_truth_verifier.py:130:21
129	        try:
130	            result = subprocess.run(
131	                ["pytest", "--tb=no", "-q"],
132	                cwd=self.project_root,
133	                capture_output=True,
134	                text=True,
135	                timeout=120
136	            )
137	

--------------------------------------------------
>> Issue: [B607:start_process_with_partial_path] Starting a process with a partial executable path
   Severity: Low   Confidence: High
   CWE: CWE-78 (https://cwe.mitre.org/data/definitions/78.html)
   More Info: https://bandit.readthedocs.io/en/1.8.6/plugins/b607_start_process_with_partial_path.html
   Location: ./.worktrees/env-setup/core/quality_gate/phase_truth_verifier.py:155:21
154	        try:
155	            result = subprocess.run(
156	                ["pytest", "--cov=.","--cov-report=term-missing","--tb=no","-q"],
157	                cwd=self.project_root,
158	                capture_output=True,
159	                text=True,
160	                timeout=120
161	            )
162	

--------------------------------------------------
>> Issue: [B603:subprocess_without_shell_equals_true] subprocess call - check for execution of untrusted input.
   Severity: Low   Confidence: High
   CWE: CWE-78 (https://cwe.mitre.org/data/definitions/78.html)
   More Info: https://bandit.readthedocs.io/en/1.8.6/plugins/b603_subprocess_without_shell_equals_true.html
   Location: ./.worktrees/env-setup/core/quality_gate/phase_truth_verifier.py:155:21
154	        try:
155	            result = subprocess.run(
156	                ["pytest", "--cov=.","--cov-report=term-missing","--tb=no","-q"],
157	                cwd=self.project_root,
158	                capture_output=True,
159	                text=True,
160	                timeout=120
161	            )
162	

--------------------------------------------------
>> Issue: [B404:blacklist] Consider possible security implications associated with the subprocess module.
   Severity: Low   Confidence: High
   CWE: CWE-78 (https://cwe.mitre.org/data/definitions/78.html)
   More Info: https://bandit.readthedocs.io/en/1.8.6/blacklists/blacklist_imports.html#b404-import-subprocess
   Location: ./.worktrees/env-setup/core/quality_gate/stage_pass_generator.py:42:0
41	import argparse
42	import subprocess
43	from datetime import datetime

--------------------------------------------------
>> Issue: [B607:start_process_with_partial_path] Starting a process with a partial executable path
   Severity: Low   Confidence: High
   CWE: CWE-78 (https://cwe.mitre.org/data/definitions/78.html)
   More Info: https://bandit.readthedocs.io/en/1.8.6/plugins/b607_start_process_with_partial_path.html
   Location: ./.worktrees/env-setup/core/quality_gate/stage_pass_generator.py:215:21
214	        try:
215	            result = subprocess.run(
216	                ["pytest", "--tb=short", "-v"],
217	                cwd=self.project_root,
218	                capture_output=True,
219	                text=True,
220	                timeout=300
221	            )
222	            evidence["pytest_passed"] = result.returncode == 0

--------------------------------------------------
>> Issue: [B603:subprocess_without_shell_equals_true] subprocess call - check for execution of untrusted input.
   Severity: Low   Confidence: High
   CWE: CWE-78 (https://cwe.mitre.org/data/definitions/78.html)
   More Info: https://bandit.readthedocs.io/en/1.8.6/plugins/b603_subprocess_without_shell_equals_true.html
   Location: ./.worktrees/env-setup/core/quality_gate/stage_pass_generator.py:215:21
214	        try:
215	            result = subprocess.run(
216	                ["pytest", "--tb=short", "-v"],
217	                cwd=self.project_root,
218	                capture_output=True,
219	                text=True,
220	                timeout=300
221	            )
222	            evidence["pytest_passed"] = result.returncode == 0

--------------------------------------------------
>> Issue: [B607:start_process_with_partial_path] Starting a process with a partial executable path
   Severity: Low   Confidence: High
   CWE: CWE-78 (https://cwe.mitre.org/data/definitions/78.html)
   More Info: https://bandit.readthedocs.io/en/1.8.6/plugins/b607_start_process_with_partial_path.html
   Location: ./.worktrees/env-setup/core/quality_gate/stage_pass_generator.py:238:21
237	        try:
238	            result = subprocess.run(
239	                ["pytest", "--cov", "--cov-report=term-missing"],
240	                cwd=self.project_root,
241	                capture_output=True,
242	                text=True,
243	                timeout=300
244	            )
245	            evidence["coverage_passed"] = result.returncode == 0

--------------------------------------------------
>> Issue: [B603:subprocess_without_shell_equals_true] subprocess call - check for execution of untrusted input.
   Severity: Low   Confidence: High
   CWE: CWE-78 (https://cwe.mitre.org/data/definitions/78.html)
   More Info: https://bandit.readthedocs.io/en/1.8.6/plugins/b603_subprocess_without_shell_equals_true.html
   Location: ./.worktrees/env-setup/core/quality_gate/stage_pass_generator.py:238:21
237	        try:
238	            result = subprocess.run(
239	                ["pytest", "--cov", "--cov-report=term-missing"],
240	                cwd=self.project_root,
241	                capture_output=True,
242	                text=True,
243	                timeout=300
244	            )
245	            evidence["coverage_passed"] = result.returncode == 0

--------------------------------------------------
>> Issue: [B607:start_process_with_partial_path] Starting a process with a partial executable path
   Severity: Low   Confidence: High
   CWE: CWE-78 (https://cwe.mitre.org/data/definitions/78.html)
   More Info: https://bandit.readthedocs.io/en/1.8.6/plugins/b607_start_process_with_partial_path.html
   Location: ./.worktrees/env-setup/core/quality_gate/stage_pass_generator.py:496:12
495	        try:
496	            subprocess.run(["git", "add", str(output_path)], check=True, capture_output=True)
497	            msg = f"chore: Phase {self.phase} STAGE_PASS — {SKILL_REF}"

--------------------------------------------------
>> Issue: [B603:subprocess_without_shell_equals_true] subprocess call - check for execution of untrusted input.
   Severity: Low   Confidence: High
   CWE: CWE-78 (https://cwe.mitre.org/data/definitions/78.html)
   More Info: https://bandit.readthedocs.io/en/1.8.6/plugins/b603_subprocess_without_shell_equals_true.html
   Location: ./.worktrees/env-setup/core/quality_gate/stage_pass_generator.py:496:12
495	        try:
496	            subprocess.run(["git", "add", str(output_path)], check=True, capture_output=True)
497	            msg = f"chore: Phase {self.phase} STAGE_PASS — {SKILL_REF}"

--------------------------------------------------
>> Issue: [B607:start_process_with_partial_path] Starting a process with a partial executable path
   Severity: Low   Confidence: High
   CWE: CWE-78 (https://cwe.mitre.org/data/definitions/78.html)
   More Info: https://bandit.readthedocs.io/en/1.8.6/plugins/b607_start_process_with_partial_path.html
   Location: ./.worktrees/env-setup/core/quality_gate/stage_pass_generator.py:498:12
497	            msg = f"chore: Phase {self.phase} STAGE_PASS — {SKILL_REF}"
498	            subprocess.run(["git", "commit", "-m", msg], check=True, capture_output=True)
499	            subprocess.run(["git", "push"], check=True, capture_output=True)

--------------------------------------------------
>> Issue: [B603:subprocess_without_shell_equals_true] subprocess call - check for execution of untrusted input.
   Severity: Low   Confidence: High
   CWE: CWE-78 (https://cwe.mitre.org/data/definitions/78.html)
   More Info: https://bandit.readthedocs.io/en/1.8.6/plugins/b603_subprocess_without_shell_equals_true.html
   Location: ./.worktrees/env-setup/core/quality_gate/stage_pass_generator.py:498:12
497	            msg = f"chore: Phase {self.phase} STAGE_PASS — {SKILL_REF}"
498	            subprocess.run(["git", "commit", "-m", msg], check=True, capture_output=True)
499	            subprocess.run(["git", "push"], check=True, capture_output=True)

--------------------------------------------------
>> Issue: [B607:start_process_with_partial_path] Starting a process with a partial executable path
   Severity: Low   Confidence: High
   CWE: CWE-78 (https://cwe.mitre.org/data/definitions/78.html)
   More Info: https://bandit.readthedocs.io/en/1.8.6/plugins/b607_start_process_with_partial_path.html
   Location: ./.worktrees/env-setup/core/quality_gate/stage_pass_generator.py:499:12
498	            subprocess.run(["git", "commit", "-m", msg], check=True, capture_output=True)
499	            subprocess.run(["git", "push"], check=True, capture_output=True)
500	            

--------------------------------------------------
>> Issue: [B603:subprocess_without_shell_equals_true] subprocess call - check for execution of untrusted input.
   Severity: Low   Confidence: High
   CWE: CWE-78 (https://cwe.mitre.org/data/definitions/78.html)
   More Info: https://bandit.readthedocs.io/en/1.8.6/plugins/b603_subprocess_without_shell_equals_true.html
   Location: ./.worktrees/env-setup/core/quality_gate/stage_pass_generator.py:499:12
498	            subprocess.run(["git", "commit", "-m", msg], check=True, capture_output=True)
499	            subprocess.run(["git", "push"], check=True, capture_output=True)
500	            

--------------------------------------------------
>> Issue: [B607:start_process_with_partial_path] Starting a process with a partial executable path
   Severity: Low   Confidence: High
   CWE: CWE-78 (https://cwe.mitre.org/data/definitions/78.html)
   More Info: https://bandit.readthedocs.io/en/1.8.6/plugins/b607_start_process_with_partial_path.html
   Location: ./.worktrees/env-setup/core/quality_gate/stage_pass_generator.py:501:21
500	            
501	            result = subprocess.run(
502	                ["git", "rev-parse", "--short", "HEAD"],
503	                check=True,
504	                capture_output=True,
505	                text=True
506	            )
507	            commit_hash = result.stdout.strip()

--------------------------------------------------
>> Issue: [B603:subprocess_without_shell_equals_true] subprocess call - check for execution of untrusted input.
   Severity: Low   Confidence: High
   CWE: CWE-78 (https://cwe.mitre.org/data/definitions/78.html)
   More Info: https://bandit.readthedocs.io/en/1.8.6/plugins/b603_subprocess_without_shell_equals_true.html
   Location: ./.worktrees/env-setup/core/quality_gate/stage_pass_generator.py:501:21
500	            
501	            result = subprocess.run(
502	                ["git", "rev-parse", "--short", "HEAD"],
503	                check=True,
504	                capture_output=True,
505	                text=True
506	            )
507	            commit_hash = result.stdout.strip()

--------------------------------------------------
>> Issue: [B404:blacklist] Consider possible security implications associated with the subprocess module.
   Severity: Low   Confidence: High
   CWE: CWE-78 (https://cwe.mitre.org/data/definitions/78.html)
   More Info: https://bandit.readthedocs.io/en/1.8.6/blacklists/blacklist_imports.html#b404-import-subprocess
   Location: ./.worktrees/env-setup/core/quality_gate/stage_pass_generator.py:598:8
597	        
598	        import subprocess
599	        import os

--------------------------------------------------
>> Issue: [B607:start_process_with_partial_path] Starting a process with a partial executable path
   Severity: Low   Confidence: High
   CWE: CWE-78 (https://cwe.mitre.org/data/definitions/78.html)
   More Info: https://bandit.readthedocs.io/en/1.8.6/plugins/b607_start_process_with_partial_path.html
   Location: ./.worktrees/env-setup/core/quality_gate/stage_pass_generator.py:610:21
609	        try:
610	            result = subprocess.run(
611	                ["python3", sab_script, "--project", self.project_root],
612	                capture_output=True, text=True, timeout=60
613	            )
614	            if result.returncode == 0:

--------------------------------------------------
>> Issue: [B603:subprocess_without_shell_equals_true] subprocess call - check for execution of untrusted input.
   Severity: Low   Confidence: High
   CWE: CWE-78 (https://cwe.mitre.org/data/definitions/78.html)
   More Info: https://bandit.readthedocs.io/en/1.8.6/plugins/b603_subprocess_without_shell_equals_true.html
   Location: ./.worktrees/env-setup/core/quality_gate/stage_pass_generator.py:610:21
609	        try:
610	            result = subprocess.run(
611	                ["python3", sab_script, "--project", self.project_root],
612	                capture_output=True, text=True, timeout=60
613	            )
614	            if result.returncode == 0:

--------------------------------------------------
>> Issue: [B110:try_except_pass] Try, Except, Pass detected.
   Severity: Low   Confidence: High
   CWE: CWE-703 (https://cwe.mitre.org/data/definitions/703.html)
   More Info: https://bandit.readthedocs.io/en/1.8.6/plugins/b110_try_except_pass.html
   Location: ./.worktrees/env-setup/detection/drift_detector.py:179:12
178	                    implemented_frs.add(f"FR-{m.group(1).zfill(2)}")
179	            except Exception:
180	                pass
181	

--------------------------------------------------
>> Issue: [B103:set_bad_file_permissions] Chmod setting a permissive mask 0o755 on file (hook_path).
   Severity: Medium   Confidence: High
   CWE: CWE-732 (https://cwe.mitre.org/data/definitions/732.html)
   More Info: https://bandit.readthedocs.io/en/1.8.6/plugins/b103_set_bad_file_permissions.html
   Location: ./.worktrees/env-setup/enforcement/agent_proof_hook.py:143:8
142	            f.write(self.WRAPPER_TEMPLATE)
143	        os.chmod(self.hook_path, 0o755)
144	        print(f"  Hook wrapper installed: {self.hook_path}")

--------------------------------------------------
>> Issue: [B605:start_process_with_a_shell] Starting a process with a shell, possible injection detected, security issue.
   Severity: High   Confidence: High
   CWE: CWE-78 (https://cwe.mitre.org/data/definitions/78.html)
   More Info: https://bandit.readthedocs.io/en/1.8.6/plugins/b605_start_process_with_a_shell.html
   Location: ./.worktrees/env-setup/enforcement/agent_proof_hook.py:149:12
148	        try:
149	            os.system(f"chattr +i {self.hook_path} 2>/dev/null")
150	            if os.path.exists("/usr/bin/lsattr"):

--------------------------------------------------
>> Issue: [B605:start_process_with_a_shell] Starting a process with a shell, possible injection detected, security issue.
   Severity: High   Confidence: High
   CWE: CWE-78 (https://cwe.mitre.org/data/definitions/78.html)
   More Info: https://bandit.readthedocs.io/en/1.8.6/plugins/b605_start_process_with_a_shell.html
   Location: ./.worktrees/env-setup/enforcement/agent_proof_hook.py:151:16
150	            if os.path.exists("/usr/bin/lsattr"):
151	                os.system(f"lsattr {self.hook_path} 2>/dev/null")
152	            print("  Immutable attribute set (if supported)")

--------------------------------------------------
>> Issue: [B110:try_except_pass] Try, Except, Pass detected.
   Severity: Low   Confidence: High
   CWE: CWE-703 (https://cwe.mitre.org/data/definitions/703.html)
   More Info: https://bandit.readthedocs.io/en/1.8.6/plugins/b110_try_except_pass.html
   Location: ./.worktrees/env-setup/enforcement/agent_proof_hook.py:153:8
152	            print("  Immutable attribute set (if supported)")
153	        except Exception:
154	            pass
155	

--------------------------------------------------
>> Issue: [B605:start_process_with_a_shell] Starting a process with a shell, possible injection detected, security issue.
   Severity: High   Confidence: High
   CWE: CWE-78 (https://cwe.mitre.org/data/definitions/78.html)
   More Info: https://bandit.readthedocs.io/en/1.8.6/plugins/b605_start_process_with_a_shell.html
   Location: ./.worktrees/env-setup/enforcement/agent_proof_hook.py:180:12
179	        try:
180	            os.system(f"chattr -i {self.hook_path} 2>/dev/null")
181	        except Exception:

--------------------------------------------------
>> Issue: [B110:try_except_pass] Try, Except, Pass detected.
   Severity: Low   Confidence: High
   CWE: CWE-703 (https://cwe.mitre.org/data/definitions/703.html)
   More Info: https://bandit.readthedocs.io/en/1.8.6/plugins/b110_try_except_pass.html
   Location: ./.worktrees/env-setup/enforcement/agent_proof_hook.py:181:8
180	            os.system(f"chattr -i {self.hook_path} 2>/dev/null")
181	        except Exception:
182	            pass
183	        if self.core_path.exists():

--------------------------------------------------
>> Issue: [B405:blacklist] Using xml.etree.ElementTree to parse untrusted XML data is known to be vulnerable to XML attacks. Replace xml.etree.ElementTree with the equivalent defusedxml package, or make sure defusedxml.defuse_stdlib() is called.
   Severity: Low   Confidence: High
   CWE: CWE-20 (https://cwe.mitre.org/data/definitions/20.html)
   More Info: https://bandit.readthedocs.io/en/1.8.6/blacklists/blacklist_imports.html#b405-import-xml-etree
   Location: ./.worktrees/env-setup/enforcement/framework_enforcer.py:151:8
150	            return {"passed": False, "coverage": 0, "threshold": DEFAULT_THRESHOLD, "message": "coverage report not found"}
151	        import xml.etree.ElementTree as ET
152	        try:

--------------------------------------------------
>> Issue: [B314:blacklist] Using xml.etree.ElementTree.parse to parse untrusted XML data is known to be vulnerable to XML attacks. Replace xml.etree.ElementTree.parse with its defusedxml equivalent function or make sure defusedxml.defuse_stdlib() is called
   Severity: Medium   Confidence: High
   CWE: CWE-20 (https://cwe.mitre.org/data/definitions/20.html)
   More Info: https://bandit.readthedocs.io/en/1.8.6/blacklists/blacklist_calls.html#b313-b320-xml-bad-elementtree
   Location: ./.worktrees/env-setup/enforcement/framework_enforcer.py:153:19
152	        try:
153	            tree = ET.parse(coverage_file)
154	            coverage = float(tree.getroot().attrib.get("line-rate", 0)) * 100

--------------------------------------------------
>> Issue: [B404:blacklist] Consider possible security implications associated with the subprocess module.
   Severity: Low   Confidence: High
   CWE: CWE-78 (https://cwe.mitre.org/data/definitions/78.html)
   More Info: https://bandit.readthedocs.io/en/1.8.6/blacklists/blacklist_imports.html#b404-import-subprocess
   Location: ./.worktrees/env-setup/enforcement/policy_engine.py:169:8
168	    def _check_aspice_docs(self) -> bool:
169	        import subprocess
170	        doc_checker_path = os.path.join(

--------------------------------------------------
>> Issue: [B607:start_process_with_partial_path] Starting a process with a partial executable path
   Severity: Low   Confidence: High
   CWE: CWE-78 (https://cwe.mitre.org/data/definitions/78.html)
   More Info: https://bandit.readthedocs.io/en/1.8.6/plugins/b607_start_process_with_partial_path.html
   Location: ./.worktrees/env-setup/enforcement/policy_engine.py:177:21
176	        try:
177	            result = subprocess.run(
178	                ["python3", doc_checker_path, "--format", "json"],
179	                capture_output=True, text=True, timeout=30
180	            )
181	            if result.returncode == 0:

--------------------------------------------------
>> Issue: [B603:subprocess_without_shell_equals_true] subprocess call - check for execution of untrusted input.
   Severity: Low   Confidence: High
   CWE: CWE-78 (https://cwe.mitre.org/data/definitions/78.html)
   More Info: https://bandit.readthedocs.io/en/1.8.6/plugins/b603_subprocess_without_shell_equals_true.html
   Location: ./.worktrees/env-setup/enforcement/policy_engine.py:177:21
176	        try:
177	            result = subprocess.run(
178	                ["python3", doc_checker_path, "--format", "json"],
179	                capture_output=True, text=True, timeout=30
180	            )
181	            if result.returncode == 0:

--------------------------------------------------
>> Issue: [B404:blacklist] Consider possible security implications associated with the subprocess module.
   Severity: Low   Confidence: High
   CWE: CWE-78 (https://cwe.mitre.org/data/definitions/78.html)
   More Info: https://bandit.readthedocs.io/en/1.8.6/blacklists/blacklist_imports.html#b404-import-subprocess
   Location: ./.worktrees/env-setup/enforcement/policy_engine.py:189:8
188	    def _check_phase_artifacts(self) -> bool:
189	        import subprocess
190	        enforcer_path = os.path.join(

--------------------------------------------------
>> Issue: [B607:start_process_with_partial_path] Starting a process with a partial executable path
   Severity: Low   Confidence: High
   CWE: CWE-78 (https://cwe.mitre.org/data/definitions/78.html)
   More Info: https://bandit.readthedocs.io/en/1.8.6/plugins/b607_start_process_with_partial_path.html
   Location: ./.worktrees/env-setup/enforcement/policy_engine.py:197:21
196	        try:
197	            result = subprocess.run(
198	                ["python3", enforcer_path, "--json"],
199	                capture_output=True, text=True, timeout=30
200	            )
201	            return result.returncode == 0

--------------------------------------------------
>> Issue: [B603:subprocess_without_shell_equals_true] subprocess call - check for execution of untrusted input.
   Severity: Low   Confidence: High
   CWE: CWE-78 (https://cwe.mitre.org/data/definitions/78.html)
   More Info: https://bandit.readthedocs.io/en/1.8.6/plugins/b603_subprocess_without_shell_equals_true.html
   Location: ./.worktrees/env-setup/enforcement/policy_engine.py:197:21
196	        try:
197	            result = subprocess.run(
198	                ["python3", enforcer_path, "--json"],
199	                capture_output=True, text=True, timeout=30
200	            )
201	            return result.returncode == 0

--------------------------------------------------
>> Issue: [B110:try_except_pass] Try, Except, Pass detected.
   Severity: Low   Confidence: High
   CWE: CWE-703 (https://cwe.mitre.org/data/definitions/703.html)
   More Info: https://bandit.readthedocs.io/en/1.8.6/plugins/b110_try_except_pass.html
   Location: ./.worktrees/env-setup/gap_detector/detector.py:80:12
79	                self._gaps.extend(fn())
80	            except Exception:
81	                pass
82	        try:

--------------------------------------------------
>> Issue: [B110:try_except_pass] Try, Except, Pass detected.
   Severity: Low   Confidence: High
   CWE: CWE-703 (https://cwe.mitre.org/data/definitions/703.html)
   More Info: https://bandit.readthedocs.io/en/1.8.6/plugins/b110_try_except_pass.html
   Location: ./.worktrees/env-setup/gap_detector/detector.py:84:8
83	            self._mark_downstream_effects()
84	        except Exception:
85	            pass
86	        return self._gaps

--------------------------------------------------
>> Issue: [B404:blacklist] Consider possible security implications associated with the subprocess module.
   Severity: Low   Confidence: High
   CWE: CWE-78 (https://cwe.mitre.org/data/definitions/78.html)
   More Info: https://bandit.readthedocs.io/en/1.8.6/blacklists/blacklist_imports.html#b404-import-subprocess
   Location: ./.worktrees/env-setup/harness/crg_bridge.py:7:0
6	import os
7	import subprocess
8	from pathlib import Path

--------------------------------------------------
>> Issue: [B607:start_process_with_partial_path] Starting a process with a partial executable path
   Severity: Low   Confidence: High
   CWE: CWE-78 (https://cwe.mitre.org/data/definitions/78.html)
   More Info: https://bandit.readthedocs.io/en/1.8.6/plugins/b607_start_process_with_partial_path.html
   Location: ./.worktrees/env-setup/harness/crg_bridge.py:18:16
17	        if self._available is None:
18	            r = subprocess.run(
19	                ["python3", "-c", "import mcp__code_review_graph"],
20	                capture_output=True,
21	            )
22	            self._available = r.returncode == 0

--------------------------------------------------
>> Issue: [B603:subprocess_without_shell_equals_true] subprocess call - check for execution of untrusted input.
   Severity: Low   Confidence: High
   CWE: CWE-78 (https://cwe.mitre.org/data/definitions/78.html)
   More Info: https://bandit.readthedocs.io/en/1.8.6/plugins/b603_subprocess_without_shell_equals_true.html
   Location: ./.worktrees/env-setup/harness/crg_bridge.py:18:16
17	        if self._available is None:
18	            r = subprocess.run(
19	                ["python3", "-c", "import mcp__code_review_graph"],
20	                capture_output=True,
21	            )
22	            self._available = r.returncode == 0

--------------------------------------------------
>> Issue: [B607:start_process_with_partial_path] Starting a process with a partial executable path
   Severity: Low   Confidence: High
   CWE: CWE-78 (https://cwe.mitre.org/data/definitions/78.html)
   More Info: https://bandit.readthedocs.io/en/1.8.6/plugins/b607_start_process_with_partial_path.html
   Location: ./.worktrees/env-setup/harness/crg_bridge.py:30:8
29	            return {}
30	        subprocess.run(
31	            ["python3", "scripts/crg_integration.py", "ensure", project_root],
32	            capture_output=True, text=True, cwd=self._ssi_root(),
33	        )
34	        p = Path(project_root) / ".sessi-work" / "crg_reconnaissance.json"

--------------------------------------------------
>> Issue: [B603:subprocess_without_shell_equals_true] subprocess call - check for execution of untrusted input.
   Severity: Low   Confidence: High
   CWE: CWE-78 (https://cwe.mitre.org/data/definitions/78.html)
   More Info: https://bandit.readthedocs.io/en/1.8.6/plugins/b603_subprocess_without_shell_equals_true.html
   Location: ./.worktrees/env-setup/harness/crg_bridge.py:30:8
29	            return {}
30	        subprocess.run(
31	            ["python3", "scripts/crg_integration.py", "ensure", project_root],
32	            capture_output=True, text=True, cwd=self._ssi_root(),
33	        )
34	        p = Path(project_root) / ".sessi-work" / "crg_reconnaissance.json"

--------------------------------------------------
>> Issue: [B607:start_process_with_partial_path] Starting a process with a partial executable path
   Severity: Low   Confidence: High
   CWE: CWE-78 (https://cwe.mitre.org/data/definitions/78.html)
   More Info: https://bandit.readthedocs.io/en/1.8.6/plugins/b607_start_process_with_partial_path.html
   Location: ./.worktrees/env-setup/harness/crg_bridge.py:42:12
41	            return {}
42	        r = subprocess.run(
43	            ["python3", "scripts/crg_integration.py", "context", project_root, dimension],
44	            capture_output=True, text=True, cwd=self._ssi_root(),
45	        )
46	        try:

--------------------------------------------------
>> Issue: [B603:subprocess_without_shell_equals_true] subprocess call - check for execution of untrusted input.
   Severity: Low   Confidence: High
   CWE: CWE-78 (https://cwe.mitre.org/data/definitions/78.html)
   More Info: https://bandit.readthedocs.io/en/1.8.6/plugins/b603_subprocess_without_shell_equals_true.html
   Location: ./.worktrees/env-setup/harness/crg_bridge.py:42:12
41	            return {}
42	        r = subprocess.run(
43	            ["python3", "scripts/crg_integration.py", "context", project_root, dimension],
44	            capture_output=True, text=True, cwd=self._ssi_root(),
45	        )
46	        try:

--------------------------------------------------
>> Issue: [B607:start_process_with_partial_path] Starting a process with a partial executable path
   Severity: Low   Confidence: High
   CWE: CWE-78 (https://cwe.mitre.org/data/definitions/78.html)
   More Info: https://bandit.readthedocs.io/en/1.8.6/plugins/b607_start_process_with_partial_path.html
   Location: ./.worktrees/env-setup/harness/crg_bridge.py:56:12
55	            return False
56	        r = subprocess.run(
57	            ["python3", "scripts/crg_integration.py", "risky",
58	             project_root, ref, str(threshold)],
59	            capture_output=True, cwd=self._ssi_root(),
60	        )
61	        return r.returncode == 1   # convention: 1=risky, 0=safe

--------------------------------------------------
>> Issue: [B603:subprocess_without_shell_equals_true] subprocess call - check for execution of untrusted input.
   Severity: Low   Confidence: High
   CWE: CWE-78 (https://cwe.mitre.org/data/definitions/78.html)
   More Info: https://bandit.readthedocs.io/en/1.8.6/plugins/b603_subprocess_without_shell_equals_true.html
   Location: ./.worktrees/env-setup/harness/crg_bridge.py:56:12
55	            return False
56	        r = subprocess.run(
57	            ["python3", "scripts/crg_integration.py", "risky",
58	             project_root, ref, str(threshold)],
59	            capture_output=True, cwd=self._ssi_root(),
60	        )
61	        return r.returncode == 1   # convention: 1=risky, 0=safe

--------------------------------------------------
>> Issue: [B110:try_except_pass] Try, Except, Pass detected.
   Severity: Low   Confidence: High
   CWE: CWE-703 (https://cwe.mitre.org/data/definitions/703.html)
   More Info: https://bandit.readthedocs.io/en/1.8.6/plugins/b110_try_except_pass.html
   Location: ./.worktrees/env-setup/harness/decision_log.py:57:12
56	                )
57	            except Exception:
58	                pass
59	        return entries

--------------------------------------------------
>> Issue: [B108:hardcoded_tmp_directory] Probable insecure usage of temp file/directory.
   Severity: Medium   Confidence: Medium
   CWE: CWE-377 (https://cwe.mitre.org/data/definitions/377.html)
   More Info: https://bandit.readthedocs.io/en/1.8.6/plugins/b108_hardcoded_tmp_directory.html
   Location: ./.worktrees/env-setup/kill_switch/audit_logger.py:31:38
30	
31	    def __init__(self, log_dir: str = "/tmp/kill_switch_logs"):
32	        self.log_dir = log_dir

--------------------------------------------------
>> Issue: [B311:blacklist] Standard pseudo-random generators are not suitable for security/cryptographic purposes.
   Severity: Low   Confidence: High
   CWE: CWE-330 (https://cwe.mitre.org/data/definitions/330.html)
   More Info: https://bandit.readthedocs.io/en/1.8.6/blacklists/blacklist_calls.html#b311-random
   Location: ./.worktrees/env-setup/kill_switch/health_monitor.py:53:23
52	            agent_id=agent_id,
53	            error_rate=random.uniform(0.0, 0.15),
54	            latency_p99_ms=random.uniform(100.0, 6000.0),

--------------------------------------------------
>> Issue: [B311:blacklist] Standard pseudo-random generators are not suitable for security/cryptographic purposes.
   Severity: Low   Confidence: High
   CWE: CWE-330 (https://cwe.mitre.org/data/definitions/330.html)
   More Info: https://bandit.readthedocs.io/en/1.8.6/blacklists/blacklist_calls.html#b311-random
   Location: ./.worktrees/env-setup/kill_switch/health_monitor.py:54:27
53	            error_rate=random.uniform(0.0, 0.15),
54	            latency_p99_ms=random.uniform(100.0, 6000.0),
55	            memory_usage_percent=random.uniform(30.0, 95.0),

--------------------------------------------------
>> Issue: [B311:blacklist] Standard pseudo-random generators are not suitable for security/cryptographic purposes.
   Severity: Low   Confidence: High
   CWE: CWE-330 (https://cwe.mitre.org/data/definitions/330.html)
   More Info: https://bandit.readthedocs.io/en/1.8.6/blacklists/blacklist_calls.html#b311-random
   Location: ./.worktrees/env-setup/kill_switch/health_monitor.py:55:33
54	            latency_p99_ms=random.uniform(100.0, 6000.0),
55	            memory_usage_percent=random.uniform(30.0, 95.0),
56	            output_rate_kbps=random.uniform(10.0, 150.0),

--------------------------------------------------
>> Issue: [B311:blacklist] Standard pseudo-random generators are not suitable for security/cryptographic purposes.
   Severity: Low   Confidence: High
   CWE: CWE-330 (https://cwe.mitre.org/data/definitions/330.html)
   More Info: https://bandit.readthedocs.io/en/1.8.6/blacklists/blacklist_calls.html#b311-random
   Location: ./.worktrees/env-setup/kill_switch/health_monitor.py:56:29
55	            memory_usage_percent=random.uniform(30.0, 95.0),
56	            output_rate_kbps=random.uniform(10.0, 150.0),
57	            last_health_check=now,

--------------------------------------------------
>> Issue: [B404:blacklist] Consider possible security implications associated with the subprocess module.
   Severity: Low   Confidence: High
   CWE: CWE-78 (https://cwe.mitre.org/data/definitions/78.html)
   More Info: https://bandit.readthedocs.io/en/1.8.6/blacklists/blacklist_imports.html#b404-import-subprocess
   Location: ./.worktrees/env-setup/quality_dashboard/agent_auto_research.py:22:0
21	import json
22	import subprocess
23	import sys

--------------------------------------------------
>> Issue: [B404:blacklist] Consider possible security implications associated with the subprocess module.
   Severity: Low   Confidence: High
   CWE: CWE-78 (https://cwe.mitre.org/data/definitions/78.html)
   More Info: https://bandit.readthedocs.io/en/1.8.6/blacklists/blacklist_imports.html#b404-import-subprocess
   Location: ./.worktrees/env-setup/quality_dashboard/agent_auto_research.py:258:12
257	        try:
258	            import subprocess
259	            stats_str = json.dumps(stats, indent=2)

--------------------------------------------------
>> Issue: [B607:start_process_with_partial_path] Starting a process with a partial executable path
   Severity: Low   Confidence: High
   CWE: CWE-78 (https://cwe.mitre.org/data/definitions/78.html)
   More Info: https://bandit.readthedocs.io/en/1.8.6/plugins/b607_start_process_with_partial_path.html
   Location: ./.worktrees/env-setup/quality_dashboard/agent_auto_research.py:262:12
261	            # Stage all changes
262	            subprocess.run(['git', 'add', '-A'], cwd=self.project_path, check=False)
263	

--------------------------------------------------
>> Issue: [B603:subprocess_without_shell_equals_true] subprocess call - check for execution of untrusted input.
   Severity: Low   Confidence: High
   CWE: CWE-78 (https://cwe.mitre.org/data/definitions/78.html)
   More Info: https://bandit.readthedocs.io/en/1.8.6/plugins/b603_subprocess_without_shell_equals_true.html
   Location: ./.worktrees/env-setup/quality_dashboard/agent_auto_research.py:262:12
261	            # Stage all changes
262	            subprocess.run(['git', 'add', '-A'], cwd=self.project_path, check=False)
263	

--------------------------------------------------
>> Issue: [B607:start_process_with_partial_path] Starting a process with a partial executable path
   Severity: Low   Confidence: High
   CWE: CWE-78 (https://cwe.mitre.org/data/definitions/78.html)
   More Info: https://bandit.readthedocs.io/en/1.8.6/plugins/b607_start_process_with_partial_path.html
   Location: ./.worktrees/env-setup/quality_dashboard/agent_auto_research.py:277:21
276	
277	            result = subprocess.run(['git', 'commit', '-m', msg],
278	                                     cwd=self.project_path,
279	                                     capture_output=True, text=True)
280	

--------------------------------------------------
>> Issue: [B603:subprocess_without_shell_equals_true] subprocess call - check for execution of untrusted input.
   Severity: Low   Confidence: High
   CWE: CWE-78 (https://cwe.mitre.org/data/definitions/78.html)
   More Info: https://bandit.readthedocs.io/en/1.8.6/plugins/b603_subprocess_without_shell_equals_true.html
   Location: ./.worktrees/env-setup/quality_dashboard/agent_auto_research.py:277:21
276	
277	            result = subprocess.run(['git', 'commit', '-m', msg],
278	                                     cwd=self.project_path,
279	                                     capture_output=True, text=True)
280	

--------------------------------------------------
>> Issue: [B603:subprocess_without_shell_equals_true] subprocess call - check for execution of untrusted input.
   Severity: Low   Confidence: High
   CWE: CWE-78 (https://cwe.mitre.org/data/definitions/78.html)
   More Info: https://bandit.readthedocs.io/en/1.8.6/plugins/b603_subprocess_without_shell_equals_true.html
   Location: ./.worktrees/env-setup/quality_dashboard/agent_auto_research.py:349:21
348	        try:
349	            result = subprocess.run(
350	                tool_cmd,
351	                cwd=cwd,
352	                capture_output=True,
353	                text=True,
354	                timeout=120
355	            )
356	            return result.stdout, result.stderr, result.returncode

--------------------------------------------------
>> Issue: [B110:try_except_pass] Try, Except, Pass detected.
   Severity: Low   Confidence: High
   CWE: CWE-703 (https://cwe.mitre.org/data/definitions/703.html)
   More Info: https://bandit.readthedocs.io/en/1.8.6/plugins/b110_try_except_pass.html
   Location: ./.worktrees/env-setup/quality_dashboard/agent_auto_research.py:430:16
429	                        return "MEDIUM"
430	                except:
431	                    pass
432	            return "LOW"

--------------------------------------------------
>> Issue: [B607:start_process_with_partial_path] Starting a process with a partial executable path
   Severity: Low   Confidence: High
   CWE: CWE-78 (https://cwe.mitre.org/data/definitions/78.html)
   More Info: https://bandit.readthedocs.io/en/1.8.6/plugins/b607_start_process_with_partial_path.html
   Location: ./.worktrees/env-setup/quality_dashboard/agent_auto_research.py:631:17
630	        _dashboard_dir = str(Path(__file__).parent)
631	        result = subprocess.run(
632	            ["python3", "-c", f"""
633	import sys
634	sys.path.insert(0, '{_dashboard_dir}')
635	from dashboard import QualityDashboard
636	dashboard = QualityDashboard('{self.project_path}')
637	result = dashboard.run_evaluation()
638	print(result.total_score)
639	for k, v in result.dimensions.items():
640	    print(f'{{k}}={{v.score}}')
641	"""],
642	            capture_output=True, text=True, timeout=120,
643	            cwd=str(self.project_path)
644	        )
645	

--------------------------------------------------
>> Issue: [B603:subprocess_without_shell_equals_true] subprocess call - check for execution of untrusted input.
   Severity: Low   Confidence: High
   CWE: CWE-78 (https://cwe.mitre.org/data/definitions/78.html)
   More Info: https://bandit.readthedocs.io/en/1.8.6/plugins/b603_subprocess_without_shell_equals_true.html
   Location: ./.worktrees/env-setup/quality_dashboard/agent_auto_research.py:631:17
630	        _dashboard_dir = str(Path(__file__).parent)
631	        result = subprocess.run(
632	            ["python3", "-c", f"""
633	import sys
634	sys.path.insert(0, '{_dashboard_dir}')
635	from dashboard import QualityDashboard
636	dashboard = QualityDashboard('{self.project_path}')
637	result = dashboard.run_evaluation()
638	print(result.total_score)
639	for k, v in result.dimensions.items():
640	    print(f'{{k}}={{v.score}}')
641	"""],
642	            capture_output=True, text=True, timeout=120,
643	            cwd=str(self.project_path)
644	        )
645	

--------------------------------------------------
>> Issue: [B110:try_except_pass] Try, Except, Pass detected.
   Severity: Low   Confidence: High
   CWE: CWE-703 (https://cwe.mitre.org/data/definitions/703.html)
   More Info: https://bandit.readthedocs.io/en/1.8.6/plugins/b110_try_except_pass.html
   Location: ./.worktrees/env-setup/quality_dashboard/agent_auto_research.py:652:16
651	                    scores[dim] = float(score)
652	                except:
653	                    pass
654	

--------------------------------------------------
>> Issue: [B607:start_process_with_partial_path] Starting a process with a partial executable path
   Severity: Low   Confidence: High
   CWE: CWE-78 (https://cwe.mitre.org/data/definitions/78.html)
   More Info: https://bandit.readthedocs.io/en/1.8.6/plugins/b607_start_process_with_partial_path.html
   Location: ./.worktrees/env-setup/quality_dashboard/agent_auto_research.py:663:13
662	        # D1: Linting
663	        r1 = subprocess.run(["ruff", "check", str(self.project_path), "--ignore=D100,E501,F401"],
664	                          capture_output=True, text=True)
665	        scores["D1_Linting"] = 100 if not r1.stdout.strip() else 85

--------------------------------------------------
>> Issue: [B603:subprocess_without_shell_equals_true] subprocess call - check for execution of untrusted input.
   Severity: Low   Confidence: High
   CWE: CWE-78 (https://cwe.mitre.org/data/definitions/78.html)
   More Info: https://bandit.readthedocs.io/en/1.8.6/plugins/b603_subprocess_without_shell_equals_true.html
   Location: ./.worktrees/env-setup/quality_dashboard/agent_auto_research.py:663:13
662	        # D1: Linting
663	        r1 = subprocess.run(["ruff", "check", str(self.project_path), "--ignore=D100,E501,F401"],
664	                          capture_output=True, text=True)
665	        scores["D1_Linting"] = 100 if not r1.stdout.strip() else 85

--------------------------------------------------
>> Issue: [B607:start_process_with_partial_path] Starting a process with a partial executable path
   Severity: Low   Confidence: High
   CWE: CWE-78 (https://cwe.mitre.org/data/definitions/78.html)
   More Info: https://bandit.readthedocs.io/en/1.8.6/plugins/b607_start_process_with_partial_path.html
   Location: ./.worktrees/env-setup/quality_dashboard/agent_auto_research.py:668:13
667	        # D2: Type Safety
668	        r2 = subprocess.run(["mypy", str(self.project_path), "--ignore-missing-imports"],
669	                          capture_output=True, text=True)
670	        error_count = r2.stdout.count(": error:")

--------------------------------------------------
>> Issue: [B603:subprocess_without_shell_equals_true] subprocess call - check for execution of untrusted input.
   Severity: Low   Confidence: High
   CWE: CWE-78 (https://cwe.mitre.org/data/definitions/78.html)
   More Info: https://bandit.readthedocs.io/en/1.8.6/plugins/b603_subprocess_without_shell_equals_true.html
   Location: ./.worktrees/env-setup/quality_dashboard/agent_auto_research.py:668:13
667	        # D2: Type Safety
668	        r2 = subprocess.run(["mypy", str(self.project_path), "--ignore-missing-imports"],
669	                          capture_output=True, text=True)
670	        error_count = r2.stdout.count(": error:")

--------------------------------------------------
>> Issue: [B607:start_process_with_partial_path] Starting a process with a partial executable path
   Severity: Low   Confidence: High
   CWE: CWE-78 (https://cwe.mitre.org/data/definitions/78.html)
   More Info: https://bandit.readthedocs.io/en/1.8.6/plugins/b607_start_process_with_partial_path.html
   Location: ./.worktrees/env-setup/quality_dashboard/agent_auto_research.py:677:13
676	        # D4: Security
677	        r4 = subprocess.run(["bandit", "-r", str(self.project_path), "-f", "json"],
678	                          capture_output=True, text=True, timeout=30)
679	        try:

--------------------------------------------------
>> Issue: [B603:subprocess_without_shell_equals_true] subprocess call - check for execution of untrusted input.
   Severity: Low   Confidence: High
   CWE: CWE-78 (https://cwe.mitre.org/data/definitions/78.html)
   More Info: https://bandit.readthedocs.io/en/1.8.6/plugins/b603_subprocess_without_shell_equals_true.html
   Location: ./.worktrees/env-setup/quality_dashboard/agent_auto_research.py:677:13
676	        # D4: Security
677	        r4 = subprocess.run(["bandit", "-r", str(self.project_path), "-f", "json"],
678	                          capture_output=True, text=True, timeout=30)
679	        try:

--------------------------------------------------
>> Issue: [B112:try_except_continue] Try, Except, Continue detected.
   Severity: Low   Confidence: High
   CWE: CWE-703 (https://cwe.mitre.org/data/definitions/703.html)
   More Info: https://bandit.readthedocs.io/en/1.8.6/plugins/b112_try_except_continue.html
   Location: ./.worktrees/env-setup/quality_dashboard/agent_auto_research.py:926:12
925	
926	            except:
927	                continue
928	

--------------------------------------------------
>> Issue: [B404:blacklist] Consider possible security implications associated with the subprocess module.
   Severity: Low   Confidence: High
   CWE: CWE-78 (https://cwe.mitre.org/data/definitions/78.html)
   More Info: https://bandit.readthedocs.io/en/1.8.6/blacklists/blacklist_imports.html#b404-import-subprocess
   Location: ./.worktrees/env-setup/quality_dashboard/auto_research_loop.py:17:0
16	import json
17	import subprocess
18	import sys

--------------------------------------------------
>> Issue: [B112:try_except_continue] Try, Except, Continue detected.
   Severity: Low   Confidence: High
   CWE: CWE-703 (https://cwe.mitre.org/data/definitions/703.html)
   More Info: https://bandit.readthedocs.io/en/1.8.6/plugins/b112_try_except_continue.html
   Location: ./.worktrees/env-setup/quality_dashboard/auto_research_loop.py:123:12
122	                    ))
123	            except Exception as e:
124	                continue
125	

--------------------------------------------------
>> Issue: [B110:try_except_pass] Try, Except, Pass detected.
   Severity: Low   Confidence: High
   CWE: CWE-703 (https://cwe.mitre.org/data/definitions/703.html)
   More Info: https://bandit.readthedocs.io/en/1.8.6/plugins/b110_try_except_pass.html
   Location: ./.worktrees/env-setup/quality_dashboard/auto_research_loop.py:143:8
142	                imports.append(module_import)
143	        except:
144	            pass
145	

--------------------------------------------------
>> Issue: [B607:start_process_with_partial_path] Starting a process with a partial executable path
   Severity: Low   Confidence: High
   CWE: CWE-78 (https://cwe.mitre.org/data/definitions/78.html)
   More Info: https://bandit.readthedocs.io/en/1.8.6/plugins/b607_start_process_with_partial_path.html
   Location: ./.worktrees/env-setup/quality_dashboard/auto_research_loop.py:200:17
199	        # run ruff check to get errors
200	        result = subprocess.run(
201	            ["ruff", "check", str(self.dashboard.project_path), "--ignore=D100,E501,F401"],
202	            capture_output=True, text=True
203	        )
204	

--------------------------------------------------
>> Issue: [B603:subprocess_without_shell_equals_true] subprocess call - check for execution of untrusted input.
   Severity: Low   Confidence: High
   CWE: CWE-78 (https://cwe.mitre.org/data/definitions/78.html)
   More Info: https://bandit.readthedocs.io/en/1.8.6/plugins/b603_subprocess_without_shell_equals_true.html
   Location: ./.worktrees/env-setup/quality_dashboard/auto_research_loop.py:200:17
199	        # run ruff check to get errors
200	        result = subprocess.run(
201	            ["ruff", "check", str(self.dashboard.project_path), "--ignore=D100,E501,F401"],
202	            capture_output=True, text=True
203	        )
204	

--------------------------------------------------
>> Issue: [B607:start_process_with_partial_path] Starting a process with a partial executable path
   Severity: Low   Confidence: High
   CWE: CWE-78 (https://cwe.mitre.org/data/definitions/78.html)
   More Info: https://bandit.readthedocs.io/en/1.8.6/plugins/b607_start_process_with_partial_path.html
   Location: ./.worktrees/env-setup/quality_dashboard/auto_research_loop.py:230:17
229	        # use ruff --fix for auto-fix
230	        result = subprocess.run(
231	            ["ruff", "check", str(self.dashboard.project_path), "--fix", "--ignore=D100,E501"],
232	            capture_output=True, text=True
233	        )
234	        action.executed = True

--------------------------------------------------
>> Issue: [B603:subprocess_without_shell_equals_true] subprocess call - check for execution of untrusted input.
   Severity: Low   Confidence: High
   CWE: CWE-78 (https://cwe.mitre.org/data/definitions/78.html)
   More Info: https://bandit.readthedocs.io/en/1.8.6/plugins/b603_subprocess_without_shell_equals_true.html
   Location: ./.worktrees/env-setup/quality_dashboard/auto_research_loop.py:230:17
229	        # use ruff --fix for auto-fix
230	        result = subprocess.run(
231	            ["ruff", "check", str(self.dashboard.project_path), "--fix", "--ignore=D100,E501"],
232	            capture_output=True, text=True
233	        )
234	        action.executed = True

--------------------------------------------------
>> Issue: [B404:blacklist] Consider possible security implications associated with the subprocess module.
   Severity: Low   Confidence: High
   CWE: CWE-78 (https://cwe.mitre.org/data/definitions/78.html)
   More Info: https://bandit.readthedocs.io/en/1.8.6/blacklists/blacklist_imports.html#b404-import-subprocess
   Location: ./.worktrees/env-setup/quality_dashboard/dashboard.py:13:0
12	import json
13	import subprocess
14	import sys

--------------------------------------------------
>> Issue: [B603:subprocess_without_shell_equals_true] subprocess call - check for execution of untrusted input.
   Severity: Low   Confidence: High
   CWE: CWE-78 (https://cwe.mitre.org/data/definitions/78.html)
   More Info: https://bandit.readthedocs.io/en/1.8.6/plugins/b603_subprocess_without_shell_equals_true.html
   Location: ./.worktrees/env-setup/quality_dashboard/dashboard.py:52:17
51	    try:
52	        result = subprocess.run(cmd, capture_output=True, text=True, timeout=timeout, cwd=cwd)
53	        return result.stdout, result.stderr, result.returncode

--------------------------------------------------
>> Issue: [B112:try_except_continue] Try, Except, Continue detected.
   Severity: Low   Confidence: High
   CWE: CWE-703 (https://cwe.mitre.org/data/definitions/703.html)
   More Info: https://bandit.readthedocs.io/en/1.8.6/plugins/b112_try_except_continue.html
   Location: ./.worktrees/env-setup/quality_dashboard/dashboard.py:137:20
136	                            hotspots[file_path] = cc
137	                    except:
138	                        continue
139	        avg_cc = statistics.mean(hotspots.values()) if hotspots else 0

--------------------------------------------------
>> Issue: [B112:try_except_continue] Try, Except, Continue detected.
   Severity: Low   Confidence: High
   CWE: CWE-703 (https://cwe.mitre.org/data/definitions/703.html)
   More Info: https://bandit.readthedocs.io/en/1.8.6/plugins/b112_try_except_continue.html
   Location: ./.worktrees/env-setup/quality_dashboard/dashboard.py:187:16
186	                    catch_count += int(line.split(':')[1])
187	                except:
188	                    continue
189	        score = min(100, 50 + catch_count * 2)

--------------------------------------------------
>> Issue: [B404:blacklist] Consider possible security implications associated with the subprocess module.
   Severity: Low   Confidence: High
   CWE: CWE-78 (https://cwe.mitre.org/data/definitions/78.html)
   More Info: https://bandit.readthedocs.io/en/1.8.6/blacklists/blacklist_imports.html#b404-import-subprocess
   Location: ./.worktrees/env-setup/scripts/check_fr_full.py:27:0
26	import argparse
27	import subprocess
28	import sys

--------------------------------------------------
>> Issue: [B607:start_process_with_partial_path] Starting a process with a partial executable path
   Severity: Low   Confidence: High
   CWE: CWE-78 (https://cwe.mitre.org/data/definitions/78.html)
   More Info: https://bandit.readthedocs.io/en/1.8.6/plugins/b607_start_process_with_partial_path.html
   Location: ./.worktrees/env-setup/scripts/check_fr_full.py:60:11
59	    for cmd in ["pylint", "pylint3"]:
60	        if subprocess.run(["which", cmd], capture_output=True).returncode == 0:
61	            linter_cmd = cmd

--------------------------------------------------
>> Issue: [B603:subprocess_without_shell_equals_true] subprocess call - check for execution of untrusted input.
   Severity: Low   Confidence: High
   CWE: CWE-78 (https://cwe.mitre.org/data/definitions/78.html)
   More Info: https://bandit.readthedocs.io/en/1.8.6/plugins/b603_subprocess_without_shell_equals_true.html
   Location: ./.worktrees/env-setup/scripts/check_fr_full.py:60:11
59	    for cmd in ["pylint", "pylint3"]:
60	        if subprocess.run(["which", cmd], capture_output=True).returncode == 0:
61	            linter_cmd = cmd

--------------------------------------------------
>> Issue: [B603:subprocess_without_shell_equals_true] subprocess call - check for execution of untrusted input.
   Severity: Low   Confidence: High
   CWE: CWE-78 (https://cwe.mitre.org/data/definitions/78.html)
   More Info: https://bandit.readthedocs.io/en/1.8.6/plugins/b603_subprocess_without_shell_equals_true.html
   Location: ./.worktrees/env-setup/scripts/check_fr_full.py:67:17
66	    for py_file in py_files:
67	        result = subprocess.run(
68	            [linter_cmd, "--errors-only", str(py_file)],
69	            capture_output=True, text=True, cwd=str(project)
70	        )
71	        if result.returncode != 0 and result.stderr:

--------------------------------------------------
>> Issue: [B607:start_process_with_partial_path] Starting a process with a partial executable path
   Severity: Low   Confidence: High
   CWE: CWE-78 (https://cwe.mitre.org/data/definitions/78.html)
   More Info: https://bandit.readthedocs.io/en/1.8.6/plugins/b607_start_process_with_partial_path.html
   Location: ./.worktrees/env-setup/scripts/check_fr_full.py:85:7
84	        return True, []
85	    if subprocess.run(["which", "radon"], capture_output=True).returncode != 0:
86	        print("  radon not found, skipping Complexity")

--------------------------------------------------
>> Issue: [B603:subprocess_without_shell_equals_true] subprocess call - check for execution of untrusted input.
   Severity: Low   Confidence: High
   CWE: CWE-78 (https://cwe.mitre.org/data/definitions/78.html)
   More Info: https://bandit.readthedocs.io/en/1.8.6/plugins/b603_subprocess_without_shell_equals_true.html
   Location: ./.worktrees/env-setup/scripts/check_fr_full.py:85:7
84	        return True, []
85	    if subprocess.run(["which", "radon"], capture_output=True).returncode != 0:
86	        print("  radon not found, skipping Complexity")

--------------------------------------------------
>> Issue: [B607:start_process_with_partial_path] Starting a process with a partial executable path
   Severity: Low   Confidence: High
   CWE: CWE-78 (https://cwe.mitre.org/data/definitions/78.html)
   More Info: https://bandit.readthedocs.io/en/1.8.6/plugins/b607_start_process_with_partial_path.html
   Location: ./.worktrees/env-setup/scripts/check_fr_full.py:89:17
88	    for py_file in py_files:
89	        result = subprocess.run(
90	            ["radon", "cc", "-a", "-m", "10", str(py_file)],
91	            capture_output=True, text=True, cwd=str(project)
92	        )
93	        if result.returncode != 0 and result.stdout:

--------------------------------------------------
>> Issue: [B603:subprocess_without_shell_equals_true] subprocess call - check for execution of untrusted input.
   Severity: Low   Confidence: High
   CWE: CWE-78 (https://cwe.mitre.org/data/definitions/78.html)
   More Info: https://bandit.readthedocs.io/en/1.8.6/plugins/b603_subprocess_without_shell_equals_true.html
   Location: ./.worktrees/env-setup/scripts/check_fr_full.py:89:17
88	    for py_file in py_files:
89	        result = subprocess.run(
90	            ["radon", "cc", "-a", "-m", "10", str(py_file)],
91	            capture_output=True, text=True, cwd=str(project)
92	        )
93	        if result.returncode != 0 and result.stdout:

--------------------------------------------------
>> Issue: [B603:subprocess_without_shell_equals_true] subprocess call - check for execution of untrusted input.
   Severity: Low   Confidence: High
   CWE: CWE-78 (https://cwe.mitre.org/data/definitions/78.html)
   More Info: https://bandit.readthedocs.io/en/1.8.6/plugins/b603_subprocess_without_shell_equals_true.html
   Location: ./.worktrees/env-setup/scripts/check_fr_full.py:109:17
108	    try:
109	        result = subprocess.run(
110	            cmd, capture_output=True, text=True, timeout=300, cwd=exec_cwd, env=env
111	        )
112	        output = result.stdout + result.stderr

--------------------------------------------------
>> Issue: [B404:blacklist] Consider possible security implications associated with the subprocess module.
   Severity: Low   Confidence: High
   CWE: CWE-78 (https://cwe.mitre.org/data/definitions/78.html)
   More Info: https://bandit.readthedocs.io/en/1.8.6/blacklists/blacklist_imports.html#b404-import-subprocess
   Location: ./.worktrees/env-setup/scripts/check_fr_quality.py:25:0
24	import argparse
25	import subprocess
26	import sys

--------------------------------------------------
>> Issue: [B607:start_process_with_partial_path] Starting a process with a partial executable path
   Severity: Low   Confidence: High
   CWE: CWE-78 (https://cwe.mitre.org/data/definitions/78.html)
   More Info: https://bandit.readthedocs.io/en/1.8.6/plugins/b607_start_process_with_partial_path.html
   Location: ./.worktrees/env-setup/scripts/check_fr_quality.py:56:17
55	    try:
56	        result = subprocess.run(
57	            ["python3", "-m", "py_compile", str(file_path)],
58	            capture_output=True, text=True
59	        )
60	        return result.returncode == 0, result.stderr

--------------------------------------------------
>> Issue: [B603:subprocess_without_shell_equals_true] subprocess call - check for execution of untrusted input.
   Severity: Low   Confidence: High
   CWE: CWE-78 (https://cwe.mitre.org/data/definitions/78.html)
   More Info: https://bandit.readthedocs.io/en/1.8.6/plugins/b603_subprocess_without_shell_equals_true.html
   Location: ./.worktrees/env-setup/scripts/check_fr_quality.py:56:17
55	    try:
56	        result = subprocess.run(
57	            ["python3", "-m", "py_compile", str(file_path)],
58	            capture_output=True, text=True
59	        )
60	        return result.returncode == 0, result.stderr

--------------------------------------------------
>> Issue: [B112:try_except_continue] Try, Except, Continue detected.
   Severity: Low   Confidence: High
   CWE: CWE-703 (https://cwe.mitre.org/data/definitions/703.html)
   More Info: https://bandit.readthedocs.io/en/1.8.6/plugins/b112_try_except_continue.html
   Location: ./.worktrees/env-setup/scripts/generate_fr_mapping.py:76:12
75	                        fr_files[fr_id].append(rel_path)
76	            except Exception:
77	                continue
78	    return dict(fr_files)

--------------------------------------------------
>> Issue: [B112:try_except_continue] Try, Except, Continue detected.
   Severity: Low   Confidence: High
   CWE: CWE-703 (https://cwe.mitre.org/data/definitions/703.html)
   More Info: https://bandit.readthedocs.io/en/1.8.6/plugins/b112_try_except_continue.html
   Location: ./.worktrees/env-setup/scripts/generate_fr_mapping.py:94:12
93	                    files.append(str(py_file.relative_to(project)))
94	            except Exception:
95	                continue
96	    return list(set(files))

--------------------------------------------------
>> Issue: [B404:blacklist] Consider possible security implications associated with the subprocess module.
   Severity: Low   Confidence: High
   CWE: CWE-78 (https://cwe.mitre.org/data/definitions/78.html)
   More Info: https://bandit.readthedocs.io/en/1.8.6/blacklists/blacklist_imports.html#b404-import-subprocess
   Location: ./.worktrees/env-setup/scripts/phase_auditor.py:24:0
23	import re
24	import subprocess
25	import sys

--------------------------------------------------
>> Issue: [B607:start_process_with_partial_path] Starting a process with a partial executable path
   Severity: Low   Confidence: High
   CWE: CWE-78 (https://cwe.mitre.org/data/definitions/78.html)
   More Info: https://bandit.readthedocs.io/en/1.8.6/plugins/b607_start_process_with_partial_path.html
   Location: ./.worktrees/env-setup/scripts/phase_auditor.py:328:17
327	        """Execute gh api command"""
328	        result = subprocess.run(
329	            ["gh", "api", endpoint],
330	            capture_output=True, text=True
331	        )
332	        if result.returncode != 0:

--------------------------------------------------
>> Issue: [B603:subprocess_without_shell_equals_true] subprocess call - check for execution of untrusted input.
   Severity: Low   Confidence: High
   CWE: CWE-78 (https://cwe.mitre.org/data/definitions/78.html)
   More Info: https://bandit.readthedocs.io/en/1.8.6/plugins/b603_subprocess_without_shell_equals_true.html
   Location: ./.worktrees/env-setup/scripts/phase_auditor.py:328:17
327	        """Execute gh api command"""
328	        result = subprocess.run(
329	            ["gh", "api", endpoint],
330	            capture_output=True, text=True
331	        )
332	        if result.returncode != 0:

--------------------------------------------------
>> Issue: [B110:try_except_pass] Try, Except, Pass detected.
   Severity: Low   Confidence: High
   CWE: CWE-703 (https://cwe.mitre.org/data/definitions/703.html)
   More Info: https://bandit.readthedocs.io/en/1.8.6/plugins/b110_try_except_pass.html
   Location: ./.worktrees/env-setup/scripts/spec_logic_checker.py:94:12
93	                functions_checked += len(re.findall(r'def\s+\w+', content))
94	            except Exception:
95	                pass
96	

--------------------------------------------------
>> Issue: [B404:blacklist] Consider possible security implications associated with the subprocess module.
   Severity: Low   Confidence: High
   CWE: CWE-78 (https://cwe.mitre.org/data/definitions/78.html)
   More Info: https://bandit.readthedocs.io/en/1.8.6/blacklists/blacklist_imports.html#b404-import-subprocess
   Location: ./.worktrees/env-setup/scripts/state_monitor.py:119:8
118	    try:
119	        import subprocess
120	        result = subprocess.run(

--------------------------------------------------
>> Issue: [B607:start_process_with_partial_path] Starting a process with a partial executable path
   Severity: Low   Confidence: High
   CWE: CWE-78 (https://cwe.mitre.org/data/definitions/78.html)
   More Info: https://bandit.readthedocs.io/en/1.8.6/plugins/b607_start_process_with_partial_path.html
   Location: ./.worktrees/env-setup/scripts/state_monitor.py:120:17
119	        import subprocess
120	        result = subprocess.run(
121	            ["openclaw", "message", "--action", "send", "--channel", "telegram", "--message", message],
122	            capture_output=True, text=True, timeout=10
123	        )
124	        if result.returncode == 0:

--------------------------------------------------
>> Issue: [B603:subprocess_without_shell_equals_true] subprocess call - check for execution of untrusted input.
   Severity: Low   Confidence: High
   CWE: CWE-78 (https://cwe.mitre.org/data/definitions/78.html)
   More Info: https://bandit.readthedocs.io/en/1.8.6/plugins/b603_subprocess_without_shell_equals_true.html
   Location: ./.worktrees/env-setup/scripts/state_monitor.py:120:17
119	        import subprocess
120	        result = subprocess.run(
121	            ["openclaw", "message", "--action", "send", "--channel", "telegram", "--message", message],
122	            capture_output=True, text=True, timeout=10
123	        )
124	        if result.returncode == 0:

--------------------------------------------------
>> Issue: [B110:try_except_pass] Try, Except, Pass detected.
   Severity: Low   Confidence: High
   CWE: CWE-703 (https://cwe.mitre.org/data/definitions/703.html)
   More Info: https://bandit.readthedocs.io/en/1.8.6/plugins/b110_try_except_pass.html
   Location: ./.worktrees/env-setup/steering/integrations.py:513:12
512	                cqg_scores = self._cqg_integrator.measure_code_quality(winner_output)
513	            except Exception:
514	                pass
515	

--------------------------------------------------
>> Issue: [B101:assert_used] Use of assert detected. The enclosed code will be removed when compiling to optimised byte code.
   Severity: Low   Confidence: High
   CWE: CWE-703 (https://cwe.mitre.org/data/definitions/703.html)
   More Info: https://bandit.readthedocs.io/en/1.8.6/plugins/b101_assert_used.html
   Location: ./.worktrees/env-setup/tests/test_decision_log.py:24:8
23	        )
24	        assert len(entry.trace_id) == 8
25	        assert entry.fr_id is None

--------------------------------------------------
>> Issue: [B101:assert_used] Use of assert detected. The enclosed code will be removed when compiling to optimised byte code.
   Severity: Low   Confidence: High
   CWE: CWE-703 (https://cwe.mitre.org/data/definitions/703.html)
   More Info: https://bandit.readthedocs.io/en/1.8.6/plugins/b101_assert_used.html
   Location: ./.worktrees/env-setup/tests/test_decision_log.py:25:8
24	        assert len(entry.trace_id) == 8
25	        assert entry.fr_id is None
26	        assert entry.gate_score is None

--------------------------------------------------
>> Issue: [B101:assert_used] Use of assert detected. The enclosed code will be removed when compiling to optimised byte code.
   Severity: Low   Confidence: High
   CWE: CWE-703 (https://cwe.mitre.org/data/definitions/703.html)
   More Info: https://bandit.readthedocs.io/en/1.8.6/plugins/b101_assert_used.html
   Location: ./.worktrees/env-setup/tests/test_decision_log.py:26:8
25	        assert entry.fr_id is None
26	        assert entry.gate_score is None
27	        assert entry.uaf_score == 0.0

--------------------------------------------------
>> Issue: [B101:assert_used] Use of assert detected. The enclosed code will be removed when compiling to optimised byte code.
   Severity: Low   Confidence: High
   CWE: CWE-703 (https://cwe.mitre.org/data/definitions/703.html)
   More Info: https://bandit.readthedocs.io/en/1.8.6/plugins/b101_assert_used.html
   Location: ./.worktrees/env-setup/tests/test_decision_log.py:27:8
26	        assert entry.gate_score is None
27	        assert entry.uaf_score == 0.0
28	        assert "T" in entry.timestamp   # ISO 8601

--------------------------------------------------
>> Issue: [B101:assert_used] Use of assert detected. The enclosed code will be removed when compiling to optimised byte code.
   Severity: Low   Confidence: High
   CWE: CWE-703 (https://cwe.mitre.org/data/definitions/703.html)
   More Info: https://bandit.readthedocs.io/en/1.8.6/plugins/b101_assert_used.html
   Location: ./.worktrees/env-setup/tests/test_decision_log.py:28:8
27	        assert entry.uaf_score == 0.0
28	        assert "T" in entry.timestamp   # ISO 8601
29	

--------------------------------------------------
>> Issue: [B101:assert_used] Use of assert detected. The enclosed code will be removed when compiling to optimised byte code.
   Severity: Low   Confidence: High
   CWE: CWE-703 (https://cwe.mitre.org/data/definitions/703.html)
   More Info: https://bandit.readthedocs.io/en/1.8.6/plugins/b101_assert_used.html
   Location: ./.worktrees/env-setup/tests/test_decision_log.py:36:8
35	        )
36	        assert entry.fr_id == "FR-001"
37	        assert entry.gate_score == 88.5

--------------------------------------------------
>> Issue: [B101:assert_used] Use of assert detected. The enclosed code will be removed when compiling to optimised byte code.
   Severity: Low   Confidence: High
   CWE: CWE-703 (https://cwe.mitre.org/data/definitions/703.html)
   More Info: https://bandit.readthedocs.io/en/1.8.6/plugins/b101_assert_used.html
   Location: ./.worktrees/env-setup/tests/test_decision_log.py:37:8
36	        assert entry.fr_id == "FR-001"
37	        assert entry.gate_score == 88.5
38	

--------------------------------------------------
>> Issue: [B101:assert_used] Use of assert detected. The enclosed code will be removed when compiling to optimised byte code.
   Severity: Low   Confidence: High
   CWE: CWE-703 (https://cwe.mitre.org/data/definitions/703.html)
   More Info: https://bandit.readthedocs.io/en/1.8.6/plugins/b101_assert_used.html
   Location: ./.worktrees/env-setup/tests/test_decision_log.py:46:8
45	        path = writer.write(entry)
46	        assert path.exists()
47	        assert path.suffix == ".yaml"

--------------------------------------------------
>> Issue: [B101:assert_used] Use of assert detected. The enclosed code will be removed when compiling to optimised byte code.
   Severity: Low   Confidence: High
   CWE: CWE-703 (https://cwe.mitre.org/data/definitions/703.html)
   More Info: https://bandit.readthedocs.io/en/1.8.6/plugins/b101_assert_used.html
   Location: ./.worktrees/env-setup/tests/test_decision_log.py:47:8
46	        assert path.exists()
47	        assert path.suffix == ".yaml"
48	

--------------------------------------------------
>> Issue: [B101:assert_used] Use of assert detected. The enclosed code will be removed when compiling to optimised byte code.
   Severity: Low   Confidence: High
   CWE: CWE-703 (https://cwe.mitre.org/data/definitions/703.html)
   More Info: https://bandit.readthedocs.io/en/1.8.6/plugins/b101_assert_used.html
   Location: ./.worktrees/env-setup/tests/test_decision_log.py:54:8
53	        path = writer.write(entry)
54	        assert "Reviewer_4_" in path.name
55	        assert path.name.endswith(".yaml")

--------------------------------------------------
>> Issue: [B101:assert_used] Use of assert detected. The enclosed code will be removed when compiling to optimised byte code.
   Severity: Low   Confidence: High
   CWE: CWE-703 (https://cwe.mitre.org/data/definitions/703.html)
   More Info: https://bandit.readthedocs.io/en/1.8.6/plugins/b101_assert_used.html
   Location: ./.worktrees/env-setup/tests/test_decision_log.py:55:8
54	        assert "Reviewer_4_" in path.name
55	        assert path.name.endswith(".yaml")
56	

--------------------------------------------------
>> Issue: [B101:assert_used] Use of assert detected. The enclosed code will be removed when compiling to optimised byte code.
   Severity: Low   Confidence: High
   CWE: CWE-703 (https://cwe.mitre.org/data/definitions/703.html)
   More Info: https://bandit.readthedocs.io/en/1.8.6/plugins/b101_assert_used.html
   Location: ./.worktrees/env-setup/tests/test_decision_log.py:63:8
62	        p2 = writer.write(entry)
63	        assert p1 != p2
64	        assert "001" in p1.name

--------------------------------------------------
>> Issue: [B101:assert_used] Use of assert detected. The enclosed code will be removed when compiling to optimised byte code.
   Severity: Low   Confidence: High
   CWE: CWE-703 (https://cwe.mitre.org/data/definitions/703.html)
   More Info: https://bandit.readthedocs.io/en/1.8.6/plugins/b101_assert_used.html
   Location: ./.worktrees/env-setup/tests/test_decision_log.py:64:8
63	        assert p1 != p2
64	        assert "001" in p1.name
65	        assert "002" in p2.name

--------------------------------------------------
>> Issue: [B101:assert_used] Use of assert detected. The enclosed code will be removed when compiling to optimised byte code.
   Severity: Low   Confidence: High
   CWE: CWE-703 (https://cwe.mitre.org/data/definitions/703.html)
   More Info: https://bandit.readthedocs.io/en/1.8.6/plugins/b101_assert_used.html
   Location: ./.worktrees/env-setup/tests/test_decision_log.py:65:8
64	        assert "001" in p1.name
65	        assert "002" in p2.name
66	

--------------------------------------------------
>> Issue: [B101:assert_used] Use of assert detected. The enclosed code will be removed when compiling to optimised byte code.
   Severity: Low   Confidence: High
   CWE: CWE-703 (https://cwe.mitre.org/data/definitions/703.html)
   More Info: https://bandit.readthedocs.io/en/1.8.6/plugins/b101_assert_used.html
   Location: ./.worktrees/env-setup/tests/test_decision_log.py:74:8
73	        content = path.read_text()
74	        assert "GATE_PASS" in content
75	        assert "FR-001" in content

--------------------------------------------------
>> Issue: [B101:assert_used] Use of assert detected. The enclosed code will be removed when compiling to optimised byte code.
   Severity: Low   Confidence: High
   CWE: CWE-703 (https://cwe.mitre.org/data/definitions/703.html)
   More Info: https://bandit.readthedocs.io/en/1.8.6/plugins/b101_assert_used.html
   Location: ./.worktrees/env-setup/tests/test_decision_log.py:75:8
74	        assert "GATE_PASS" in content
75	        assert "FR-001" in content
76	

--------------------------------------------------
>> Issue: [B101:assert_used] Use of assert detected. The enclosed code will be removed when compiling to optimised byte code.
   Severity: Low   Confidence: High
   CWE: CWE-703 (https://cwe.mitre.org/data/definitions/703.html)
   More Info: https://bandit.readthedocs.io/en/1.8.6/plugins/b101_assert_used.html
   Location: ./.worktrees/env-setup/tests/test_decision_log.py:83:8
82	        entries = writer.read_phase(phase=3)
83	        assert len(entries) == 3
84	

--------------------------------------------------
>> Issue: [B101:assert_used] Use of assert detected. The enclosed code will be removed when compiling to optimised byte code.
   Severity: Low   Confidence: High
   CWE: CWE-703 (https://cwe.mitre.org/data/definitions/703.html)
   More Info: https://bandit.readthedocs.io/en/1.8.6/plugins/b101_assert_used.html
   Location: ./.worktrees/env-setup/tests/test_decision_log.py:93:8
92	        p3_entries = writer.read_phase(phase=3)
93	        assert len(p3_entries) == 1
94	        assert p3_entries[0]["phase"] == 3

--------------------------------------------------
>> Issue: [B101:assert_used] Use of assert detected. The enclosed code will be removed when compiling to optimised byte code.
   Severity: Low   Confidence: High
   CWE: CWE-703 (https://cwe.mitre.org/data/definitions/703.html)
   More Info: https://bandit.readthedocs.io/en/1.8.6/plugins/b101_assert_used.html
   Location: ./.worktrees/env-setup/tests/test_decision_log.py:94:8
93	        assert len(p3_entries) == 1
94	        assert p3_entries[0]["phase"] == 3

--------------------------------------------------
>> Issue: [B101:assert_used] Use of assert detected. The enclosed code will be removed when compiling to optimised byte code.
   Severity: Low   Confidence: High
   CWE: CWE-703 (https://cwe.mitre.org/data/definitions/703.html)
   More Info: https://bandit.readthedocs.io/en/1.8.6/plugins/b101_assert_used.html
   Location: ./.worktrees/env-setup/tests/test_harness_bridge.py:67:8
66	        )
67	        assert manifest_path.exists()
68	

--------------------------------------------------
>> Issue: [B101:assert_used] Use of assert detected. The enclosed code will be removed when compiling to optimised byte code.
   Severity: Low   Confidence: High
   CWE: CWE-703 (https://cwe.mitre.org/data/definitions/703.html)
   More Info: https://bandit.readthedocs.io/en/1.8.6/plugins/b101_assert_used.html
   Location: ./.worktrees/env-setup/tests/test_harness_bridge.py:73:8
72	        m = json.loads((tmp_path / ".methodology" / "quality_manifest.json").read_text())
73	        assert m["schema_version"] == "1.0"
74	        assert m["generated_at_phase"] == 2

--------------------------------------------------
>> Issue: [B101:assert_used] Use of assert detected. The enclosed code will be removed when compiling to optimised byte code.
   Severity: Low   Confidence: High
   CWE: CWE-703 (https://cwe.mitre.org/data/definitions/703.html)
   More Info: https://bandit.readthedocs.io/en/1.8.6/plugins/b101_assert_used.html
   Location: ./.worktrees/env-setup/tests/test_harness_bridge.py:74:8
73	        assert m["schema_version"] == "1.0"
74	        assert m["generated_at_phase"] == 2
75	        assert "FR-001" in m["fr_ids"]

--------------------------------------------------
>> Issue: [B101:assert_used] Use of assert detected. The enclosed code will be removed when compiling to optimised byte code.
   Severity: Low   Confidence: High
   CWE: CWE-703 (https://cwe.mitre.org/data/definitions/703.html)
   More Info: https://bandit.readthedocs.io/en/1.8.6/plugins/b101_assert_used.html
   Location: ./.worktrees/env-setup/tests/test_harness_bridge.py:75:8
74	        assert m["generated_at_phase"] == 2
75	        assert "FR-001" in m["fr_ids"]
76	        assert m["gate_results"]["gate2"] is None

--------------------------------------------------
>> Issue: [B101:assert_used] Use of assert detected. The enclosed code will be removed when compiling to optimised byte code.
   Severity: Low   Confidence: High
   CWE: CWE-703 (https://cwe.mitre.org/data/definitions/703.html)
   More Info: https://bandit.readthedocs.io/en/1.8.6/plugins/b101_assert_used.html
   Location: ./.worktrees/env-setup/tests/test_harness_bridge.py:76:8
75	        assert "FR-001" in m["fr_ids"]
76	        assert m["gate_results"]["gate2"] is None
77	

--------------------------------------------------
>> Issue: [B101:assert_used] Use of assert detected. The enclosed code will be removed when compiling to optimised byte code.
   Severity: Low   Confidence: High
   CWE: CWE-703 (https://cwe.mitre.org/data/definitions/703.html)
   More Info: https://bandit.readthedocs.io/en/1.8.6/plugins/b101_assert_used.html
   Location: ./.worktrees/env-setup/tests/test_harness_bridge.py:82:8
81	        m = json.loads((tmp_path / ".methodology" / "quality_manifest.json").read_text())
82	        assert isinstance(m["gate_results"]["gate1"], dict)
83	

--------------------------------------------------
>> Issue: [B101:assert_used] Use of assert detected. The enclosed code will be removed when compiling to optimised byte code.
   Severity: Low   Confidence: High
   CWE: CWE-703 (https://cwe.mitre.org/data/definitions/703.html)
   More Info: https://bandit.readthedocs.io/en/1.8.6/plugins/b101_assert_used.html
   Location: ./.worktrees/env-setup/tests/test_harness_bridge.py:91:8
90	        err = GateBlockedError(gate_num=2, result=result)
91	        assert "Gate 2" in str(err)
92	        assert "60.0" in str(err)

--------------------------------------------------
>> Issue: [B101:assert_used] Use of assert detected. The enclosed code will be removed when compiling to optimised byte code.
   Severity: Low   Confidence: High
   CWE: CWE-703 (https://cwe.mitre.org/data/definitions/703.html)
   More Info: https://bandit.readthedocs.io/en/1.8.6/plugins/b101_assert_used.html
   Location: ./.worktrees/env-setup/tests/test_harness_bridge.py:92:8
91	        assert "Gate 2" in str(err)
92	        assert "60.0" in str(err)
93	

--------------------------------------------------
>> Issue: [B101:assert_used] Use of assert detected. The enclosed code will be removed when compiling to optimised byte code.
   Severity: Low   Confidence: High
   CWE: CWE-703 (https://cwe.mitre.org/data/definitions/703.html)
   More Info: https://bandit.readthedocs.io/en/1.8.6/plugins/b101_assert_used.html
   Location: ./.worktrees/env-setup/tests/test_harness_bridge.py:97:8
96	        err = GateBlockedError(gate_num=3, result=result)
97	        assert err.result is result
98	        assert err.gate_num == 3

--------------------------------------------------
>> Issue: [B101:assert_used] Use of assert detected. The enclosed code will be removed when compiling to optimised byte code.
   Severity: Low   Confidence: High
   CWE: CWE-703 (https://cwe.mitre.org/data/definitions/703.html)
   More Info: https://bandit.readthedocs.io/en/1.8.6/plugins/b101_assert_used.html
   Location: ./.worktrees/env-setup/tests/test_harness_bridge.py:98:8
97	        assert err.result is result
98	        assert err.gate_num == 3
99	

--------------------------------------------------
>> Issue: [B101:assert_used] Use of assert detected. The enclosed code will be removed when compiling to optimised byte code.
   Severity: Low   Confidence: High
   CWE: CWE-703 (https://cwe.mitre.org/data/definitions/703.html)
   More Info: https://bandit.readthedocs.io/en/1.8.6/plugins/b101_assert_used.html
   Location: ./.worktrees/env-setup/tests/test_harness_bridge.py:108:8
107	        failed = [d for d in result.dimensions if d.score < d.threshold]
108	        assert len(failed) == 0
109	

--------------------------------------------------
>> Issue: [B101:assert_used] Use of assert detected. The enclosed code will be removed when compiling to optimised byte code.
   Severity: Low   Confidence: High
   CWE: CWE-703 (https://cwe.mitre.org/data/definitions/703.html)
   More Info: https://bandit.readthedocs.io/en/1.8.6/plugins/b101_assert_used.html
   Location: ./.worktrees/env-setup/tests/test_harness_bridge.py:114:8
113	        failed = [d for d in result.dimensions if d.score < d.threshold]
114	        assert len(failed) > 0
115	

--------------------------------------------------
>> Issue: [B101:assert_used] Use of assert detected. The enclosed code will be removed when compiling to optimised byte code.
   Severity: Low   Confidence: High
   CWE: CWE-703 (https://cwe.mitre.org/data/definitions/703.html)
   More Info: https://bandit.readthedocs.io/en/1.8.6/plugins/b101_assert_used.html
   Location: ./.worktrees/env-setup/tests/test_harness_bridge.py:126:8
125	        m = json.loads((tmp_path / ".methodology" / "quality_manifest.json").read_text())
126	        assert m["gate_results"]["gate2"]["score"] == 80.0
127	        assert m["gate_results"]["gate2"]["quality_complete"] is True

--------------------------------------------------
>> Issue: [B101:assert_used] Use of assert detected. The enclosed code will be removed when compiling to optimised byte code.
   Severity: Low   Confidence: High
   CWE: CWE-703 (https://cwe.mitre.org/data/definitions/703.html)
   More Info: https://bandit.readthedocs.io/en/1.8.6/plugins/b101_assert_used.html
   Location: ./.worktrees/env-setup/tests/test_harness_bridge.py:127:8
126	        assert m["gate_results"]["gate2"]["score"] == 80.0
127	        assert m["gate_results"]["gate2"]["quality_complete"] is True
128	

--------------------------------------------------
>> Issue: [B101:assert_used] Use of assert detected. The enclosed code will be removed when compiling to optimised byte code.
   Severity: Low   Confidence: High
   CWE: CWE-703 (https://cwe.mitre.org/data/definitions/703.html)
   More Info: https://bandit.readthedocs.io/en/1.8.6/plugins/b101_assert_used.html
   Location: ./.worktrees/env-setup/tests/test_harness_bridge.py:135:8
134	        m = json.loads((tmp_path / ".methodology" / "quality_manifest.json").read_text())
135	        assert "FR-001" in m["gate_results"]["gate1"]
136	

--------------------------------------------------
>> Issue: [B101:assert_used] Use of assert detected. The enclosed code will be removed when compiling to optimised byte code.
   Severity: Low   Confidence: High
   CWE: CWE-703 (https://cwe.mitre.org/data/definitions/703.html)
   More Info: https://bandit.readthedocs.io/en/1.8.6/plugins/b101_assert_used.html
   Location: ./.worktrees/env-setup/tests/test_reviewer_router.py:25:8
24	        prompt = router._build_prompt("reviewer", "check this", phase=3, fr_id=None)
25	        assert "Phase 3" in prompt
26	        assert "Role: reviewer" in prompt

--------------------------------------------------
>> Issue: [B101:assert_used] Use of assert detected. The enclosed code will be removed when compiling to optimised byte code.
   Severity: Low   Confidence: High
   CWE: CWE-703 (https://cwe.mitre.org/data/definitions/703.html)
   More Info: https://bandit.readthedocs.io/en/1.8.6/plugins/b101_assert_used.html
   Location: ./.worktrees/env-setup/tests/test_reviewer_router.py:26:8
25	        assert "Phase 3" in prompt
26	        assert "Role: reviewer" in prompt
27	

--------------------------------------------------
>> Issue: [B101:assert_used] Use of assert detected. The enclosed code will be removed when compiling to optimised byte code.
   Severity: Low   Confidence: High
   CWE: CWE-703 (https://cwe.mitre.org/data/definitions/703.html)
   More Info: https://bandit.readthedocs.io/en/1.8.6/plugins/b101_assert_used.html
   Location: ./.worktrees/env-setup/tests/test_reviewer_router.py:31:8
30	        prompt = router._build_prompt("reviewer", "check", phase=3, fr_id="FR-001")
31	        assert "FR FR-001" in prompt
32	

--------------------------------------------------
>> Issue: [B101:assert_used] Use of assert detected. The enclosed code will be removed when compiling to optimised byte code.
   Severity: Low   Confidence: High
   CWE: CWE-703 (https://cwe.mitre.org/data/definitions/703.html)
   More Info: https://bandit.readthedocs.io/en/1.8.6/plugins/b101_assert_used.html
   Location: ./.worktrees/env-setup/tests/test_reviewer_router.py:36:8
35	        prompt = router._build_prompt("reviewer", "check", phase=4)
36	        assert "review_status" in prompt
37	        assert "APPROVE|REJECT" in prompt

--------------------------------------------------
>> Issue: [B101:assert_used] Use of assert detected. The enclosed code will be removed when compiling to optimised byte code.
   Severity: Low   Confidence: High
   CWE: CWE-703 (https://cwe.mitre.org/data/definitions/703.html)
   More Info: https://bandit.readthedocs.io/en/1.8.6/plugins/b101_assert_used.html
   Location: ./.worktrees/env-setup/tests/test_reviewer_router.py:37:8
36	        assert "review_status" in prompt
37	        assert "APPROVE|REJECT" in prompt
38	

--------------------------------------------------
>> Issue: [B101:assert_used] Use of assert detected. The enclosed code will be removed when compiling to optimised byte code.
   Severity: Low   Confidence: High
   CWE: CWE-703 (https://cwe.mitre.org/data/definitions/703.html)
   More Info: https://bandit.readthedocs.io/en/1.8.6/plugins/b101_assert_used.html
   Location: ./.worktrees/env-setup/tests/test_reviewer_router.py:43:8
42	        result = router._parse_response(raw)
43	        assert result["review_status"] == "APPROVE"
44	        assert result["confidence"] == 0.9

--------------------------------------------------
>> Issue: [B101:assert_used] Use of assert detected. The enclosed code will be removed when compiling to optimised byte code.
   Severity: Low   Confidence: High
   CWE: CWE-703 (https://cwe.mitre.org/data/definitions/703.html)
   More Info: https://bandit.readthedocs.io/en/1.8.6/plugins/b101_assert_used.html
   Location: ./.worktrees/env-setup/tests/test_reviewer_router.py:44:8
43	        assert result["review_status"] == "APPROVE"
44	        assert result["confidence"] == 0.9
45	

--------------------------------------------------
>> Issue: [B101:assert_used] Use of assert detected. The enclosed code will be removed when compiling to optimised byte code.
   Severity: Low   Confidence: High
   CWE: CWE-703 (https://cwe.mitre.org/data/definitions/703.html)
   More Info: https://bandit.readthedocs.io/en/1.8.6/plugins/b101_assert_used.html
   Location: ./.worktrees/env-setup/tests/test_reviewer_router.py:50:8
49	        result = router._parse_response(raw)
50	        assert result["review_status"] == "REJECT"
51	

--------------------------------------------------
>> Issue: [B101:assert_used] Use of assert detected. The enclosed code will be removed when compiling to optimised byte code.
   Severity: Low   Confidence: High
   CWE: CWE-703 (https://cwe.mitre.org/data/definitions/703.html)
   More Info: https://bandit.readthedocs.io/en/1.8.6/plugins/b101_assert_used.html
   Location: ./.worktrees/env-setup/tests/test_reviewer_router.py:55:8
54	        result = router._parse_response("not json at all")
55	        assert result["review_status"] == "REJECT"
56	        assert result["violations"] == ["parse_error"]

--------------------------------------------------
>> Issue: [B101:assert_used] Use of assert detected. The enclosed code will be removed when compiling to optimised byte code.
   Severity: Low   Confidence: High
   CWE: CWE-703 (https://cwe.mitre.org/data/definitions/703.html)
   More Info: https://bandit.readthedocs.io/en/1.8.6/plugins/b101_assert_used.html
   Location: ./.worktrees/env-setup/tests/test_reviewer_router.py:56:8
55	        assert result["review_status"] == "REJECT"
56	        assert result["violations"] == ["parse_error"]
57	

--------------------------------------------------
>> Issue: [B101:assert_used] Use of assert detected. The enclosed code will be removed when compiling to optimised byte code.
   Severity: Low   Confidence: High
   CWE: CWE-703 (https://cwe.mitre.org/data/definitions/703.html)
   More Info: https://bandit.readthedocs.io/en/1.8.6/plugins/b101_assert_used.html
   Location: ./.worktrees/env-setup/tests/test_reviewer_router.py:61:8
60	        result = router._parse_response("x" * 300)
61	        assert len(result["summary"]) <= 200
62	

--------------------------------------------------
>> Issue: [B101:assert_used] Use of assert detected. The enclosed code will be removed when compiling to optimised byte code.
   Severity: Low   Confidence: High
   CWE: CWE-703 (https://cwe.mitre.org/data/definitions/703.html)
   More Info: https://bandit.readthedocs.io/en/1.8.6/plugins/b101_assert_used.html
   Location: ./.worktrees/env-setup/tests/test_reviewer_router.py:69:8
68	        from harness.reviewer_router import get_reviewer_model
69	        assert get_reviewer_model(phase=3) == "hermes"
70	

--------------------------------------------------
>> Issue: [B101:assert_used] Use of assert detected. The enclosed code will be removed when compiling to optimised byte code.
   Severity: Low   Confidence: High
   CWE: CWE-703 (https://cwe.mitre.org/data/definitions/703.html)
   More Info: https://bandit.readthedocs.io/en/1.8.6/plugins/b101_assert_used.html
   Location: ./.worktrees/env-setup/tests/test_reviewer_router.py:73:8
72	        from harness.reviewer_router import get_reviewer_model
73	        assert get_reviewer_model(phase=4) == "hermes"
74	

--------------------------------------------------
>> Issue: [B101:assert_used] Use of assert detected. The enclosed code will be removed when compiling to optimised byte code.
   Severity: Low   Confidence: High
   CWE: CWE-703 (https://cwe.mitre.org/data/definitions/703.html)
   More Info: https://bandit.readthedocs.io/en/1.8.6/plugins/b101_assert_used.html
   Location: ./.worktrees/env-setup/tests/test_reviewer_router.py:77:8
76	        from harness.reviewer_router import get_reviewer_model
77	        assert get_reviewer_model(phase=6) == "hermes"
78	

--------------------------------------------------
>> Issue: [B101:assert_used] Use of assert detected. The enclosed code will be removed when compiling to optimised byte code.
   Severity: Low   Confidence: High
   CWE: CWE-703 (https://cwe.mitre.org/data/definitions/703.html)
   More Info: https://bandit.readthedocs.io/en/1.8.6/plugins/b101_assert_used.html
   Location: ./.worktrees/env-setup/tests/test_reviewer_router.py:81:8
80	        from harness.reviewer_router import get_reviewer_model
81	        assert get_reviewer_model(phase=7) == "claude"
82	

--------------------------------------------------
>> Issue: [B101:assert_used] Use of assert detected. The enclosed code will be removed when compiling to optimised byte code.
   Severity: Low   Confidence: High
   CWE: CWE-703 (https://cwe.mitre.org/data/definitions/703.html)
   More Info: https://bandit.readthedocs.io/en/1.8.6/plugins/b101_assert_used.html
   Location: ./.worktrees/env-setup/tests/test_reviewer_router.py:85:8
84	        from harness.reviewer_router import get_reviewer_model
85	        assert get_reviewer_model(phase=8) == "claude"

--------------------------------------------------
>> Issue: [B110:try_except_pass] Try, Except, Pass detected.
   Severity: Low   Confidence: High
   CWE: CWE-703 (https://cwe.mitre.org/data/definitions/703.html)
   More Info: https://bandit.readthedocs.io/en/1.8.6/plugins/b110_try_except_pass.html
   Location: ./core/phase_hooks.py:226:8
225	                f.write(f"[{ts}] {message}\n")
226	        except Exception:
227	            pass

--------------------------------------------------
>> Issue: [B404:blacklist] Consider possible security implications associated with the subprocess module.
   Severity: Low   Confidence: High
   CWE: CWE-78 (https://cwe.mitre.org/data/definitions/78.html)
   More Info: https://bandit.readthedocs.io/en/1.8.6/blacklists/blacklist_imports.html#b404-import-subprocess
   Location: ./core/quality_gate/phase_truth_verifier.py:19:0
18	import os
19	import subprocess
20	import json

--------------------------------------------------
>> Issue: [B110:try_except_pass] Try, Except, Pass detected.
   Severity: Low   Confidence: High
   CWE: CWE-703 (https://cwe.mitre.org/data/definitions/703.html)
   More Info: https://bandit.readthedocs.io/en/1.8.6/plugins/b110_try_except_pass.html
   Location: ./core/quality_gate/phase_truth_verifier.py:118:20
117	                        sessions.add(entry.get("session_id", ""))
118	                    except:
119	                        pass
120	

--------------------------------------------------
>> Issue: [B607:start_process_with_partial_path] Starting a process with a partial executable path
   Severity: Low   Confidence: High
   CWE: CWE-78 (https://cwe.mitre.org/data/definitions/78.html)
   More Info: https://bandit.readthedocs.io/en/1.8.6/plugins/b607_start_process_with_partial_path.html
   Location: ./core/quality_gate/phase_truth_verifier.py:134:21
133	        try:
134	            result = subprocess.run(
135	                ["pytest", "--tb=no", "-q"],
136	                cwd=self.project_root,
137	                capture_output=True,
138	                text=True,
139	                timeout=120
140	            )
141	

--------------------------------------------------
>> Issue: [B603:subprocess_without_shell_equals_true] subprocess call - check for execution of untrusted input.
   Severity: Low   Confidence: High
   CWE: CWE-78 (https://cwe.mitre.org/data/definitions/78.html)
   More Info: https://bandit.readthedocs.io/en/1.8.6/plugins/b603_subprocess_without_shell_equals_true.html
   Location: ./core/quality_gate/phase_truth_verifier.py:134:21
133	        try:
134	            result = subprocess.run(
135	                ["pytest", "--tb=no", "-q"],
136	                cwd=self.project_root,
137	                capture_output=True,
138	                text=True,
139	                timeout=120
140	            )
141	

--------------------------------------------------
>> Issue: [B607:start_process_with_partial_path] Starting a process with a partial executable path
   Severity: Low   Confidence: High
   CWE: CWE-78 (https://cwe.mitre.org/data/definitions/78.html)
   More Info: https://bandit.readthedocs.io/en/1.8.6/plugins/b607_start_process_with_partial_path.html
   Location: ./core/quality_gate/phase_truth_verifier.py:159:21
158	        try:
159	            result = subprocess.run(
160	                ["pytest", "--cov=.","--cov-report=term-missing","--tb=no","-q"],
161	                cwd=self.project_root,
162	                capture_output=True,
163	                text=True,
164	                timeout=120
165	            )
166	

--------------------------------------------------
>> Issue: [B603:subprocess_without_shell_equals_true] subprocess call - check for execution of untrusted input.
   Severity: Low   Confidence: High
   CWE: CWE-78 (https://cwe.mitre.org/data/definitions/78.html)
   More Info: https://bandit.readthedocs.io/en/1.8.6/plugins/b603_subprocess_without_shell_equals_true.html
   Location: ./core/quality_gate/phase_truth_verifier.py:159:21
158	        try:
159	            result = subprocess.run(
160	                ["pytest", "--cov=.","--cov-report=term-missing","--tb=no","-q"],
161	                cwd=self.project_root,
162	                capture_output=True,
163	                text=True,
164	                timeout=120
165	            )
166	

--------------------------------------------------
>> Issue: [B404:blacklist] Consider possible security implications associated with the subprocess module.
   Severity: Low   Confidence: High
   CWE: CWE-78 (https://cwe.mitre.org/data/definitions/78.html)
   More Info: https://bandit.readthedocs.io/en/1.8.6/blacklists/blacklist_imports.html#b404-import-subprocess
   Location: ./core/quality_gate/stage_pass_generator.py:42:0
41	import argparse
42	import subprocess
43	from datetime import datetime

--------------------------------------------------
>> Issue: [B607:start_process_with_partial_path] Starting a process with a partial executable path
   Severity: Low   Confidence: High
   CWE: CWE-78 (https://cwe.mitre.org/data/definitions/78.html)
   More Info: https://bandit.readthedocs.io/en/1.8.6/plugins/b607_start_process_with_partial_path.html
   Location: ./core/quality_gate/stage_pass_generator.py:215:21
214	        try:
215	            result = subprocess.run(
216	                ["pytest", "--tb=short", "-v"],
217	                cwd=self.project_root,
218	                capture_output=True,
219	                text=True,
220	                timeout=300
221	            )
222	            evidence["pytest_passed"] = result.returncode == 0

--------------------------------------------------
>> Issue: [B603:subprocess_without_shell_equals_true] subprocess call - check for execution of untrusted input.
   Severity: Low   Confidence: High
   CWE: CWE-78 (https://cwe.mitre.org/data/definitions/78.html)
   More Info: https://bandit.readthedocs.io/en/1.8.6/plugins/b603_subprocess_without_shell_equals_true.html
   Location: ./core/quality_gate/stage_pass_generator.py:215:21
214	        try:
215	            result = subprocess.run(
216	                ["pytest", "--tb=short", "-v"],
217	                cwd=self.project_root,
218	                capture_output=True,
219	                text=True,
220	                timeout=300
221	            )
222	            evidence["pytest_passed"] = result.returncode == 0

--------------------------------------------------
>> Issue: [B607:start_process_with_partial_path] Starting a process with a partial executable path
   Severity: Low   Confidence: High
   CWE: CWE-78 (https://cwe.mitre.org/data/definitions/78.html)
   More Info: https://bandit.readthedocs.io/en/1.8.6/plugins/b607_start_process_with_partial_path.html
   Location: ./core/quality_gate/stage_pass_generator.py:238:21
237	        try:
238	            result = subprocess.run(
239	                ["pytest", "--cov", "--cov-report=term-missing"],
240	                cwd=self.project_root,
241	                capture_output=True,
242	                text=True,
243	                timeout=300
244	            )
245	            evidence["coverage_passed"] = result.returncode == 0

--------------------------------------------------
>> Issue: [B603:subprocess_without_shell_equals_true] subprocess call - check for execution of untrusted input.
   Severity: Low   Confidence: High
   CWE: CWE-78 (https://cwe.mitre.org/data/definitions/78.html)
   More Info: https://bandit.readthedocs.io/en/1.8.6/plugins/b603_subprocess_without_shell_equals_true.html
   Location: ./core/quality_gate/stage_pass_generator.py:238:21
237	        try:
238	            result = subprocess.run(
239	                ["pytest", "--cov", "--cov-report=term-missing"],
240	                cwd=self.project_root,
241	                capture_output=True,
242	                text=True,
243	                timeout=300
244	            )
245	            evidence["coverage_passed"] = result.returncode == 0

--------------------------------------------------
>> Issue: [B607:start_process_with_partial_path] Starting a process with a partial executable path
   Severity: Low   Confidence: High
   CWE: CWE-78 (https://cwe.mitre.org/data/definitions/78.html)
   More Info: https://bandit.readthedocs.io/en/1.8.6/plugins/b607_start_process_with_partial_path.html
   Location: ./core/quality_gate/stage_pass_generator.py:496:12
495	        try:
496	            subprocess.run(["git", "add", str(output_path)], check=True, capture_output=True)
497	            msg = f"chore: Phase {self.phase} STAGE_PASS — {SKILL_REF}"

--------------------------------------------------
>> Issue: [B603:subprocess_without_shell_equals_true] subprocess call - check for execution of untrusted input.
   Severity: Low   Confidence: High
   CWE: CWE-78 (https://cwe.mitre.org/data/definitions/78.html)
   More Info: https://bandit.readthedocs.io/en/1.8.6/plugins/b603_subprocess_without_shell_equals_true.html
   Location: ./core/quality_gate/stage_pass_generator.py:496:12
495	        try:
496	            subprocess.run(["git", "add", str(output_path)], check=True, capture_output=True)
497	            msg = f"chore: Phase {self.phase} STAGE_PASS — {SKILL_REF}"

--------------------------------------------------
>> Issue: [B607:start_process_with_partial_path] Starting a process with a partial executable path
   Severity: Low   Confidence: High
   CWE: CWE-78 (https://cwe.mitre.org/data/definitions/78.html)
   More Info: https://bandit.readthedocs.io/en/1.8.6/plugins/b607_start_process_with_partial_path.html
   Location: ./core/quality_gate/stage_pass_generator.py:498:12
497	            msg = f"chore: Phase {self.phase} STAGE_PASS — {SKILL_REF}"
498	            subprocess.run(["git", "commit", "-m", msg], check=True, capture_output=True)
499	            subprocess.run(["git", "push"], check=True, capture_output=True)

--------------------------------------------------
>> Issue: [B603:subprocess_without_shell_equals_true] subprocess call - check for execution of untrusted input.
   Severity: Low   Confidence: High
   CWE: CWE-78 (https://cwe.mitre.org/data/definitions/78.html)
   More Info: https://bandit.readthedocs.io/en/1.8.6/plugins/b603_subprocess_without_shell_equals_true.html
   Location: ./core/quality_gate/stage_pass_generator.py:498:12
497	            msg = f"chore: Phase {self.phase} STAGE_PASS — {SKILL_REF}"
498	            subprocess.run(["git", "commit", "-m", msg], check=True, capture_output=True)
499	            subprocess.run(["git", "push"], check=True, capture_output=True)

--------------------------------------------------
>> Issue: [B607:start_process_with_partial_path] Starting a process with a partial executable path
   Severity: Low   Confidence: High
   CWE: CWE-78 (https://cwe.mitre.org/data/definitions/78.html)
   More Info: https://bandit.readthedocs.io/en/1.8.6/plugins/b607_start_process_with_partial_path.html
   Location: ./core/quality_gate/stage_pass_generator.py:499:12
498	            subprocess.run(["git", "commit", "-m", msg], check=True, capture_output=True)
499	            subprocess.run(["git", "push"], check=True, capture_output=True)
500	            

--------------------------------------------------
>> Issue: [B603:subprocess_without_shell_equals_true] subprocess call - check for execution of untrusted input.
   Severity: Low   Confidence: High
   CWE: CWE-78 (https://cwe.mitre.org/data/definitions/78.html)
   More Info: https://bandit.readthedocs.io/en/1.8.6/plugins/b603_subprocess_without_shell_equals_true.html
   Location: ./core/quality_gate/stage_pass_generator.py:499:12
498	            subprocess.run(["git", "commit", "-m", msg], check=True, capture_output=True)
499	            subprocess.run(["git", "push"], check=True, capture_output=True)
500	            

--------------------------------------------------
>> Issue: [B607:start_process_with_partial_path] Starting a process with a partial executable path
   Severity: Low   Confidence: High
   CWE: CWE-78 (https://cwe.mitre.org/data/definitions/78.html)
   More Info: https://bandit.readthedocs.io/en/1.8.6/plugins/b607_start_process_with_partial_path.html
   Location: ./core/quality_gate/stage_pass_generator.py:501:21
500	            
501	            result = subprocess.run(
502	                ["git", "rev-parse", "--short", "HEAD"],
503	                check=True,
504	                capture_output=True,
505	                text=True
506	            )
507	            commit_hash = result.stdout.strip()

--------------------------------------------------
>> Issue: [B603:subprocess_without_shell_equals_true] subprocess call - check for execution of untrusted input.
   Severity: Low   Confidence: High
   CWE: CWE-78 (https://cwe.mitre.org/data/definitions/78.html)
   More Info: https://bandit.readthedocs.io/en/1.8.6/plugins/b603_subprocess_without_shell_equals_true.html
   Location: ./core/quality_gate/stage_pass_generator.py:501:21
500	            
501	            result = subprocess.run(
502	                ["git", "rev-parse", "--short", "HEAD"],
503	                check=True,
504	                capture_output=True,
505	                text=True
506	            )
507	            commit_hash = result.stdout.strip()

--------------------------------------------------
>> Issue: [B404:blacklist] Consider possible security implications associated with the subprocess module.
   Severity: Low   Confidence: High
   CWE: CWE-78 (https://cwe.mitre.org/data/definitions/78.html)
   More Info: https://bandit.readthedocs.io/en/1.8.6/blacklists/blacklist_imports.html#b404-import-subprocess
   Location: ./core/quality_gate/stage_pass_generator.py:598:8
597	        
598	        import subprocess
599	        import os

--------------------------------------------------
>> Issue: [B607:start_process_with_partial_path] Starting a process with a partial executable path
   Severity: Low   Confidence: High
   CWE: CWE-78 (https://cwe.mitre.org/data/definitions/78.html)
   More Info: https://bandit.readthedocs.io/en/1.8.6/plugins/b607_start_process_with_partial_path.html
   Location: ./core/quality_gate/stage_pass_generator.py:610:21
609	        try:
610	            result = subprocess.run(
611	                ["python3", sab_script, "--project", self.project_root],
612	                capture_output=True, text=True, timeout=60
613	            )
614	            if result.returncode == 0:

--------------------------------------------------
>> Issue: [B603:subprocess_without_shell_equals_true] subprocess call - check for execution of untrusted input.
   Severity: Low   Confidence: High
   CWE: CWE-78 (https://cwe.mitre.org/data/definitions/78.html)
   More Info: https://bandit.readthedocs.io/en/1.8.6/plugins/b603_subprocess_without_shell_equals_true.html
   Location: ./core/quality_gate/stage_pass_generator.py:610:21
609	        try:
610	            result = subprocess.run(
611	                ["python3", sab_script, "--project", self.project_root],
612	                capture_output=True, text=True, timeout=60
613	            )
614	            if result.returncode == 0:

--------------------------------------------------
>> Issue: [B110:try_except_pass] Try, Except, Pass detected.
   Severity: Low   Confidence: High
   CWE: CWE-703 (https://cwe.mitre.org/data/definitions/703.html)
   More Info: https://bandit.readthedocs.io/en/1.8.6/plugins/b110_try_except_pass.html
   Location: ./detection/drift_detector.py:187:12
186	                    implemented_frs.add(f"FR-{m.group(1).zfill(2)}")
187	            except Exception: # pylint: disable=broad-exception-caught
188	                pass
189	

--------------------------------------------------
>> Issue: [B404:blacklist] Consider possible security implications associated with the subprocess module.
   Severity: Low   Confidence: High
   CWE: CWE-78 (https://cwe.mitre.org/data/definitions/78.html)
   More Info: https://bandit.readthedocs.io/en/1.8.6/blacklists/blacklist_imports.html#b404-import-subprocess
   Location: ./enforcement/agent_proof_hook.py:15:0
14	import os
15	import subprocess
16	import sys

--------------------------------------------------
>> Issue: [B103:set_bad_file_permissions] Chmod setting a permissive mask 0o755 on file (hook_path).
   Severity: Medium   Confidence: High
   CWE: CWE-732 (https://cwe.mitre.org/data/definitions/732.html)
   More Info: https://bandit.readthedocs.io/en/1.8.6/plugins/b103_set_bad_file_permissions.html
   Location: ./enforcement/agent_proof_hook.py:144:8
143	            f.write(self.WRAPPER_TEMPLATE)
144	        os.chmod(self.hook_path, 0o755)
145	        print(f"  Hook wrapper installed: {self.hook_path}")

--------------------------------------------------
>> Issue: [B607:start_process_with_partial_path] Starting a process with a partial executable path
   Severity: Low   Confidence: High
   CWE: CWE-78 (https://cwe.mitre.org/data/definitions/78.html)
   More Info: https://bandit.readthedocs.io/en/1.8.6/plugins/b607_start_process_with_partial_path.html
   Location: ./enforcement/agent_proof_hook.py:150:12
149	        try:
150	            subprocess.run(["chattr", "+i", str(self.hook_path)], capture_output=True, shell=False)
151	            if os.path.exists("/usr/bin/lsattr"):

--------------------------------------------------
>> Issue: [B603:subprocess_without_shell_equals_true] subprocess call - check for execution of untrusted input.
   Severity: Low   Confidence: High
   CWE: CWE-78 (https://cwe.mitre.org/data/definitions/78.html)
   More Info: https://bandit.readthedocs.io/en/1.8.6/plugins/b603_subprocess_without_shell_equals_true.html
   Location: ./enforcement/agent_proof_hook.py:150:12
149	        try:
150	            subprocess.run(["chattr", "+i", str(self.hook_path)], capture_output=True, shell=False)
151	            if os.path.exists("/usr/bin/lsattr"):

--------------------------------------------------
>> Issue: [B607:start_process_with_partial_path] Starting a process with a partial executable path
   Severity: Low   Confidence: High
   CWE: CWE-78 (https://cwe.mitre.org/data/definitions/78.html)
   More Info: https://bandit.readthedocs.io/en/1.8.6/plugins/b607_start_process_with_partial_path.html
   Location: ./enforcement/agent_proof_hook.py:152:16
151	            if os.path.exists("/usr/bin/lsattr"):
152	                subprocess.run(["lsattr", str(self.hook_path)], capture_output=True, shell=False)
153	            print("  Immutable attribute set (if supported)")

--------------------------------------------------
>> Issue: [B603:subprocess_without_shell_equals_true] subprocess call - check for execution of untrusted input.
   Severity: Low   Confidence: High
   CWE: CWE-78 (https://cwe.mitre.org/data/definitions/78.html)
   More Info: https://bandit.readthedocs.io/en/1.8.6/plugins/b603_subprocess_without_shell_equals_true.html
   Location: ./enforcement/agent_proof_hook.py:152:16
151	            if os.path.exists("/usr/bin/lsattr"):
152	                subprocess.run(["lsattr", str(self.hook_path)], capture_output=True, shell=False)
153	            print("  Immutable attribute set (if supported)")

--------------------------------------------------
>> Issue: [B110:try_except_pass] Try, Except, Pass detected.
   Severity: Low   Confidence: High
   CWE: CWE-703 (https://cwe.mitre.org/data/definitions/703.html)
   More Info: https://bandit.readthedocs.io/en/1.8.6/plugins/b110_try_except_pass.html
   Location: ./enforcement/agent_proof_hook.py:154:8
153	            print("  Immutable attribute set (if supported)")
154	        except Exception:
155	            pass
156	

--------------------------------------------------
>> Issue: [B607:start_process_with_partial_path] Starting a process with a partial executable path
   Severity: Low   Confidence: High
   CWE: CWE-78 (https://cwe.mitre.org/data/definitions/78.html)
   More Info: https://bandit.readthedocs.io/en/1.8.6/plugins/b607_start_process_with_partial_path.html
   Location: ./enforcement/agent_proof_hook.py:181:12
180	        try:
181	            subprocess.run(["chattr", "-i", str(self.hook_path)], capture_output=True, shell=False)
182	        except Exception:

--------------------------------------------------
>> Issue: [B603:subprocess_without_shell_equals_true] subprocess call - check for execution of untrusted input.
   Severity: Low   Confidence: High
   CWE: CWE-78 (https://cwe.mitre.org/data/definitions/78.html)
   More Info: https://bandit.readthedocs.io/en/1.8.6/plugins/b603_subprocess_without_shell_equals_true.html
   Location: ./enforcement/agent_proof_hook.py:181:12
180	        try:
181	            subprocess.run(["chattr", "-i", str(self.hook_path)], capture_output=True, shell=False)
182	        except Exception:

--------------------------------------------------
>> Issue: [B110:try_except_pass] Try, Except, Pass detected.
   Severity: Low   Confidence: High
   CWE: CWE-703 (https://cwe.mitre.org/data/definitions/703.html)
   More Info: https://bandit.readthedocs.io/en/1.8.6/plugins/b110_try_except_pass.html
   Location: ./enforcement/agent_proof_hook.py:182:8
181	            subprocess.run(["chattr", "-i", str(self.hook_path)], capture_output=True, shell=False)
182	        except Exception:
183	            pass
184	        if self.core_path.exists():

--------------------------------------------------
>> Issue: [B405:blacklist] Using xml.etree.ElementTree to parse untrusted XML data is known to be vulnerable to XML attacks. Replace xml.etree.ElementTree with the equivalent defusedxml package, or make sure defusedxml.defuse_stdlib() is called.
   Severity: Low   Confidence: High
   CWE: CWE-20 (https://cwe.mitre.org/data/definitions/20.html)
   More Info: https://bandit.readthedocs.io/en/1.8.6/blacklists/blacklist_imports.html#b405-import-xml-etree
   Location: ./enforcement/framework_enforcer.py:151:8
150	            return {"passed": False, "coverage": 0, "threshold": DEFAULT_THRESHOLD, "message": "coverage report not found"}
151	        import xml.etree.ElementTree as ET
152	        try:

--------------------------------------------------
>> Issue: [B314:blacklist] Using xml.etree.ElementTree.parse to parse untrusted XML data is known to be vulnerable to XML attacks. Replace xml.etree.ElementTree.parse with its defusedxml equivalent function or make sure defusedxml.defuse_stdlib() is called
   Severity: Medium   Confidence: High
   CWE: CWE-20 (https://cwe.mitre.org/data/definitions/20.html)
   More Info: https://bandit.readthedocs.io/en/1.8.6/blacklists/blacklist_calls.html#b313-b320-xml-bad-elementtree
   Location: ./enforcement/framework_enforcer.py:153:19
152	        try:
153	            tree = ET.parse(coverage_file)
154	            coverage = float(tree.getroot().attrib.get("line-rate", 0)) * 100

--------------------------------------------------
>> Issue: [B404:blacklist] Consider possible security implications associated with the subprocess module.
   Severity: Low   Confidence: High
   CWE: CWE-78 (https://cwe.mitre.org/data/definitions/78.html)
   More Info: https://bandit.readthedocs.io/en/1.8.6/blacklists/blacklist_imports.html#b404-import-subprocess
   Location: ./enforcement/policy_engine.py:169:8
168	    def _check_aspice_docs(self) -> bool:
169	        import subprocess
170	        doc_checker_path = os.path.join(

--------------------------------------------------
>> Issue: [B607:start_process_with_partial_path] Starting a process with a partial executable path
   Severity: Low   Confidence: High
   CWE: CWE-78 (https://cwe.mitre.org/data/definitions/78.html)
   More Info: https://bandit.readthedocs.io/en/1.8.6/plugins/b607_start_process_with_partial_path.html
   Location: ./enforcement/policy_engine.py:177:21
176	        try:
177	            result = subprocess.run(
178	                ["python3", doc_checker_path, "--format", "json"],
179	                capture_output=True, text=True, timeout=30, check=False
180	            )
181	            if result.returncode == 0:

--------------------------------------------------
>> Issue: [B603:subprocess_without_shell_equals_true] subprocess call - check for execution of untrusted input.
   Severity: Low   Confidence: High
   CWE: CWE-78 (https://cwe.mitre.org/data/definitions/78.html)
   More Info: https://bandit.readthedocs.io/en/1.8.6/plugins/b603_subprocess_without_shell_equals_true.html
   Location: ./enforcement/policy_engine.py:177:21
176	        try:
177	            result = subprocess.run(
178	                ["python3", doc_checker_path, "--format", "json"],
179	                capture_output=True, text=True, timeout=30, check=False
180	            )
181	            if result.returncode == 0:

--------------------------------------------------
>> Issue: [B404:blacklist] Consider possible security implications associated with the subprocess module.
   Severity: Low   Confidence: High
   CWE: CWE-78 (https://cwe.mitre.org/data/definitions/78.html)
   More Info: https://bandit.readthedocs.io/en/1.8.6/blacklists/blacklist_imports.html#b404-import-subprocess
   Location: ./enforcement/policy_engine.py:189:8
188	    def _check_phase_artifacts(self) -> bool:
189	        import subprocess
190	        enforcer_path = os.path.join(

--------------------------------------------------
>> Issue: [B607:start_process_with_partial_path] Starting a process with a partial executable path
   Severity: Low   Confidence: High
   CWE: CWE-78 (https://cwe.mitre.org/data/definitions/78.html)
   More Info: https://bandit.readthedocs.io/en/1.8.6/plugins/b607_start_process_with_partial_path.html
   Location: ./enforcement/policy_engine.py:197:21
196	        try:
197	            result = subprocess.run(
198	                ["python3", enforcer_path, "--json"],
199	                capture_output=True, text=True, timeout=30, check=False
200	            )
201	            return result.returncode == 0

--------------------------------------------------
>> Issue: [B603:subprocess_without_shell_equals_true] subprocess call - check for execution of untrusted input.
   Severity: Low   Confidence: High
   CWE: CWE-78 (https://cwe.mitre.org/data/definitions/78.html)
   More Info: https://bandit.readthedocs.io/en/1.8.6/plugins/b603_subprocess_without_shell_equals_true.html
   Location: ./enforcement/policy_engine.py:197:21
196	        try:
197	            result = subprocess.run(
198	                ["python3", enforcer_path, "--json"],
199	                capture_output=True, text=True, timeout=30, check=False
200	            )
201	            return result.returncode == 0

--------------------------------------------------
>> Issue: [B110:try_except_pass] Try, Except, Pass detected.
   Severity: Low   Confidence: High
   CWE: CWE-703 (https://cwe.mitre.org/data/definitions/703.html)
   More Info: https://bandit.readthedocs.io/en/1.8.6/plugins/b110_try_except_pass.html
   Location: ./gap_detector/detector.py:80:12
79	                self._gaps.extend(fn())
80	            except Exception:
81	                pass
82	        try:

--------------------------------------------------
>> Issue: [B110:try_except_pass] Try, Except, Pass detected.
   Severity: Low   Confidence: High
   CWE: CWE-703 (https://cwe.mitre.org/data/definitions/703.html)
   More Info: https://bandit.readthedocs.io/en/1.8.6/plugins/b110_try_except_pass.html
   Location: ./gap_detector/detector.py:84:8
83	            self._mark_downstream_effects()
84	        except Exception:
85	            pass
86	        return self._gaps

--------------------------------------------------
>> Issue: [B404:blacklist] Consider possible security implications associated with the subprocess module.
   Severity: Low   Confidence: High
   CWE: CWE-78 (https://cwe.mitre.org/data/definitions/78.html)
   More Info: https://bandit.readthedocs.io/en/1.8.6/blacklists/blacklist_imports.html#b404-import-subprocess
   Location: ./harness/crg_bridge.py:11:0
10	import os
11	import subprocess
12	from pathlib import Path

--------------------------------------------------
>> Issue: [B607:start_process_with_partial_path] Starting a process with a partial executable path
   Severity: Low   Confidence: High
   CWE: CWE-78 (https://cwe.mitre.org/data/definitions/78.html)
   More Info: https://bandit.readthedocs.io/en/1.8.6/plugins/b607_start_process_with_partial_path.html
   Location: ./harness/crg_bridge.py:23:16
22	        if self._available is None:
23	            r = subprocess.run(
24	                ["python3", "-c", "import mcp__code_review_graph"],
25	                capture_output=True,
26	                check=False
27	            )
28	            self._available = r.returncode == 0

--------------------------------------------------
>> Issue: [B603:subprocess_without_shell_equals_true] subprocess call - check for execution of untrusted input.
   Severity: Low   Confidence: High
   CWE: CWE-78 (https://cwe.mitre.org/data/definitions/78.html)
   More Info: https://bandit.readthedocs.io/en/1.8.6/plugins/b603_subprocess_without_shell_equals_true.html
   Location: ./harness/crg_bridge.py:23:16
22	        if self._available is None:
23	            r = subprocess.run(
24	                ["python3", "-c", "import mcp__code_review_graph"],
25	                capture_output=True,
26	                check=False
27	            )
28	            self._available = r.returncode == 0

--------------------------------------------------
>> Issue: [B607:start_process_with_partial_path] Starting a process with a partial executable path
   Severity: Low   Confidence: High
   CWE: CWE-78 (https://cwe.mitre.org/data/definitions/78.html)
   More Info: https://bandit.readthedocs.io/en/1.8.6/plugins/b607_start_process_with_partial_path.html
   Location: ./harness/crg_bridge.py:43:8
42	            return {}
43	        subprocess.run(
44	            ["python3", "scripts/crg_integration.py", "ensure", project_root],
45	            capture_output=True, text=True, cwd=self._ssi_root(),
46	            check=False
47	        )
48	        p = Path(project_root) / ".sessi-work" / "crg_reconnaissance.json"

--------------------------------------------------
>> Issue: [B603:subprocess_without_shell_equals_true] subprocess call - check for execution of untrusted input.
   Severity: Low   Confidence: High
   CWE: CWE-78 (https://cwe.mitre.org/data/definitions/78.html)
   More Info: https://bandit.readthedocs.io/en/1.8.6/plugins/b603_subprocess_without_shell_equals_true.html
   Location: ./harness/crg_bridge.py:43:8
42	            return {}
43	        subprocess.run(
44	            ["python3", "scripts/crg_integration.py", "ensure", project_root],
45	            capture_output=True, text=True, cwd=self._ssi_root(),
46	            check=False
47	        )
48	        p = Path(project_root) / ".sessi-work" / "crg_reconnaissance.json"

--------------------------------------------------
>> Issue: [B607:start_process_with_partial_path] Starting a process with a partial executable path
   Severity: Low   Confidence: High
   CWE: CWE-78 (https://cwe.mitre.org/data/definitions/78.html)
   More Info: https://bandit.readthedocs.io/en/1.8.6/plugins/b607_start_process_with_partial_path.html
   Location: ./harness/crg_bridge.py:64:12
63	            return {}
64	        r = subprocess.run(
65	            ["python3", "scripts/crg_integration.py", "context", project_root, dimension],
66	            capture_output=True, text=True, cwd=self._ssi_root(),
67	            check=False
68	        )
69	        try:

--------------------------------------------------
>> Issue: [B603:subprocess_without_shell_equals_true] subprocess call - check for execution of untrusted input.
   Severity: Low   Confidence: High
   CWE: CWE-78 (https://cwe.mitre.org/data/definitions/78.html)
   More Info: https://bandit.readthedocs.io/en/1.8.6/plugins/b603_subprocess_without_shell_equals_true.html
   Location: ./harness/crg_bridge.py:64:12
63	            return {}
64	        r = subprocess.run(
65	            ["python3", "scripts/crg_integration.py", "context", project_root, dimension],
66	            capture_output=True, text=True, cwd=self._ssi_root(),
67	            check=False
68	        )
69	        try:

--------------------------------------------------
>> Issue: [B607:start_process_with_partial_path] Starting a process with a partial executable path
   Severity: Low   Confidence: High
   CWE: CWE-78 (https://cwe.mitre.org/data/definitions/78.html)
   More Info: https://bandit.readthedocs.io/en/1.8.6/plugins/b607_start_process_with_partial_path.html
   Location: ./harness/crg_bridge.py:88:12
87	            return False
88	        r = subprocess.run(
89	            ["python3", "scripts/crg_integration.py", "risky",
90	             project_root, ref, str(threshold)],
91	            capture_output=True, cwd=self._ssi_root(),
92	            check=False
93	        )
94	        return r.returncode == 1   # convention: 1=risky, 0=safe

--------------------------------------------------
>> Issue: [B603:subprocess_without_shell_equals_true] subprocess call - check for execution of untrusted input.
   Severity: Low   Confidence: High
   CWE: CWE-78 (https://cwe.mitre.org/data/definitions/78.html)
   More Info: https://bandit.readthedocs.io/en/1.8.6/plugins/b603_subprocess_without_shell_equals_true.html
   Location: ./harness/crg_bridge.py:88:12
87	            return False
88	        r = subprocess.run(
89	            ["python3", "scripts/crg_integration.py", "risky",
90	             project_root, ref, str(threshold)],
91	            capture_output=True, cwd=self._ssi_root(),
92	            check=False
93	        )
94	        return r.returncode == 1   # convention: 1=risky, 0=safe

--------------------------------------------------
>> Issue: [B110:try_except_pass] Try, Except, Pass detected.
   Severity: Low   Confidence: High
   CWE: CWE-703 (https://cwe.mitre.org/data/definitions/703.html)
   More Info: https://bandit.readthedocs.io/en/1.8.6/plugins/b110_try_except_pass.html
   Location: ./harness/decision_log.py:65:12
64	                )
65	            except Exception:
66	                pass
67	        return entries

--------------------------------------------------
>> Issue: [B404:blacklist] Consider possible security implications associated with the subprocess module.
   Severity: Low   Confidence: High
   CWE: CWE-78 (https://cwe.mitre.org/data/definitions/78.html)
   More Info: https://bandit.readthedocs.io/en/1.8.6/blacklists/blacklist_imports.html#b404-import-subprocess
   Location: ./harness/git_strategy.py:28:0
27	import os
28	import subprocess
29	from datetime import datetime, timezone

--------------------------------------------------
>> Issue: [B607:start_process_with_partial_path] Starting a process with a partial executable path
   Severity: Low   Confidence: High
   CWE: CWE-78 (https://cwe.mitre.org/data/definitions/78.html)
   More Info: https://bandit.readthedocs.io/en/1.8.6/plugins/b607_start_process_with_partial_path.html
   Location: ./harness/git_strategy.py:190:19
189	        try:
190	            return subprocess.run(
191	                ["git", *args],
192	                capture_output=True, text=True,
193	                cwd=str(self.project), timeout=60, check=False,
194	            )
195	        except Exception as exc:  # pylint: disable=broad-exception-caught

--------------------------------------------------
>> Issue: [B603:subprocess_without_shell_equals_true] subprocess call - check for execution of untrusted input.
   Severity: Low   Confidence: High
   CWE: CWE-78 (https://cwe.mitre.org/data/definitions/78.html)
   More Info: https://bandit.readthedocs.io/en/1.8.6/plugins/b603_subprocess_without_shell_equals_true.html
   Location: ./harness/git_strategy.py:190:19
189	        try:
190	            return subprocess.run(
191	                ["git", *args],
192	                capture_output=True, text=True,
193	                cwd=str(self.project), timeout=60, check=False,
194	            )
195	        except Exception as exc:  # pylint: disable=broad-exception-caught

--------------------------------------------------
>> Issue: [B404:blacklist] Consider possible security implications associated with the subprocess module.
   Severity: Low   Confidence: High
   CWE: CWE-78 (https://cwe.mitre.org/data/definitions/78.html)
   More Info: https://bandit.readthedocs.io/en/1.8.6/blacklists/blacklist_imports.html#b404-import-subprocess
   Location: ./harness/harness_bridge.py:9:0
8	import json
9	import subprocess
10	import time

--------------------------------------------------
>> Issue: [B603:subprocess_without_shell_equals_true] subprocess call - check for execution of untrusted input.
   Severity: Low   Confidence: High
   CWE: CWE-78 (https://cwe.mitre.org/data/definitions/78.html)
   More Info: https://bandit.readthedocs.io/en/1.8.6/plugins/b603_subprocess_without_shell_equals_true.html
   Location: ./harness/harness_bridge.py:192:15
191	        timeout_s = config.get("max_rounds", 3) * 300
192	        proc = subprocess.run(cmd, capture_output=True, text=True, timeout=timeout_s, check=False)
193	

--------------------------------------------------
>> Issue: [B108:hardcoded_tmp_directory] Probable insecure usage of temp file/directory.
   Severity: Medium   Confidence: Medium
   CWE: CWE-377 (https://cwe.mitre.org/data/definitions/377.html)
   More Info: https://bandit.readthedocs.io/en/1.8.6/plugins/b108_hardcoded_tmp_directory.html
   Location: ./kill_switch/audit_logger.py:31:38
30	
31	    def __init__(self, log_dir: str = "/tmp/kill_switch_logs"):
32	        self.log_dir = log_dir

--------------------------------------------------
>> Issue: [B311:blacklist] Standard pseudo-random generators are not suitable for security/cryptographic purposes.
   Severity: Low   Confidence: High
   CWE: CWE-330 (https://cwe.mitre.org/data/definitions/330.html)
   More Info: https://bandit.readthedocs.io/en/1.8.6/blacklists/blacklist_calls.html#b311-random
   Location: ./kill_switch/health_monitor.py:53:23
52	            agent_id=agent_id,
53	            error_rate=random.uniform(0.0, 0.15),
54	            latency_p99_ms=random.uniform(100.0, 6000.0),

--------------------------------------------------
>> Issue: [B311:blacklist] Standard pseudo-random generators are not suitable for security/cryptographic purposes.
   Severity: Low   Confidence: High
   CWE: CWE-330 (https://cwe.mitre.org/data/definitions/330.html)
   More Info: https://bandit.readthedocs.io/en/1.8.6/blacklists/blacklist_calls.html#b311-random
   Location: ./kill_switch/health_monitor.py:54:27
53	            error_rate=random.uniform(0.0, 0.15),
54	            latency_p99_ms=random.uniform(100.0, 6000.0),
55	            memory_usage_percent=random.uniform(30.0, 95.0),

--------------------------------------------------
>> Issue: [B311:blacklist] Standard pseudo-random generators are not suitable for security/cryptographic purposes.
   Severity: Low   Confidence: High
   CWE: CWE-330 (https://cwe.mitre.org/data/definitions/330.html)
   More Info: https://bandit.readthedocs.io/en/1.8.6/blacklists/blacklist_calls.html#b311-random
   Location: ./kill_switch/health_monitor.py:55:33
54	            latency_p99_ms=random.uniform(100.0, 6000.0),
55	            memory_usage_percent=random.uniform(30.0, 95.0),
56	            output_rate_kbps=random.uniform(10.0, 150.0),

--------------------------------------------------
>> Issue: [B311:blacklist] Standard pseudo-random generators are not suitable for security/cryptographic purposes.
   Severity: Low   Confidence: High
   CWE: CWE-330 (https://cwe.mitre.org/data/definitions/330.html)
   More Info: https://bandit.readthedocs.io/en/1.8.6/blacklists/blacklist_calls.html#b311-random
   Location: ./kill_switch/health_monitor.py:56:29
55	            memory_usage_percent=random.uniform(30.0, 95.0),
56	            output_rate_kbps=random.uniform(10.0, 150.0),
57	            last_health_check=now,

--------------------------------------------------
>> Issue: [B404:blacklist] Consider possible security implications associated with the subprocess module.
   Severity: Low   Confidence: High
   CWE: CWE-78 (https://cwe.mitre.org/data/definitions/78.html)
   More Info: https://bandit.readthedocs.io/en/1.8.6/blacklists/blacklist_imports.html#b404-import-subprocess
   Location: ./quality_dashboard/agent_auto_research.py:22:0
21	import json
22	import subprocess
23	import sys

--------------------------------------------------
>> Issue: [B404:blacklist] Consider possible security implications associated with the subprocess module.
   Severity: Low   Confidence: High
   CWE: CWE-78 (https://cwe.mitre.org/data/definitions/78.html)
   More Info: https://bandit.readthedocs.io/en/1.8.6/blacklists/blacklist_imports.html#b404-import-subprocess
   Location: ./quality_dashboard/agent_auto_research.py:258:12
257	        try:
258	            import subprocess
259	            stats_str = json.dumps(stats, indent=2)

--------------------------------------------------
>> Issue: [B607:start_process_with_partial_path] Starting a process with a partial executable path
   Severity: Low   Confidence: High
   CWE: CWE-78 (https://cwe.mitre.org/data/definitions/78.html)
   More Info: https://bandit.readthedocs.io/en/1.8.6/plugins/b607_start_process_with_partial_path.html
   Location: ./quality_dashboard/agent_auto_research.py:262:12
261	            # Stage all changes
262	            subprocess.run(['git', 'add', '-A'], cwd=self.project_path, check=False)
263	

--------------------------------------------------
>> Issue: [B603:subprocess_without_shell_equals_true] subprocess call - check for execution of untrusted input.
   Severity: Low   Confidence: High
   CWE: CWE-78 (https://cwe.mitre.org/data/definitions/78.html)
   More Info: https://bandit.readthedocs.io/en/1.8.6/plugins/b603_subprocess_without_shell_equals_true.html
   Location: ./quality_dashboard/agent_auto_research.py:262:12
261	            # Stage all changes
262	            subprocess.run(['git', 'add', '-A'], cwd=self.project_path, check=False)
263	

--------------------------------------------------
>> Issue: [B607:start_process_with_partial_path] Starting a process with a partial executable path
   Severity: Low   Confidence: High
   CWE: CWE-78 (https://cwe.mitre.org/data/definitions/78.html)
   More Info: https://bandit.readthedocs.io/en/1.8.6/plugins/b607_start_process_with_partial_path.html
   Location: ./quality_dashboard/agent_auto_research.py:277:21
276	
277	            result = subprocess.run(['git', 'commit', '-m', msg],
278	                                     cwd=self.project_path,
279	                                     capture_output=True, text=True)
280	

--------------------------------------------------
>> Issue: [B603:subprocess_without_shell_equals_true] subprocess call - check for execution of untrusted input.
   Severity: Low   Confidence: High
   CWE: CWE-78 (https://cwe.mitre.org/data/definitions/78.html)
   More Info: https://bandit.readthedocs.io/en/1.8.6/plugins/b603_subprocess_without_shell_equals_true.html
   Location: ./quality_dashboard/agent_auto_research.py:277:21
276	
277	            result = subprocess.run(['git', 'commit', '-m', msg],
278	                                     cwd=self.project_path,
279	                                     capture_output=True, text=True)
280	

--------------------------------------------------
>> Issue: [B603:subprocess_without_shell_equals_true] subprocess call - check for execution of untrusted input.
   Severity: Low   Confidence: High
   CWE: CWE-78 (https://cwe.mitre.org/data/definitions/78.html)
   More Info: https://bandit.readthedocs.io/en/1.8.6/plugins/b603_subprocess_without_shell_equals_true.html
   Location: ./quality_dashboard/agent_auto_research.py:349:21
348	        try:
349	            result = subprocess.run(
350	                tool_cmd,
351	                cwd=cwd,
352	                capture_output=True,
353	                text=True,
354	                timeout=120
355	            )
356	            return result.stdout, result.stderr, result.returncode

--------------------------------------------------
>> Issue: [B110:try_except_pass] Try, Except, Pass detected.
   Severity: Low   Confidence: High
   CWE: CWE-703 (https://cwe.mitre.org/data/definitions/703.html)
   More Info: https://bandit.readthedocs.io/en/1.8.6/plugins/b110_try_except_pass.html
   Location: ./quality_dashboard/agent_auto_research.py:430:16
429	                        return "MEDIUM"
430	                except:
431	                    pass
432	            return "LOW"

--------------------------------------------------
>> Issue: [B607:start_process_with_partial_path] Starting a process with a partial executable path
   Severity: Low   Confidence: High
   CWE: CWE-78 (https://cwe.mitre.org/data/definitions/78.html)
   More Info: https://bandit.readthedocs.io/en/1.8.6/plugins/b607_start_process_with_partial_path.html
   Location: ./quality_dashboard/agent_auto_research.py:631:17
630	        _dashboard_dir = str(Path(__file__).parent)
631	        result = subprocess.run(
632	            ["python3", "-c", f"""
633	import sys
634	sys.path.insert(0, '{_dashboard_dir}')
635	from dashboard import QualityDashboard
636	dashboard = QualityDashboard('{self.project_path}')
637	result = dashboard.run_evaluation()
638	print(result.total_score)
639	for k, v in result.dimensions.items():
640	    print(f'{{k}}={{v.score}}')
641	"""],
642	            capture_output=True, text=True, timeout=120,
643	            cwd=str(self.project_path)
644	        )
645	

--------------------------------------------------
>> Issue: [B603:subprocess_without_shell_equals_true] subprocess call - check for execution of untrusted input.
   Severity: Low   Confidence: High
   CWE: CWE-78 (https://cwe.mitre.org/data/definitions/78.html)
   More Info: https://bandit.readthedocs.io/en/1.8.6/plugins/b603_subprocess_without_shell_equals_true.html
   Location: ./quality_dashboard/agent_auto_research.py:631:17
630	        _dashboard_dir = str(Path(__file__).parent)
631	        result = subprocess.run(
632	            ["python3", "-c", f"""
633	import sys
634	sys.path.insert(0, '{_dashboard_dir}')
635	from dashboard import QualityDashboard
636	dashboard = QualityDashboard('{self.project_path}')
637	result = dashboard.run_evaluation()
638	print(result.total_score)
639	for k, v in result.dimensions.items():
640	    print(f'{{k}}={{v.score}}')
641	"""],
642	            capture_output=True, text=True, timeout=120,
643	            cwd=str(self.project_path)
644	        )
645	

--------------------------------------------------
>> Issue: [B110:try_except_pass] Try, Except, Pass detected.
   Severity: Low   Confidence: High
   CWE: CWE-703 (https://cwe.mitre.org/data/definitions/703.html)
   More Info: https://bandit.readthedocs.io/en/1.8.6/plugins/b110_try_except_pass.html
   Location: ./quality_dashboard/agent_auto_research.py:652:16
651	                    scores[dim] = float(score)
652	                except:
653	                    pass
654	

--------------------------------------------------
>> Issue: [B607:start_process_with_partial_path] Starting a process with a partial executable path
   Severity: Low   Confidence: High
   CWE: CWE-78 (https://cwe.mitre.org/data/definitions/78.html)
   More Info: https://bandit.readthedocs.io/en/1.8.6/plugins/b607_start_process_with_partial_path.html
   Location: ./quality_dashboard/agent_auto_research.py:663:13
662	        # D1: Linting
663	        r1 = subprocess.run(["ruff", "check", str(self.project_path), "--ignore=D100,E501,F401"],
664	                          capture_output=True, text=True)
665	        scores["D1_Linting"] = 100 if not r1.stdout.strip() else 85

--------------------------------------------------
>> Issue: [B603:subprocess_without_shell_equals_true] subprocess call - check for execution of untrusted input.
   Severity: Low   Confidence: High
   CWE: CWE-78 (https://cwe.mitre.org/data/definitions/78.html)
   More Info: https://bandit.readthedocs.io/en/1.8.6/plugins/b603_subprocess_without_shell_equals_true.html
   Location: ./quality_dashboard/agent_auto_research.py:663:13
662	        # D1: Linting
663	        r1 = subprocess.run(["ruff", "check", str(self.project_path), "--ignore=D100,E501,F401"],
664	                          capture_output=True, text=True)
665	        scores["D1_Linting"] = 100 if not r1.stdout.strip() else 85

--------------------------------------------------
>> Issue: [B607:start_process_with_partial_path] Starting a process with a partial executable path
   Severity: Low   Confidence: High
   CWE: CWE-78 (https://cwe.mitre.org/data/definitions/78.html)
   More Info: https://bandit.readthedocs.io/en/1.8.6/plugins/b607_start_process_with_partial_path.html
   Location: ./quality_dashboard/agent_auto_research.py:668:13
667	        # D2: Type Safety
668	        r2 = subprocess.run(["mypy", str(self.project_path), "--ignore-missing-imports"],
669	                          capture_output=True, text=True)
670	        error_count = r2.stdout.count(": error:")

--------------------------------------------------
>> Issue: [B603:subprocess_without_shell_equals_true] subprocess call - check for execution of untrusted input.
   Severity: Low   Confidence: High
   CWE: CWE-78 (https://cwe.mitre.org/data/definitions/78.html)
   More Info: https://bandit.readthedocs.io/en/1.8.6/plugins/b603_subprocess_without_shell_equals_true.html
   Location: ./quality_dashboard/agent_auto_research.py:668:13
667	        # D2: Type Safety
668	        r2 = subprocess.run(["mypy", str(self.project_path), "--ignore-missing-imports"],
669	                          capture_output=True, text=True)
670	        error_count = r2.stdout.count(": error:")

--------------------------------------------------
>> Issue: [B607:start_process_with_partial_path] Starting a process with a partial executable path
   Severity: Low   Confidence: High
   CWE: CWE-78 (https://cwe.mitre.org/data/definitions/78.html)
   More Info: https://bandit.readthedocs.io/en/1.8.6/plugins/b607_start_process_with_partial_path.html
   Location: ./quality_dashboard/agent_auto_research.py:677:13
676	        # D4: Security
677	        r4 = subprocess.run(["bandit", "-r", str(self.project_path), "-f", "json"],
678	                          capture_output=True, text=True, timeout=30)
679	        try:

--------------------------------------------------
>> Issue: [B603:subprocess_without_shell_equals_true] subprocess call - check for execution of untrusted input.
   Severity: Low   Confidence: High
   CWE: CWE-78 (https://cwe.mitre.org/data/definitions/78.html)
   More Info: https://bandit.readthedocs.io/en/1.8.6/plugins/b603_subprocess_without_shell_equals_true.html
   Location: ./quality_dashboard/agent_auto_research.py:677:13
676	        # D4: Security
677	        r4 = subprocess.run(["bandit", "-r", str(self.project_path), "-f", "json"],
678	                          capture_output=True, text=True, timeout=30)
679	        try:

--------------------------------------------------
>> Issue: [B112:try_except_continue] Try, Except, Continue detected.
   Severity: Low   Confidence: High
   CWE: CWE-703 (https://cwe.mitre.org/data/definitions/703.html)
   More Info: https://bandit.readthedocs.io/en/1.8.6/plugins/b112_try_except_continue.html
   Location: ./quality_dashboard/agent_auto_research.py:926:12
925	
926	            except:
927	                continue
928	

--------------------------------------------------
>> Issue: [B404:blacklist] Consider possible security implications associated with the subprocess module.
   Severity: Low   Confidence: High
   CWE: CWE-78 (https://cwe.mitre.org/data/definitions/78.html)
   More Info: https://bandit.readthedocs.io/en/1.8.6/blacklists/blacklist_imports.html#b404-import-subprocess
   Location: ./quality_dashboard/auto_research_loop.py:17:0
16	import json
17	import subprocess
18	import sys

--------------------------------------------------
>> Issue: [B112:try_except_continue] Try, Except, Continue detected.
   Severity: Low   Confidence: High
   CWE: CWE-703 (https://cwe.mitre.org/data/definitions/703.html)
   More Info: https://bandit.readthedocs.io/en/1.8.6/plugins/b112_try_except_continue.html
   Location: ./quality_dashboard/auto_research_loop.py:123:12
122	                    ))
123	            except Exception as e:
124	                continue
125	

--------------------------------------------------
>> Issue: [B110:try_except_pass] Try, Except, Pass detected.
   Severity: Low   Confidence: High
   CWE: CWE-703 (https://cwe.mitre.org/data/definitions/703.html)
   More Info: https://bandit.readthedocs.io/en/1.8.6/plugins/b110_try_except_pass.html
   Location: ./quality_dashboard/auto_research_loop.py:143:8
142	                imports.append(module_import)
143	        except:
144	            pass
145	

--------------------------------------------------
>> Issue: [B607:start_process_with_partial_path] Starting a process with a partial executable path
   Severity: Low   Confidence: High
   CWE: CWE-78 (https://cwe.mitre.org/data/definitions/78.html)
   More Info: https://bandit.readthedocs.io/en/1.8.6/plugins/b607_start_process_with_partial_path.html
   Location: ./quality_dashboard/auto_research_loop.py:200:17
199	        # run ruff check to get errors
200	        result = subprocess.run(
201	            ["ruff", "check", str(self.dashboard.project_path), "--ignore=D100,E501,F401"],
202	            capture_output=True, text=True
203	        )
204	

--------------------------------------------------
>> Issue: [B603:subprocess_without_shell_equals_true] subprocess call - check for execution of untrusted input.
   Severity: Low   Confidence: High
   CWE: CWE-78 (https://cwe.mitre.org/data/definitions/78.html)
   More Info: https://bandit.readthedocs.io/en/1.8.6/plugins/b603_subprocess_without_shell_equals_true.html
   Location: ./quality_dashboard/auto_research_loop.py:200:17
199	        # run ruff check to get errors
200	        result = subprocess.run(
201	            ["ruff", "check", str(self.dashboard.project_path), "--ignore=D100,E501,F401"],
202	            capture_output=True, text=True
203	        )
204	

--------------------------------------------------
>> Issue: [B607:start_process_with_partial_path] Starting a process with a partial executable path
   Severity: Low   Confidence: High
   CWE: CWE-78 (https://cwe.mitre.org/data/definitions/78.html)
   More Info: https://bandit.readthedocs.io/en/1.8.6/plugins/b607_start_process_with_partial_path.html
   Location: ./quality_dashboard/auto_research_loop.py:230:17
229	        # use ruff --fix for auto-fix
230	        result = subprocess.run(
231	            ["ruff", "check", str(self.dashboard.project_path), "--fix", "--ignore=D100,E501"],
232	            capture_output=True, text=True
233	        )
234	        action.executed = True

--------------------------------------------------
>> Issue: [B603:subprocess_without_shell_equals_true] subprocess call - check for execution of untrusted input.
   Severity: Low   Confidence: High
   CWE: CWE-78 (https://cwe.mitre.org/data/definitions/78.html)
   More Info: https://bandit.readthedocs.io/en/1.8.6/plugins/b603_subprocess_without_shell_equals_true.html
   Location: ./quality_dashboard/auto_research_loop.py:230:17
229	        # use ruff --fix for auto-fix
230	        result = subprocess.run(
231	            ["ruff", "check", str(self.dashboard.project_path), "--fix", "--ignore=D100,E501"],
232	            capture_output=True, text=True
233	        )
234	        action.executed = True

--------------------------------------------------
>> Issue: [B404:blacklist] Consider possible security implications associated with the subprocess module.
   Severity: Low   Confidence: High
   CWE: CWE-78 (https://cwe.mitre.org/data/definitions/78.html)
   More Info: https://bandit.readthedocs.io/en/1.8.6/blacklists/blacklist_imports.html#b404-import-subprocess
   Location: ./quality_dashboard/dashboard.py:13:0
12	import json
13	import subprocess
14	import sys

--------------------------------------------------
>> Issue: [B603:subprocess_without_shell_equals_true] subprocess call - check for execution of untrusted input.
   Severity: Low   Confidence: High
   CWE: CWE-78 (https://cwe.mitre.org/data/definitions/78.html)
   More Info: https://bandit.readthedocs.io/en/1.8.6/plugins/b603_subprocess_without_shell_equals_true.html
   Location: ./quality_dashboard/dashboard.py:52:17
51	    try:
52	        result = subprocess.run(cmd, capture_output=True, text=True, timeout=timeout, cwd=cwd)
53	        return result.stdout, result.stderr, result.returncode

--------------------------------------------------
>> Issue: [B112:try_except_continue] Try, Except, Continue detected.
   Severity: Low   Confidence: High
   CWE: CWE-703 (https://cwe.mitre.org/data/definitions/703.html)
   More Info: https://bandit.readthedocs.io/en/1.8.6/plugins/b112_try_except_continue.html
   Location: ./quality_dashboard/dashboard.py:137:20
136	                            hotspots[file_path] = cc
137	                    except:
138	                        continue
139	        avg_cc = statistics.mean(hotspots.values()) if hotspots else 0

--------------------------------------------------
>> Issue: [B112:try_except_continue] Try, Except, Continue detected.
   Severity: Low   Confidence: High
   CWE: CWE-703 (https://cwe.mitre.org/data/definitions/703.html)
   More Info: https://bandit.readthedocs.io/en/1.8.6/plugins/b112_try_except_continue.html
   Location: ./quality_dashboard/dashboard.py:187:16
186	                    catch_count += int(line.split(':')[1])
187	                except:
188	                    continue
189	        score = min(100, 50 + catch_count * 2)

--------------------------------------------------
>> Issue: [B404:blacklist] Consider possible security implications associated with the subprocess module.
   Severity: Low   Confidence: High
   CWE: CWE-78 (https://cwe.mitre.org/data/definitions/78.html)
   More Info: https://bandit.readthedocs.io/en/1.8.6/blacklists/blacklist_imports.html#b404-import-subprocess
   Location: ./scripts/check_fr_full.py:27:0
26	import argparse
27	import subprocess
28	import sys

--------------------------------------------------
>> Issue: [B607:start_process_with_partial_path] Starting a process with a partial executable path
   Severity: Low   Confidence: High
   CWE: CWE-78 (https://cwe.mitre.org/data/definitions/78.html)
   More Info: https://bandit.readthedocs.io/en/1.8.6/plugins/b607_start_process_with_partial_path.html
   Location: ./scripts/check_fr_full.py:60:11
59	    for cmd in ["pylint", "pylint3"]:
60	        if subprocess.run(["which", cmd], capture_output=True).returncode == 0:
61	            linter_cmd = cmd

--------------------------------------------------
>> Issue: [B603:subprocess_without_shell_equals_true] subprocess call - check for execution of untrusted input.
   Severity: Low   Confidence: High
   CWE: CWE-78 (https://cwe.mitre.org/data/definitions/78.html)
   More Info: https://bandit.readthedocs.io/en/1.8.6/plugins/b603_subprocess_without_shell_equals_true.html
   Location: ./scripts/check_fr_full.py:60:11
59	    for cmd in ["pylint", "pylint3"]:
60	        if subprocess.run(["which", cmd], capture_output=True).returncode == 0:
61	            linter_cmd = cmd

--------------------------------------------------
>> Issue: [B603:subprocess_without_shell_equals_true] subprocess call - check for execution of untrusted input.
   Severity: Low   Confidence: High
   CWE: CWE-78 (https://cwe.mitre.org/data/definitions/78.html)
   More Info: https://bandit.readthedocs.io/en/1.8.6/plugins/b603_subprocess_without_shell_equals_true.html
   Location: ./scripts/check_fr_full.py:67:17
66	    for py_file in py_files:
67	        result = subprocess.run(
68	            [linter_cmd, "--errors-only", str(py_file)],
69	            capture_output=True, text=True, cwd=str(project)
70	        )
71	        if result.returncode != 0 and result.stderr:

--------------------------------------------------
>> Issue: [B607:start_process_with_partial_path] Starting a process with a partial executable path
   Severity: Low   Confidence: High
   CWE: CWE-78 (https://cwe.mitre.org/data/definitions/78.html)
   More Info: https://bandit.readthedocs.io/en/1.8.6/plugins/b607_start_process_with_partial_path.html
   Location: ./scripts/check_fr_full.py:85:7
84	        return True, []
85	    if subprocess.run(["which", "radon"], capture_output=True).returncode != 0:
86	        print("  radon not found, skipping Complexity")

--------------------------------------------------
>> Issue: [B603:subprocess_without_shell_equals_true] subprocess call - check for execution of untrusted input.
   Severity: Low   Confidence: High
   CWE: CWE-78 (https://cwe.mitre.org/data/definitions/78.html)
   More Info: https://bandit.readthedocs.io/en/1.8.6/plugins/b603_subprocess_without_shell_equals_true.html
   Location: ./scripts/check_fr_full.py:85:7
84	        return True, []
85	    if subprocess.run(["which", "radon"], capture_output=True).returncode != 0:
86	        print("  radon not found, skipping Complexity")

--------------------------------------------------
>> Issue: [B607:start_process_with_partial_path] Starting a process with a partial executable path
   Severity: Low   Confidence: High
   CWE: CWE-78 (https://cwe.mitre.org/data/definitions/78.html)
   More Info: https://bandit.readthedocs.io/en/1.8.6/plugins/b607_start_process_with_partial_path.html
   Location: ./scripts/check_fr_full.py:89:17
88	    for py_file in py_files:
89	        result = subprocess.run(
90	            ["radon", "cc", "-a", "-m", "10", str(py_file)],
91	            capture_output=True, text=True, cwd=str(project)
92	        )
93	        if result.returncode != 0 and result.stdout:

--------------------------------------------------
>> Issue: [B603:subprocess_without_shell_equals_true] subprocess call - check for execution of untrusted input.
   Severity: Low   Confidence: High
   CWE: CWE-78 (https://cwe.mitre.org/data/definitions/78.html)
   More Info: https://bandit.readthedocs.io/en/1.8.6/plugins/b603_subprocess_without_shell_equals_true.html
   Location: ./scripts/check_fr_full.py:89:17
88	    for py_file in py_files:
89	        result = subprocess.run(
90	            ["radon", "cc", "-a", "-m", "10", str(py_file)],
91	            capture_output=True, text=True, cwd=str(project)
92	        )
93	        if result.returncode != 0 and result.stdout:

--------------------------------------------------
>> Issue: [B603:subprocess_without_shell_equals_true] subprocess call - check for execution of untrusted input.
   Severity: Low   Confidence: High
   CWE: CWE-78 (https://cwe.mitre.org/data/definitions/78.html)
   More Info: https://bandit.readthedocs.io/en/1.8.6/plugins/b603_subprocess_without_shell_equals_true.html
   Location: ./scripts/check_fr_full.py:109:17
108	    try:
109	        result = subprocess.run(
110	            cmd, capture_output=True, text=True, timeout=300, cwd=exec_cwd, env=env
111	        )
112	        output = result.stdout + result.stderr

--------------------------------------------------
>> Issue: [B404:blacklist] Consider possible security implications associated with the subprocess module.
   Severity: Low   Confidence: High
   CWE: CWE-78 (https://cwe.mitre.org/data/definitions/78.html)
   More Info: https://bandit.readthedocs.io/en/1.8.6/blacklists/blacklist_imports.html#b404-import-subprocess
   Location: ./scripts/check_fr_quality.py:25:0
24	import argparse
25	import subprocess
26	import sys

--------------------------------------------------
>> Issue: [B607:start_process_with_partial_path] Starting a process with a partial executable path
   Severity: Low   Confidence: High
   CWE: CWE-78 (https://cwe.mitre.org/data/definitions/78.html)
   More Info: https://bandit.readthedocs.io/en/1.8.6/plugins/b607_start_process_with_partial_path.html
   Location: ./scripts/check_fr_quality.py:56:17
55	    try:
56	        result = subprocess.run(
57	            ["python3", "-m", "py_compile", str(file_path)],
58	            capture_output=True, text=True
59	        )
60	        return result.returncode == 0, result.stderr

--------------------------------------------------
>> Issue: [B603:subprocess_without_shell_equals_true] subprocess call - check for execution of untrusted input.
   Severity: Low   Confidence: High
   CWE: CWE-78 (https://cwe.mitre.org/data/definitions/78.html)
   More Info: https://bandit.readthedocs.io/en/1.8.6/plugins/b603_subprocess_without_shell_equals_true.html
   Location: ./scripts/check_fr_quality.py:56:17
55	    try:
56	        result = subprocess.run(
57	            ["python3", "-m", "py_compile", str(file_path)],
58	            capture_output=True, text=True
59	        )
60	        return result.returncode == 0, result.stderr

--------------------------------------------------
>> Issue: [B112:try_except_continue] Try, Except, Continue detected.
   Severity: Low   Confidence: High
   CWE: CWE-703 (https://cwe.mitre.org/data/definitions/703.html)
   More Info: https://bandit.readthedocs.io/en/1.8.6/plugins/b112_try_except_continue.html
   Location: ./scripts/generate_fr_mapping.py:76:12
75	                        fr_files[fr_id].append(rel_path)
76	            except Exception:
77	                continue
78	    return dict(fr_files)

--------------------------------------------------
>> Issue: [B112:try_except_continue] Try, Except, Continue detected.
   Severity: Low   Confidence: High
   CWE: CWE-703 (https://cwe.mitre.org/data/definitions/703.html)
   More Info: https://bandit.readthedocs.io/en/1.8.6/plugins/b112_try_except_continue.html
   Location: ./scripts/generate_fr_mapping.py:94:12
93	                    files.append(str(py_file.relative_to(project)))
94	            except Exception:
95	                continue
96	    return list(set(files))

--------------------------------------------------
>> Issue: [B404:blacklist] Consider possible security implications associated with the subprocess module.
   Severity: Low   Confidence: High
   CWE: CWE-78 (https://cwe.mitre.org/data/definitions/78.html)
   More Info: https://bandit.readthedocs.io/en/1.8.6/blacklists/blacklist_imports.html#b404-import-subprocess
   Location: ./scripts/phase_auditor.py:24:0
23	import re
24	import subprocess
25	import sys

--------------------------------------------------
>> Issue: [B607:start_process_with_partial_path] Starting a process with a partial executable path
   Severity: Low   Confidence: High
   CWE: CWE-78 (https://cwe.mitre.org/data/definitions/78.html)
   More Info: https://bandit.readthedocs.io/en/1.8.6/plugins/b607_start_process_with_partial_path.html
   Location: ./scripts/phase_auditor.py:328:17
327	        """Execute gh api command"""
328	        result = subprocess.run(
329	            ["gh", "api", endpoint],
330	            capture_output=True, text=True
331	        )
332	        if result.returncode != 0:

--------------------------------------------------
>> Issue: [B603:subprocess_without_shell_equals_true] subprocess call - check for execution of untrusted input.
   Severity: Low   Confidence: High
   CWE: CWE-78 (https://cwe.mitre.org/data/definitions/78.html)
   More Info: https://bandit.readthedocs.io/en/1.8.6/plugins/b603_subprocess_without_shell_equals_true.html
   Location: ./scripts/phase_auditor.py:328:17
327	        """Execute gh api command"""
328	        result = subprocess.run(
329	            ["gh", "api", endpoint],
330	            capture_output=True, text=True
331	        )
332	        if result.returncode != 0:

--------------------------------------------------
>> Issue: [B110:try_except_pass] Try, Except, Pass detected.
   Severity: Low   Confidence: High
   CWE: CWE-703 (https://cwe.mitre.org/data/definitions/703.html)
   More Info: https://bandit.readthedocs.io/en/1.8.6/plugins/b110_try_except_pass.html
   Location: ./scripts/spec_logic_checker.py:94:12
93	                functions_checked += len(re.findall(r'def\s+\w+', content))
94	            except Exception:
95	                pass
96	

--------------------------------------------------
>> Issue: [B404:blacklist] Consider possible security implications associated with the subprocess module.
   Severity: Low   Confidence: High
   CWE: CWE-78 (https://cwe.mitre.org/data/definitions/78.html)
   More Info: https://bandit.readthedocs.io/en/1.8.6/blacklists/blacklist_imports.html#b404-import-subprocess
   Location: ./scripts/state_monitor.py:119:8
118	    try:
119	        import subprocess
120	        result = subprocess.run(

--------------------------------------------------
>> Issue: [B607:start_process_with_partial_path] Starting a process with a partial executable path
   Severity: Low   Confidence: High
   CWE: CWE-78 (https://cwe.mitre.org/data/definitions/78.html)
   More Info: https://bandit.readthedocs.io/en/1.8.6/plugins/b607_start_process_with_partial_path.html
   Location: ./scripts/state_monitor.py:120:17
119	        import subprocess
120	        result = subprocess.run(
121	            ["openclaw", "message", "--action", "send", "--channel", "telegram", "--message", message],
122	            capture_output=True, text=True, timeout=10
123	        )
124	        if result.returncode == 0:

--------------------------------------------------
>> Issue: [B603:subprocess_without_shell_equals_true] subprocess call - check for execution of untrusted input.
   Severity: Low   Confidence: High
   CWE: CWE-78 (https://cwe.mitre.org/data/definitions/78.html)
   More Info: https://bandit.readthedocs.io/en/1.8.6/plugins/b603_subprocess_without_shell_equals_true.html
   Location: ./scripts/state_monitor.py:120:17
119	        import subprocess
120	        result = subprocess.run(
121	            ["openclaw", "message", "--action", "send", "--channel", "telegram", "--message", message],
122	            capture_output=True, text=True, timeout=10
123	        )
124	        if result.returncode == 0:

--------------------------------------------------
>> Issue: [B110:try_except_pass] Try, Except, Pass detected.
   Severity: Low   Confidence: High
   CWE: CWE-703 (https://cwe.mitre.org/data/definitions/703.html)
   More Info: https://bandit.readthedocs.io/en/1.8.6/plugins/b110_try_except_pass.html
   Location: ./steering/integrations.py:515:12
514	                cqg_scores = self._cqg_integrator.measure_code_quality(winner_output)
515	            except Exception:
516	                pass
517	

--------------------------------------------------
>> Issue: [B110:try_except_pass] Try, Except, Pass detected.
   Severity: Low   Confidence: High
   CWE: CWE-703 (https://cwe.mitre.org/data/definitions/703.html)
   More Info: https://bandit.readthedocs.io/en/1.8.6/plugins/b110_try_except_pass.html
   Location: ./steering/integrations.py:557:12
556	                VerificationConstitutionChecker().check({"quality_score": best_score})
557	            except Exception:  # pylint: disable=broad-exception-caught
558	                pass  # degrade gracefully — never block on constitution check failure
559	

--------------------------------------------------
>> Issue: [B101:assert_used] Use of assert detected. The enclosed code will be removed when compiling to optimised byte code.
   Severity: Low   Confidence: High
   CWE: CWE-703 (https://cwe.mitre.org/data/definitions/703.html)
   More Info: https://bandit.readthedocs.io/en/1.8.6/plugins/b101_assert_used.html
   Location: ./tests/test_ab_enforcer.py:8:4
7	    result = enforcer.verify_developer_reviewer_separation("phase_1")
8	    assert result["separated"] is False
9	    # ab_enforcer.py doesn't return 'error' key on some paths, check logic

--------------------------------------------------
>> Issue: [B101:assert_used] Use of assert detected. The enclosed code will be removed when compiling to optimised byte code.
   Severity: Low   Confidence: High
   CWE: CWE-703 (https://cwe.mitre.org/data/definitions/703.html)
   More Info: https://bandit.readthedocs.io/en/1.8.6/plugins/b101_assert_used.html
   Location: ./tests/test_ab_enforcer.py:11:4
10	    # In success case it returns 'details', in 'not found' case it returns 'error'
11	    assert "error" in result
12	    assert "DEVELOPMENT_LOG.md not found" in result["error"]

--------------------------------------------------
>> Issue: [B101:assert_used] Use of assert detected. The enclosed code will be removed when compiling to optimised byte code.
   Severity: Low   Confidence: High
   CWE: CWE-703 (https://cwe.mitre.org/data/definitions/703.html)
   More Info: https://bandit.readthedocs.io/en/1.8.6/plugins/b101_assert_used.html
   Location: ./tests/test_ab_enforcer.py:12:4
11	    assert "error" in result
12	    assert "DEVELOPMENT_LOG.md not found" in result["error"]
13	

--------------------------------------------------
>> Issue: [B101:assert_used] Use of assert detected. The enclosed code will be removed when compiling to optimised byte code.
   Severity: Low   Confidence: High
   CWE: CWE-703 (https://cwe.mitre.org/data/definitions/703.html)
   More Info: https://bandit.readthedocs.io/en/1.8.6/plugins/b101_assert_used.html
   Location: ./tests/test_ab_enforcer.py:26:4
25	    result = enforcer.verify_developer_reviewer_separation("phase_1")
26	    assert result["separated"] is True
27	    assert result["developer_session"] == "sess-123"

--------------------------------------------------
>> Issue: [B101:assert_used] Use of assert detected. The enclosed code will be removed when compiling to optimised byte code.
   Severity: Low   Confidence: High
   CWE: CWE-703 (https://cwe.mitre.org/data/definitions/703.html)
   More Info: https://bandit.readthedocs.io/en/1.8.6/plugins/b101_assert_used.html
   Location: ./tests/test_ab_enforcer.py:27:4
26	    assert result["separated"] is True
27	    assert result["developer_session"] == "sess-123"
28	    assert result["reviewer_session"] == "sess-456"

--------------------------------------------------
>> Issue: [B101:assert_used] Use of assert detected. The enclosed code will be removed when compiling to optimised byte code.
   Severity: Low   Confidence: High
   CWE: CWE-703 (https://cwe.mitre.org/data/definitions/703.html)
   More Info: https://bandit.readthedocs.io/en/1.8.6/plugins/b101_assert_used.html
   Location: ./tests/test_ab_enforcer.py:28:4
27	    assert result["developer_session"] == "sess-123"
28	    assert result["reviewer_session"] == "sess-456"
29	

--------------------------------------------------
>> Issue: [B101:assert_used] Use of assert detected. The enclosed code will be removed when compiling to optimised byte code.
   Severity: Low   Confidence: High
   CWE: CWE-703 (https://cwe.mitre.org/data/definitions/703.html)
   More Info: https://bandit.readthedocs.io/en/1.8.6/plugins/b101_assert_used.html
   Location: ./tests/test_ab_enforcer.py:40:4
39	    result = enforcer.verify_developer_reviewer_separation("phase_1")
40	    assert result["separated"] is False
41	

--------------------------------------------------
>> Issue: [B101:assert_used] Use of assert detected. The enclosed code will be removed when compiling to optimised byte code.
   Severity: Low   Confidence: High
   CWE: CWE-703 (https://cwe.mitre.org/data/definitions/703.html)
   More Info: https://bandit.readthedocs.io/en/1.8.6/plugins/b101_assert_used.html
   Location: ./tests/test_ab_enforcer.py:52:4
51	    # For phase_1, this is ## Phase 1
52	    assert result["separated"] is False
53	    assert "error" in result

--------------------------------------------------
>> Issue: [B101:assert_used] Use of assert detected. The enclosed code will be removed when compiling to optimised byte code.
   Severity: Low   Confidence: High
   CWE: CWE-703 (https://cwe.mitre.org/data/definitions/703.html)
   More Info: https://bandit.readthedocs.io/en/1.8.6/plugins/b101_assert_used.html
   Location: ./tests/test_ab_enforcer.py:53:4
52	    assert result["separated"] is False
53	    assert "error" in result
54	    assert "Phase phase_1 not found in DEVELOPMENT_LOG" in result["error"]

--------------------------------------------------
>> Issue: [B101:assert_used] Use of assert detected. The enclosed code will be removed when compiling to optimised byte code.
   Severity: Low   Confidence: High
   CWE: CWE-703 (https://cwe.mitre.org/data/definitions/703.html)
   More Info: https://bandit.readthedocs.io/en/1.8.6/plugins/b101_assert_used.html
   Location: ./tests/test_ab_enforcer.py:54:4
53	    assert "error" in result
54	    assert "Phase phase_1 not found in DEVELOPMENT_LOG" in result["error"]

--------------------------------------------------
>> Issue: [B101:assert_used] Use of assert detected. The enclosed code will be removed when compiling to optimised byte code.
   Severity: Low   Confidence: High
   CWE: CWE-703 (https://cwe.mitre.org/data/definitions/703.html)
   More Info: https://bandit.readthedocs.io/en/1.8.6/plugins/b101_assert_used.html
   Location: ./tests/test_agent_spawner.py:19:16
18	                prompt = spawner._build_prompt("developer", "Write code", {"phase": 3}, phase=0)
19	                assert "[PERSONA]\nTest Persona" in prompt
20	                assert "[SOP]\nTest SOP" in prompt

--------------------------------------------------
>> Issue: [B101:assert_used] Use of assert detected. The enclosed code will be removed when compiling to optimised byte code.
   Severity: Low   Confidence: High
   CWE: CWE-703 (https://cwe.mitre.org/data/definitions/703.html)
   More Info: https://bandit.readthedocs.io/en/1.8.6/plugins/b101_assert_used.html
   Location: ./tests/test_agent_spawner.py:20:16
19	                assert "[PERSONA]\nTest Persona" in prompt
20	                assert "[SOP]\nTest SOP" in prompt
21	                assert "[TASK]\nWrite code" in prompt

--------------------------------------------------
>> Issue: [B101:assert_used] Use of assert detected. The enclosed code will be removed when compiling to optimised byte code.
   Severity: Low   Confidence: High
   CWE: CWE-703 (https://cwe.mitre.org/data/definitions/703.html)
   More Info: https://bandit.readthedocs.io/en/1.8.6/plugins/b101_assert_used.html
   Location: ./tests/test_agent_spawner.py:21:16
20	                assert "[SOP]\nTest SOP" in prompt
21	                assert "[TASK]\nWrite code" in prompt
22	

--------------------------------------------------
>> Issue: [B101:assert_used] Use of assert detected. The enclosed code will be removed when compiling to optimised byte code.
   Severity: Low   Confidence: High
   CWE: CWE-703 (https://cwe.mitre.org/data/definitions/703.html)
   More Info: https://bandit.readthedocs.io/en/1.8.6/plugins/b101_assert_used.html
   Location: ./tests/test_agent_spawner.py:38:12
37	            )
38	            assert result["review_status"] == "APPROVE"
39	            mock_reviewer.review.assert_called_once()

--------------------------------------------------
>> Issue: [B101:assert_used] Use of assert detected. The enclosed code will be removed when compiling to optimised byte code.
   Severity: Low   Confidence: High
   CWE: CWE-703 (https://cwe.mitre.org/data/definitions/703.html)
   More Info: https://bandit.readthedocs.io/en/1.8.6/plugins/b101_assert_used.html
   Location: ./tests/test_agent_spawner.py:54:16
53	                )
54	                assert result["status"] == "complete"
55	                mock_sdk.Task.assert_called_once()

--------------------------------------------------
>> Issue: [B101:assert_used] Use of assert detected. The enclosed code will be removed when compiling to optimised byte code.
   Severity: Low   Confidence: High
   CWE: CWE-703 (https://cwe.mitre.org/data/definitions/703.html)
   More Info: https://bandit.readthedocs.io/en/1.8.6/plugins/b101_assert_used.html
   Location: ./tests/test_agent_spawner.py:74:8
73	        res = {"output": "ok", "status": "done"}
74	        assert spawner._parse_result(res) == res
75	

--------------------------------------------------
>> Issue: [B101:assert_used] Use of assert detected. The enclosed code will be removed when compiling to optimised byte code.
   Severity: Low   Confidence: High
   CWE: CWE-703 (https://cwe.mitre.org/data/definitions/703.html)
   More Info: https://bandit.readthedocs.io/en/1.8.6/plugins/b101_assert_used.html
   Location: ./tests/test_agent_spawner.py:81:8
80	        parsed = spawner._parse_result(res)
81	        assert parsed["output"] == "completed task"
82	        assert parsed["status"] == "complete"

--------------------------------------------------
>> Issue: [B101:assert_used] Use of assert detected. The enclosed code will be removed when compiling to optimised byte code.
   Severity: Low   Confidence: High
   CWE: CWE-703 (https://cwe.mitre.org/data/definitions/703.html)
   More Info: https://bandit.readthedocs.io/en/1.8.6/plugins/b101_assert_used.html
   Location: ./tests/test_agent_spawner.py:82:8
81	        assert parsed["output"] == "completed task"
82	        assert parsed["status"] == "complete"

--------------------------------------------------
>> Issue: [B101:assert_used] Use of assert detected. The enclosed code will be removed when compiling to optimised byte code.
   Severity: Low   Confidence: High
   CWE: CWE-703 (https://cwe.mitre.org/data/definitions/703.html)
   More Info: https://bandit.readthedocs.io/en/1.8.6/plugins/b101_assert_used.html
   Location: ./tests/test_decision_log.py:37:8
36	        entry = _entry(agent_id="GATE", phase=3, decision="GATE_PASS", reasoning="score=87")
37	        assert len(entry.ctx.trace_id) == 8
38	        assert entry.ctx.fr_id is None

--------------------------------------------------
>> Issue: [B101:assert_used] Use of assert detected. The enclosed code will be removed when compiling to optimised byte code.
   Severity: Low   Confidence: High
   CWE: CWE-703 (https://cwe.mitre.org/data/definitions/703.html)
   More Info: https://bandit.readthedocs.io/en/1.8.6/plugins/b101_assert_used.html
   Location: ./tests/test_decision_log.py:38:8
37	        assert len(entry.ctx.trace_id) == 8
38	        assert entry.ctx.fr_id is None
39	        assert entry.scores.get("gate_score") is None

--------------------------------------------------
>> Issue: [B101:assert_used] Use of assert detected. The enclosed code will be removed when compiling to optimised byte code.
   Severity: Low   Confidence: High
   CWE: CWE-703 (https://cwe.mitre.org/data/definitions/703.html)
   More Info: https://bandit.readthedocs.io/en/1.8.6/plugins/b101_assert_used.html
   Location: ./tests/test_decision_log.py:39:8
38	        assert entry.ctx.fr_id is None
39	        assert entry.scores.get("gate_score") is None
40	        assert entry.scores.get("uaf_score", 0.0) == 0.0

--------------------------------------------------
>> Issue: [B101:assert_used] Use of assert detected. The enclosed code will be removed when compiling to optimised byte code.
   Severity: Low   Confidence: High
   CWE: CWE-703 (https://cwe.mitre.org/data/definitions/703.html)
   More Info: https://bandit.readthedocs.io/en/1.8.6/plugins/b101_assert_used.html
   Location: ./tests/test_decision_log.py:40:8
39	        assert entry.scores.get("gate_score") is None
40	        assert entry.scores.get("uaf_score", 0.0) == 0.0
41	        assert "T" in entry.ctx.timestamp   # ISO 8601

--------------------------------------------------
>> Issue: [B101:assert_used] Use of assert detected. The enclosed code will be removed when compiling to optimised byte code.
   Severity: Low   Confidence: High
   CWE: CWE-703 (https://cwe.mitre.org/data/definitions/703.html)
   More Info: https://bandit.readthedocs.io/en/1.8.6/plugins/b101_assert_used.html
   Location: ./tests/test_decision_log.py:41:8
40	        assert entry.scores.get("uaf_score", 0.0) == 0.0
41	        assert "T" in entry.ctx.timestamp   # ISO 8601
42	

--------------------------------------------------
>> Issue: [B101:assert_used] Use of assert detected. The enclosed code will be removed when compiling to optimised byte code.
   Severity: Low   Confidence: High
   CWE: CWE-703 (https://cwe.mitre.org/data/definitions/703.html)
   More Info: https://bandit.readthedocs.io/en/1.8.6/plugins/b101_assert_used.html
   Location: ./tests/test_decision_log.py:48:8
47	        )
48	        assert entry.ctx.fr_id == "FR-001"
49	        assert entry.scores["gate_score"] == 88.5

--------------------------------------------------
>> Issue: [B101:assert_used] Use of assert detected. The enclosed code will be removed when compiling to optimised byte code.
   Severity: Low   Confidence: High
   CWE: CWE-703 (https://cwe.mitre.org/data/definitions/703.html)
   More Info: https://bandit.readthedocs.io/en/1.8.6/plugins/b101_assert_used.html
   Location: ./tests/test_decision_log.py:49:8
48	        assert entry.ctx.fr_id == "FR-001"
49	        assert entry.scores["gate_score"] == 88.5
50	

--------------------------------------------------
>> Issue: [B101:assert_used] Use of assert detected. The enclosed code will be removed when compiling to optimised byte code.
   Severity: Low   Confidence: High
   CWE: CWE-703 (https://cwe.mitre.org/data/definitions/703.html)
   More Info: https://bandit.readthedocs.io/en/1.8.6/plugins/b101_assert_used.html
   Location: ./tests/test_decision_log.py:54:8
53	        entry = _entry(agent_id="Reviewer", phase=4)
54	        assert entry.agent_id == "Reviewer"
55	        assert entry.phase == 4

--------------------------------------------------
>> Issue: [B101:assert_used] Use of assert detected. The enclosed code will be removed when compiling to optimised byte code.
   Severity: Low   Confidence: High
   CWE: CWE-703 (https://cwe.mitre.org/data/definitions/703.html)
   More Info: https://bandit.readthedocs.io/en/1.8.6/plugins/b101_assert_used.html
   Location: ./tests/test_decision_log.py:55:8
54	        assert entry.agent_id == "Reviewer"
55	        assert entry.phase == 4
56	

--------------------------------------------------
>> Issue: [B101:assert_used] Use of assert detected. The enclosed code will be removed when compiling to optimised byte code.
   Severity: Low   Confidence: High
   CWE: CWE-703 (https://cwe.mitre.org/data/definitions/703.html)
   More Info: https://bandit.readthedocs.io/en/1.8.6/plugins/b101_assert_used.html
   Location: ./tests/test_decision_log.py:61:8
60	        path = writer.write(_entry())
61	        assert path.exists()
62	        assert path.suffix == ".yaml"

--------------------------------------------------
>> Issue: [B101:assert_used] Use of assert detected. The enclosed code will be removed when compiling to optimised byte code.
   Severity: Low   Confidence: High
   CWE: CWE-703 (https://cwe.mitre.org/data/definitions/703.html)
   More Info: https://bandit.readthedocs.io/en/1.8.6/plugins/b101_assert_used.html
   Location: ./tests/test_decision_log.py:62:8
61	        assert path.exists()
62	        assert path.suffix == ".yaml"
63	

--------------------------------------------------
>> Issue: [B101:assert_used] Use of assert detected. The enclosed code will be removed when compiling to optimised byte code.
   Severity: Low   Confidence: High
   CWE: CWE-703 (https://cwe.mitre.org/data/definitions/703.html)
   More Info: https://bandit.readthedocs.io/en/1.8.6/plugins/b101_assert_used.html
   Location: ./tests/test_decision_log.py:66:8
65	        path = writer.write(_entry(agent_id="Reviewer", phase=4, decision="APPROVE"))
66	        assert "Reviewer_4_" in path.name
67	        assert path.name.endswith(".yaml")

--------------------------------------------------
>> Issue: [B101:assert_used] Use of assert detected. The enclosed code will be removed when compiling to optimised byte code.
   Severity: Low   Confidence: High
   CWE: CWE-703 (https://cwe.mitre.org/data/definitions/703.html)
   More Info: https://bandit.readthedocs.io/en/1.8.6/plugins/b101_assert_used.html
   Location: ./tests/test_decision_log.py:67:8
66	        assert "Reviewer_4_" in path.name
67	        assert path.name.endswith(".yaml")
68	

--------------------------------------------------
>> Issue: [B101:assert_used] Use of assert detected. The enclosed code will be removed when compiling to optimised byte code.
   Severity: Low   Confidence: High
   CWE: CWE-703 (https://cwe.mitre.org/data/definitions/703.html)
   More Info: https://bandit.readthedocs.io/en/1.8.6/plugins/b101_assert_used.html
   Location: ./tests/test_decision_log.py:73:8
72	        p2 = writer.write(entry)
73	        assert p1 != p2
74	        assert "001" in p1.name

--------------------------------------------------
>> Issue: [B101:assert_used] Use of assert detected. The enclosed code will be removed when compiling to optimised byte code.
   Severity: Low   Confidence: High
   CWE: CWE-703 (https://cwe.mitre.org/data/definitions/703.html)
   More Info: https://bandit.readthedocs.io/en/1.8.6/plugins/b101_assert_used.html
   Location: ./tests/test_decision_log.py:74:8
73	        assert p1 != p2
74	        assert "001" in p1.name
75	        assert "002" in p2.name

--------------------------------------------------
>> Issue: [B101:assert_used] Use of assert detected. The enclosed code will be removed when compiling to optimised byte code.
   Severity: Low   Confidence: High
   CWE: CWE-703 (https://cwe.mitre.org/data/definitions/703.html)
   More Info: https://bandit.readthedocs.io/en/1.8.6/plugins/b101_assert_used.html
   Location: ./tests/test_decision_log.py:75:8
74	        assert "001" in p1.name
75	        assert "002" in p2.name
76	

--------------------------------------------------
>> Issue: [B101:assert_used] Use of assert detected. The enclosed code will be removed when compiling to optimised byte code.
   Severity: Low   Confidence: High
   CWE: CWE-703 (https://cwe.mitre.org/data/definitions/703.html)
   More Info: https://bandit.readthedocs.io/en/1.8.6/plugins/b101_assert_used.html
   Location: ./tests/test_decision_log.py:80:8
79	        content = path.read_text()
80	        assert "GATE_PASS" in content
81	        assert "FR-001" in content

--------------------------------------------------
>> Issue: [B101:assert_used] Use of assert detected. The enclosed code will be removed when compiling to optimised byte code.
   Severity: Low   Confidence: High
   CWE: CWE-703 (https://cwe.mitre.org/data/definitions/703.html)
   More Info: https://bandit.readthedocs.io/en/1.8.6/plugins/b101_assert_used.html
   Location: ./tests/test_decision_log.py:81:8
80	        assert "GATE_PASS" in content
81	        assert "FR-001" in content
82	

--------------------------------------------------
>> Issue: [B101:assert_used] Use of assert detected. The enclosed code will be removed when compiling to optimised byte code.
   Severity: Low   Confidence: High
   CWE: CWE-703 (https://cwe.mitre.org/data/definitions/703.html)
   More Info: https://bandit.readthedocs.io/en/1.8.6/plugins/b101_assert_used.html
   Location: ./tests/test_decision_log.py:87:8
86	        entries = writer.read_phase(phase=3)
87	        assert len(entries) == 3
88	

--------------------------------------------------
>> Issue: [B101:assert_used] Use of assert detected. The enclosed code will be removed when compiling to optimised byte code.
   Severity: Low   Confidence: High
   CWE: CWE-703 (https://cwe.mitre.org/data/definitions/703.html)
   More Info: https://bandit.readthedocs.io/en/1.8.6/plugins/b101_assert_used.html
   Location: ./tests/test_decision_log.py:93:8
92	        p3_entries = writer.read_phase(phase=3)
93	        assert len(p3_entries) == 1
94	        assert p3_entries[0]["ctx"]["phase"] == 3

--------------------------------------------------
>> Issue: [B101:assert_used] Use of assert detected. The enclosed code will be removed when compiling to optimised byte code.
   Severity: Low   Confidence: High
   CWE: CWE-703 (https://cwe.mitre.org/data/definitions/703.html)
   More Info: https://bandit.readthedocs.io/en/1.8.6/plugins/b101_assert_used.html
   Location: ./tests/test_decision_log.py:94:8
93	        assert len(p3_entries) == 1
94	        assert p3_entries[0]["ctx"]["phase"] == 3

--------------------------------------------------
>> Issue: [B101:assert_used] Use of assert detected. The enclosed code will be removed when compiling to optimised byte code.
   Severity: Low   Confidence: High
   CWE: CWE-703 (https://cwe.mitre.org/data/definitions/703.html)
   More Info: https://bandit.readthedocs.io/en/1.8.6/plugins/b101_assert_used.html
   Location: ./tests/test_drift_detector.py:18:8
17	        result = detector.detect_phase_drift()
18	        assert result.has_drift is False
19	        assert result.score == 1.0

--------------------------------------------------
>> Issue: [B101:assert_used] Use of assert detected. The enclosed code will be removed when compiling to optimised byte code.
   Severity: Low   Confidence: High
   CWE: CWE-703 (https://cwe.mitre.org/data/definitions/703.html)
   More Info: https://bandit.readthedocs.io/en/1.8.6/plugins/b101_assert_used.html
   Location: ./tests/test_drift_detector.py:19:8
18	        assert result.has_drift is False
19	        assert result.score == 1.0
20	

--------------------------------------------------
>> Issue: [B101:assert_used] Use of assert detected. The enclosed code will be removed when compiling to optimised byte code.
   Severity: Low   Confidence: High
   CWE: CWE-703 (https://cwe.mitre.org/data/definitions/703.html)
   More Info: https://bandit.readthedocs.io/en/1.8.6/plugins/b101_assert_used.html
   Location: ./tests/test_drift_detector.py:33:8
32	        
33	        assert result.has_drift is True
34	        # At least 2 artifacts checked for phase 1 and 2

--------------------------------------------------
>> Issue: [B101:assert_used] Use of assert detected. The enclosed code will be removed when compiling to optimised byte code.
   Severity: Low   Confidence: High
   CWE: CWE-703 (https://cwe.mitre.org/data/definitions/703.html)
   More Info: https://bandit.readthedocs.io/en/1.8.6/plugins/b101_assert_used.html
   Location: ./tests/test_drift_detector.py:35:8
34	        # At least 2 artifacts checked for phase 1 and 2
35	        assert result.checked > 0
36	        assert any("SAD.md" in i.description for i in result.drift_items)

--------------------------------------------------
>> Issue: [B101:assert_used] Use of assert detected. The enclosed code will be removed when compiling to optimised byte code.
   Severity: Low   Confidence: High
   CWE: CWE-703 (https://cwe.mitre.org/data/definitions/703.html)
   More Info: https://bandit.readthedocs.io/en/1.8.6/plugins/b101_assert_used.html
   Location: ./tests/test_drift_detector.py:36:8
35	        assert result.checked > 0
36	        assert any("SAD.md" in i.description for i in result.drift_items)
37	

--------------------------------------------------
>> Issue: [B101:assert_used] Use of assert detected. The enclosed code will be removed when compiling to optimised byte code.
   Severity: Low   Confidence: High
   CWE: CWE-703 (https://cwe.mitre.org/data/definitions/703.html)
   More Info: https://bandit.readthedocs.io/en/1.8.6/plugins/b101_assert_used.html
   Location: ./tests/test_drift_detector.py:51:8
50	        
51	        assert result.has_drift is True
52	        assert result.drifted == 1

--------------------------------------------------
>> Issue: [B101:assert_used] Use of assert detected. The enclosed code will be removed when compiling to optimised byte code.
   Severity: Low   Confidence: High
   CWE: CWE-703 (https://cwe.mitre.org/data/definitions/703.html)
   More Info: https://bandit.readthedocs.io/en/1.8.6/plugins/b101_assert_used.html
   Location: ./tests/test_drift_detector.py:52:8
51	        assert result.has_drift is True
52	        assert result.drifted == 1
53	        assert "FR-02" in result.drift_items[0].location

--------------------------------------------------
>> Issue: [B101:assert_used] Use of assert detected. The enclosed code will be removed when compiling to optimised byte code.
   Severity: Low   Confidence: High
   CWE: CWE-703 (https://cwe.mitre.org/data/definitions/703.html)
   More Info: https://bandit.readthedocs.io/en/1.8.6/plugins/b101_assert_used.html
   Location: ./tests/test_drift_detector.py:53:8
52	        assert result.drifted == 1
53	        assert "FR-02" in result.drift_items[0].location
54	

--------------------------------------------------
>> Issue: [B101:assert_used] Use of assert detected. The enclosed code will be removed when compiling to optimised byte code.
   Severity: Low   Confidence: High
   CWE: CWE-703 (https://cwe.mitre.org/data/definitions/703.html)
   More Info: https://bandit.readthedocs.io/en/1.8.6/plugins/b101_assert_used.html
   Location: ./tests/test_drift_detector.py:63:8
62	        
63	        assert result.has_drift is True
64	        assert "missing.py" in result.drift_items[0].description

--------------------------------------------------
>> Issue: [B101:assert_used] Use of assert detected. The enclosed code will be removed when compiling to optimised byte code.
   Severity: Low   Confidence: High
   CWE: CWE-703 (https://cwe.mitre.org/data/definitions/703.html)
   More Info: https://bandit.readthedocs.io/en/1.8.6/plugins/b101_assert_used.html
   Location: ./tests/test_drift_detector.py:64:8
63	        assert result.has_drift is True
64	        assert "missing.py" in result.drift_items[0].description

--------------------------------------------------
>> Issue: [B101:assert_used] Use of assert detected. The enclosed code will be removed when compiling to optimised byte code.
   Severity: Low   Confidence: High
   CWE: CWE-703 (https://cwe.mitre.org/data/definitions/703.html)
   More Info: https://bandit.readthedocs.io/en/1.8.6/plugins/b101_assert_used.html
   Location: ./tests/test_enforcement.py:26:8
25	        er = self._er()
26	        assert er.violations == []
27	        assert er.warnings == []

--------------------------------------------------
>> Issue: [B101:assert_used] Use of assert detected. The enclosed code will be removed when compiling to optimised byte code.
   Severity: Low   Confidence: High
   CWE: CWE-703 (https://cwe.mitre.org/data/definitions/703.html)
   More Info: https://bandit.readthedocs.io/en/1.8.6/plugins/b101_assert_used.html
   Location: ./tests/test_enforcement.py:27:8
26	        assert er.violations == []
27	        assert er.warnings == []
28	        assert er.passed is False

--------------------------------------------------
>> Issue: [B101:assert_used] Use of assert detected. The enclosed code will be removed when compiling to optimised byte code.
   Severity: Low   Confidence: High
   CWE: CWE-703 (https://cwe.mitre.org/data/definitions/703.html)
   More Info: https://bandit.readthedocs.io/en/1.8.6/plugins/b101_assert_used.html
   Location: ./tests/test_enforcement.py:28:8
27	        assert er.warnings == []
28	        assert er.passed is False
29	

--------------------------------------------------
>> Issue: [B101:assert_used] Use of assert detected. The enclosed code will be removed when compiling to optimised byte code.
   Severity: Low   Confidence: High
   CWE: CWE-703 (https://cwe.mitre.org/data/definitions/703.html)
   More Info: https://bandit.readthedocs.io/en/1.8.6/plugins/b101_assert_used.html
   Location: ./tests/test_enforcement.py:33:8
32	        er.add_violation("missing spec", "fix it")
33	        assert len(er.violations) == 1
34	        assert er.violations[0] == ("missing spec", "fix it")

--------------------------------------------------
>> Issue: [B101:assert_used] Use of assert detected. The enclosed code will be removed when compiling to optimised byte code.
   Severity: Low   Confidence: High
   CWE: CWE-703 (https://cwe.mitre.org/data/definitions/703.html)
   More Info: https://bandit.readthedocs.io/en/1.8.6/plugins/b101_assert_used.html
   Location: ./tests/test_enforcement.py:34:8
33	        assert len(er.violations) == 1
34	        assert er.violations[0] == ("missing spec", "fix it")
35	

--------------------------------------------------
>> Issue: [B101:assert_used] Use of assert detected. The enclosed code will be removed when compiling to optimised byte code.
   Severity: Low   Confidence: High
   CWE: CWE-703 (https://cwe.mitre.org/data/definitions/703.html)
   More Info: https://bandit.readthedocs.io/en/1.8.6/plugins/b101_assert_used.html
   Location: ./tests/test_enforcement.py:39:8
38	        er.add_violation("issue")
39	        assert er.violations[0] == ("issue", None)
40	

--------------------------------------------------
>> Issue: [B101:assert_used] Use of assert detected. The enclosed code will be removed when compiling to optimised byte code.
   Severity: Low   Confidence: High
   CWE: CWE-703 (https://cwe.mitre.org/data/definitions/703.html)
   More Info: https://bandit.readthedocs.io/en/1.8.6/plugins/b101_assert_used.html
   Location: ./tests/test_enforcement.py:44:8
43	        er.add_warning("low coverage")
44	        assert len(er.warnings) == 1
45	

--------------------------------------------------
>> Issue: [B101:assert_used] Use of assert detected. The enclosed code will be removed when compiling to optimised byte code.
   Severity: Low   Confidence: High
   CWE: CWE-703 (https://cwe.mitre.org/data/definitions/703.html)
   More Info: https://bandit.readthedocs.io/en/1.8.6/plugins/b101_assert_used.html
   Location: ./tests/test_enforcement.py:49:8
48	        er.add_block_check("SPEC_TRACKING", True)
49	        assert er.block_checks["SPEC_TRACKING"] is True
50	

--------------------------------------------------
>> Issue: [B101:assert_used] Use of assert detected. The enclosed code will be removed when compiling to optimised byte code.
   Severity: Low   Confidence: High
   CWE: CWE-703 (https://cwe.mitre.org/data/definitions/703.html)
   More Info: https://bandit.readthedocs.io/en/1.8.6/plugins/b101_assert_used.html
   Location: ./tests/test_enforcement.py:54:8
53	        er.add_warn_check("DECISION_FRAMEWORK", False)
54	        assert er.warn_checks["DECISION_FRAMEWORK"] is False
55	

--------------------------------------------------
>> Issue: [B101:assert_used] Use of assert detected. The enclosed code will be removed when compiling to optimised byte code.
   Severity: Low   Confidence: High
   CWE: CWE-703 (https://cwe.mitre.org/data/definitions/703.html)
   More Info: https://bandit.readthedocs.io/en/1.8.6/plugins/b101_assert_used.html
   Location: ./tests/test_enforcement.py:60:8
59	        s = er.summary()
60	        assert "Passed: True" in s
61	        assert "BLOCK" in s

--------------------------------------------------
>> Issue: [B101:assert_used] Use of assert detected. The enclosed code will be removed when compiling to optimised byte code.
   Severity: Low   Confidence: High
   CWE: CWE-703 (https://cwe.mitre.org/data/definitions/703.html)
   More Info: https://bandit.readthedocs.io/en/1.8.6/plugins/b101_assert_used.html
   Location: ./tests/test_enforcement.py:61:8
60	        assert "Passed: True" in s
61	        assert "BLOCK" in s
62	

--------------------------------------------------
>> Issue: [B101:assert_used] Use of assert detected. The enclosed code will be removed when compiling to optimised byte code.
   Severity: Low   Confidence: High
   CWE: CWE-703 (https://cwe.mitre.org/data/definitions/703.html)
   More Info: https://bandit.readthedocs.io/en/1.8.6/plugins/b101_assert_used.html
   Location: ./tests/test_enforcement.py:76:8
75	        fe = FrameworkEnforcer(str(tmp_path))
76	        assert fe.phase == 1
77	

--------------------------------------------------
>> Issue: [B101:assert_used] Use of assert detected. The enclosed code will be removed when compiling to optimised byte code.
   Severity: Low   Confidence: High
   CWE: CWE-703 (https://cwe.mitre.org/data/definitions/703.html)
   More Info: https://bandit.readthedocs.io/en/1.8.6/plugins/b101_assert_used.html
   Location: ./tests/test_enforcement.py:81:8
80	        result = fe.check_decision_framework()
81	        assert result["exists"] is False
82	

--------------------------------------------------
>> Issue: [B101:assert_used] Use of assert detected. The enclosed code will be removed when compiling to optimised byte code.
   Severity: Low   Confidence: High
   CWE: CWE-703 (https://cwe.mitre.org/data/definitions/703.html)
   More Info: https://bandit.readthedocs.io/en/1.8.6/plugins/b101_assert_used.html
   Location: ./tests/test_enforcement.py:87:8
86	        result = fe.check_decision_framework()
87	        assert result["exists"] is True
88	

--------------------------------------------------
>> Issue: [B101:assert_used] Use of assert detected. The enclosed code will be removed when compiling to optimised byte code.
   Severity: Low   Confidence: High
   CWE: CWE-703 (https://cwe.mitre.org/data/definitions/703.html)
   More Info: https://bandit.readthedocs.io/en/1.8.6/plugins/b101_assert_used.html
   Location: ./tests/test_enforcement.py:92:8
91	        result = fe.check_enhanced_checklist()
92	        assert result.get("skipped") is True
93	

--------------------------------------------------
>> Issue: [B101:assert_used] Use of assert detected. The enclosed code will be removed when compiling to optimised byte code.
   Severity: Low   Confidence: High
   CWE: CWE-703 (https://cwe.mitre.org/data/definitions/703.html)
   More Info: https://bandit.readthedocs.io/en/1.8.6/plugins/b101_assert_used.html
   Location: ./tests/test_enforcement.py:97:8
96	        result = fe.check_enhanced_checklist()
97	        assert result["exists"] is False
98	

--------------------------------------------------
>> Issue: [B101:assert_used] Use of assert detected. The enclosed code will be removed when compiling to optimised byte code.
   Severity: Low   Confidence: High
   CWE: CWE-703 (https://cwe.mitre.org/data/definitions/703.html)
   More Info: https://bandit.readthedocs.io/en/1.8.6/plugins/b101_assert_used.html
   Location: ./tests/test_enforcement.py:103:8
102	        result = fe.check_enhanced_checklist()
103	        assert result["exists"] is True
104	

--------------------------------------------------
>> Issue: [B101:assert_used] Use of assert detected. The enclosed code will be removed when compiling to optimised byte code.
   Severity: Low   Confidence: High
   CWE: CWE-703 (https://cwe.mitre.org/data/definitions/703.html)
   More Info: https://bandit.readthedocs.io/en/1.8.6/plugins/b101_assert_used.html
   Location: ./tests/test_enforcement.py:108:8
107	        result = fe.check_traceability_matrix()
108	        assert result["exists"] is False
109	        assert result["complete"] is False

--------------------------------------------------
>> Issue: [B101:assert_used] Use of assert detected. The enclosed code will be removed when compiling to optimised byte code.
   Severity: Low   Confidence: High
   CWE: CWE-703 (https://cwe.mitre.org/data/definitions/703.html)
   More Info: https://bandit.readthedocs.io/en/1.8.6/plugins/b101_assert_used.html
   Location: ./tests/test_enforcement.py:109:8
108	        assert result["exists"] is False
109	        assert result["complete"] is False
110	

--------------------------------------------------
>> Issue: [B101:assert_used] Use of assert detected. The enclosed code will be removed when compiling to optimised byte code.
   Severity: Low   Confidence: High
   CWE: CWE-703 (https://cwe.mitre.org/data/definitions/703.html)
   More Info: https://bandit.readthedocs.io/en/1.8.6/plugins/b101_assert_used.html
   Location: ./tests/test_enforcement.py:116:8
115	        result = fe.check_traceability_matrix()
116	        assert result["exists"] is True
117	        assert result["total"] >= 2

--------------------------------------------------
>> Issue: [B101:assert_used] Use of assert detected. The enclosed code will be removed when compiling to optimised byte code.
   Severity: Low   Confidence: High
   CWE: CWE-703 (https://cwe.mitre.org/data/definitions/703.html)
   More Info: https://bandit.readthedocs.io/en/1.8.6/plugins/b101_assert_used.html
   Location: ./tests/test_enforcement.py:117:8
116	        assert result["exists"] is True
117	        assert result["total"] >= 2
118	

--------------------------------------------------
>> Issue: [B101:assert_used] Use of assert detected. The enclosed code will be removed when compiling to optimised byte code.
   Severity: Low   Confidence: High
   CWE: CWE-703 (https://cwe.mitre.org/data/definitions/703.html)
   More Info: https://bandit.readthedocs.io/en/1.8.6/plugins/b101_assert_used.html
   Location: ./tests/test_enforcement.py:122:8
121	        result = fe.check_coverage_threshold()
122	        assert result["passed"] is False
123	        assert "not found" in result["message"]

--------------------------------------------------
>> Issue: [B101:assert_used] Use of assert detected. The enclosed code will be removed when compiling to optimised byte code.
   Severity: Low   Confidence: High
   CWE: CWE-703 (https://cwe.mitre.org/data/definitions/703.html)
   More Info: https://bandit.readthedocs.io/en/1.8.6/plugins/b101_assert_used.html
   Location: ./tests/test_enforcement.py:123:8
122	        assert result["passed"] is False
123	        assert "not found" in result["message"]
124	

--------------------------------------------------
>> Issue: [B101:assert_used] Use of assert detected. The enclosed code will be removed when compiling to optimised byte code.
   Severity: Low   Confidence: High
   CWE: CWE-703 (https://cwe.mitre.org/data/definitions/703.html)
   More Info: https://bandit.readthedocs.io/en/1.8.6/plugins/b101_assert_used.html
   Location: ./tests/test_enforcement.py:133:8
132	        result = fe.check_coverage_threshold()
133	        assert result["passed"] is True
134	        assert result["coverage"] == pytest.approx(85.0, 0.1)

--------------------------------------------------
>> Issue: [B101:assert_used] Use of assert detected. The enclosed code will be removed when compiling to optimised byte code.
   Severity: Low   Confidence: High
   CWE: CWE-703 (https://cwe.mitre.org/data/definitions/703.html)
   More Info: https://bandit.readthedocs.io/en/1.8.6/plugins/b101_assert_used.html
   Location: ./tests/test_enforcement.py:134:8
133	        assert result["passed"] is True
134	        assert result["coverage"] == pytest.approx(85.0, 0.1)
135	

--------------------------------------------------
>> Issue: [B101:assert_used] Use of assert detected. The enclosed code will be removed when compiling to optimised byte code.
   Severity: Low   Confidence: High
   CWE: CWE-703 (https://cwe.mitre.org/data/definitions/703.html)
   More Info: https://bandit.readthedocs.io/en/1.8.6/plugins/b101_assert_used.html
   Location: ./tests/test_enforcement.py:140:8
139	        # docs/ doesn't exist → should gracefully return error
140	        assert "passed" in result or "error" in result
141	

--------------------------------------------------
>> Issue: [B101:assert_used] Use of assert detected. The enclosed code will be removed when compiling to optimised byte code.
   Severity: Low   Confidence: High
   CWE: CWE-703 (https://cwe.mitre.org/data/definitions/703.html)
   More Info: https://bandit.readthedocs.io/en/1.8.6/plugins/b101_assert_used.html
   Location: ./tests/test_enforcement.py:150:8
149	                            result = fe.run(level="BLOCK")
150	        assert not result.passed  # spec doesn't exist → violation
151	

--------------------------------------------------
>> Issue: [B101:assert_used] Use of assert detected. The enclosed code will be removed when compiling to optimised byte code.
   Severity: Low   Confidence: High
   CWE: CWE-703 (https://cwe.mitre.org/data/definitions/703.html)
   More Info: https://bandit.readthedocs.io/en/1.8.6/plugins/b101_assert_used.html
   Location: ./tests/test_enforcement.py:155:8
154	        result = fe.run(level="WARN")
155	        assert "DECISION_FRAMEWORK" in result.warn_checks
156	        assert "ENHANCED_CHECKLIST" in result.warn_checks

--------------------------------------------------
>> Issue: [B101:assert_used] Use of assert detected. The enclosed code will be removed when compiling to optimised byte code.
   Severity: Low   Confidence: High
   CWE: CWE-703 (https://cwe.mitre.org/data/definitions/703.html)
   More Info: https://bandit.readthedocs.io/en/1.8.6/plugins/b101_assert_used.html
   Location: ./tests/test_enforcement.py:156:8
155	        assert "DECISION_FRAMEWORK" in result.warn_checks
156	        assert "ENHANCED_CHECKLIST" in result.warn_checks
157	

--------------------------------------------------
>> Issue: [B101:assert_used] Use of assert detected. The enclosed code will be removed when compiling to optimised byte code.
   Severity: Low   Confidence: High
   CWE: CWE-703 (https://cwe.mitre.org/data/definitions/703.html)
   More Info: https://bandit.readthedocs.io/en/1.8.6/plugins/b101_assert_used.html
   Location: ./tests/test_enforcement.py:166:8
165	                            result = fe.run(level="BLOCK")
166	        assert result.passed is True
167	

--------------------------------------------------
>> Issue: [B101:assert_used] Use of assert detected. The enclosed code will be removed when compiling to optimised byte code.
   Severity: Low   Confidence: High
   CWE: CWE-703 (https://cwe.mitre.org/data/definitions/703.html)
   More Info: https://bandit.readthedocs.io/en/1.8.6/plugins/b101_assert_used.html
   Location: ./tests/test_enforcement.py:177:8
176	        mock_trace.assert_called_once()
177	        assert "ASPICE_PHASE_TRACE" in result.block_checks
178	

--------------------------------------------------
>> Issue: [B101:assert_used] Use of assert detected. The enclosed code will be removed when compiling to optimised byte code.
   Severity: Low   Confidence: High
   CWE: CWE-703 (https://cwe.mitre.org/data/definitions/703.html)
   More Info: https://bandit.readthedocs.io/en/1.8.6/plugins/b101_assert_used.html
   Location: ./tests/test_enforcement.py:183:8
182	            code = fe.run_with_exit()
183	        assert code == 1
184	

--------------------------------------------------
>> Issue: [B101:assert_used] Use of assert detected. The enclosed code will be removed when compiling to optimised byte code.
   Severity: Low   Confidence: High
   CWE: CWE-703 (https://cwe.mitre.org/data/definitions/703.html)
   More Info: https://bandit.readthedocs.io/en/1.8.6/plugins/b101_assert_used.html
   Location: ./tests/test_enforcement.py:189:8
188	            code = fe.run_with_exit()
189	        assert code == 0
190	

--------------------------------------------------
>> Issue: [B101:assert_used] Use of assert detected. The enclosed code will be removed when compiling to optimised byte code.
   Severity: Low   Confidence: High
   CWE: CWE-703 (https://cwe.mitre.org/data/definitions/703.html)
   More Info: https://bandit.readthedocs.io/en/1.8.6/plugins/b101_assert_used.html
   Location: ./tests/test_enforcement.py:203:8
202	        pe = self._pe()
203	        assert len(pe.policies) > 0
204	

--------------------------------------------------
>> Issue: [B101:assert_used] Use of assert detected. The enclosed code will be removed when compiling to optimised byte code.
   Severity: Low   Confidence: High
   CWE: CWE-703 (https://cwe.mitre.org/data/definitions/703.html)
   More Info: https://bandit.readthedocs.io/en/1.8.6/plugins/b101_assert_used.html
   Location: ./tests/test_enforcement.py:211:8
210	        pe.add_policy(p)
211	        assert any(p2.id == "test-p" for p2 in pe.policies)
212	

--------------------------------------------------
>> Issue: [B101:assert_used] Use of assert detected. The enclosed code will be removed when compiling to optimised byte code.
   Severity: Low   Confidence: High
   CWE: CWE-703 (https://cwe.mitre.org/data/definitions/703.html)
   More Info: https://bandit.readthedocs.io/en/1.8.6/plugins/b101_assert_used.html
   Location: ./tests/test_enforcement.py:220:8
219	        pe.remove_policy("removable")
220	        assert not any(p2.id == "removable" for p2 in pe.policies)
221	

--------------------------------------------------
>> Issue: [B101:assert_used] Use of assert detected. The enclosed code will be removed when compiling to optimised byte code.
   Severity: Low   Confidence: High
   CWE: CWE-703 (https://cwe.mitre.org/data/definitions/703.html)
   More Info: https://bandit.readthedocs.io/en/1.8.6/plugins/b101_assert_used.html
   Location: ./tests/test_enforcement.py:233:8
232	        target = next(p2 for p2 in pe.policies if p2.id == "toggle")
233	        assert target.enabled is False
234	        pe.enable("toggle")

--------------------------------------------------
>> Issue: [B101:assert_used] Use of assert detected. The enclosed code will be removed when compiling to optimised byte code.
   Severity: Low   Confidence: High
   CWE: CWE-703 (https://cwe.mitre.org/data/definitions/703.html)
   More Info: https://bandit.readthedocs.io/en/1.8.6/plugins/b101_assert_used.html
   Location: ./tests/test_enforcement.py:235:8
234	        pe.enable("toggle")
235	        assert target.enabled is True
236	

--------------------------------------------------
>> Issue: [B101:assert_used] Use of assert detected. The enclosed code will be removed when compiling to optimised byte code.
   Severity: Low   Confidence: High
   CWE: CWE-703 (https://cwe.mitre.org/data/definitions/703.html)
   More Info: https://bandit.readthedocs.io/en/1.8.6/plugins/b101_assert_used.html
   Location: ./tests/test_enforcement.py:246:8
245	        result = pe.check("disabled-p")
246	        assert result.passed is False  # check_fn returns False
247	

--------------------------------------------------
>> Issue: [B110:try_except_pass] Try, Except, Pass detected.
   Severity: Low   Confidence: High
   CWE: CWE-703 (https://cwe.mitre.org/data/definitions/703.html)
   More Info: https://bandit.readthedocs.io/en/1.8.6/plugins/b110_try_except_pass.html
   Location: ./tests/test_enforcement.py:263:8
262	            pe.enforce_all()
263	        except Exception as e:
264	            # Other default policies may fail/block, that's ok for this test
265	            pass
266	

--------------------------------------------------
>> Issue: [B101:assert_used] Use of assert detected. The enclosed code will be removed when compiling to optimised byte code.
   Severity: Low   Confidence: High
   CWE: CWE-703 (https://cwe.mitre.org/data/definitions/703.html)
   More Info: https://bandit.readthedocs.io/en/1.8.6/plugins/b101_assert_used.html
   Location: ./tests/test_enforcement.py:274:8
273	        result = pe.check("pass-p")
274	        assert result.passed is True
275	        assert result.blocked is False

--------------------------------------------------
>> Issue: [B101:assert_used] Use of assert detected. The enclosed code will be removed when compiling to optimised byte code.
   Severity: Low   Confidence: High
   CWE: CWE-703 (https://cwe.mitre.org/data/definitions/703.html)
   More Info: https://bandit.readthedocs.io/en/1.8.6/plugins/b101_assert_used.html
   Location: ./tests/test_enforcement.py:275:8
274	        assert result.passed is True
275	        assert result.blocked is False
276	

--------------------------------------------------
>> Issue: [B101:assert_used] Use of assert detected. The enclosed code will be removed when compiling to optimised byte code.
   Severity: Low   Confidence: High
   CWE: CWE-703 (https://cwe.mitre.org/data/definitions/703.html)
   More Info: https://bandit.readthedocs.io/en/1.8.6/plugins/b101_assert_used.html
   Location: ./tests/test_enforcement.py:284:8
283	        result = pe.check("fail-p")
284	        assert result.passed is False
285	        assert result.blocked is True

--------------------------------------------------
>> Issue: [B101:assert_used] Use of assert detected. The enclosed code will be removed when compiling to optimised byte code.
   Severity: Low   Confidence: High
   CWE: CWE-703 (https://cwe.mitre.org/data/definitions/703.html)
   More Info: https://bandit.readthedocs.io/en/1.8.6/plugins/b101_assert_used.html
   Location: ./tests/test_enforcement.py:285:8
284	        assert result.passed is False
285	        assert result.blocked is True
286	

--------------------------------------------------
>> Issue: [B101:assert_used] Use of assert detected. The enclosed code will be removed when compiling to optimised byte code.
   Severity: Low   Confidence: High
   CWE: CWE-703 (https://cwe.mitre.org/data/definitions/703.html)
   More Info: https://bandit.readthedocs.io/en/1.8.6/plugins/b101_assert_used.html
   Location: ./tests/test_enforcement.py:291:8
290	        results = pe.enforce_all()
291	        assert isinstance(results, list)
292	        assert len(results) > 0

--------------------------------------------------
>> Issue: [B101:assert_used] Use of assert detected. The enclosed code will be removed when compiling to optimised byte code.
   Severity: Low   Confidence: High
   CWE: CWE-703 (https://cwe.mitre.org/data/definitions/703.html)
   More Info: https://bandit.readthedocs.io/en/1.8.6/plugins/b101_assert_used.html
   Location: ./tests/test_enforcement.py:292:8
291	        assert isinstance(results, list)
292	        assert len(results) > 0
293	

--------------------------------------------------
>> Issue: [B101:assert_used] Use of assert detected. The enclosed code will be removed when compiling to optimised byte code.
   Severity: Low   Confidence: High
   CWE: CWE-703 (https://cwe.mitre.org/data/definitions/703.html)
   More Info: https://bandit.readthedocs.io/en/1.8.6/plugins/b101_assert_used.html
   Location: ./tests/test_enforcement.py:321:8
320	        s = pe.get_summary()
321	        assert "total" in s
322	        assert "blocked" in s

--------------------------------------------------
>> Issue: [B101:assert_used] Use of assert detected. The enclosed code will be removed when compiling to optimised byte code.
   Severity: Low   Confidence: High
   CWE: CWE-703 (https://cwe.mitre.org/data/definitions/703.html)
   More Info: https://bandit.readthedocs.io/en/1.8.6/plugins/b101_assert_used.html
   Location: ./tests/test_enforcement.py:322:8
321	        assert "total" in s
322	        assert "blocked" in s
323	        assert "all_passed" in s

--------------------------------------------------
>> Issue: [B101:assert_used] Use of assert detected. The enclosed code will be removed when compiling to optimised byte code.
   Severity: Low   Confidence: High
   CWE: CWE-703 (https://cwe.mitre.org/data/definitions/703.html)
   More Info: https://bandit.readthedocs.io/en/1.8.6/plugins/b101_assert_used.html
   Location: ./tests/test_enforcement.py:323:8
322	        assert "blocked" in s
323	        assert "all_passed" in s
324	

--------------------------------------------------
>> Issue: [B101:assert_used] Use of assert detected. The enclosed code will be removed when compiling to optimised byte code.
   Severity: Low   Confidence: High
   CWE: CWE-703 (https://cwe.mitre.org/data/definitions/703.html)
   More Info: https://bandit.readthedocs.io/en/1.8.6/plugins/b101_assert_used.html
   Location: ./tests/test_enforcement.py:339:8
338	        count = pe.reload_policy(str(policy_file))
339	        assert count >= 1
340	        assert any(p.id == "json-p1" for p in pe.policies)

--------------------------------------------------
>> Issue: [B101:assert_used] Use of assert detected. The enclosed code will be removed when compiling to optimised byte code.
   Severity: Low   Confidence: High
   CWE: CWE-703 (https://cwe.mitre.org/data/definitions/703.html)
   More Info: https://bandit.readthedocs.io/en/1.8.6/plugins/b101_assert_used.html
   Location: ./tests/test_enforcement.py:340:8
339	        assert count >= 1
340	        assert any(p.id == "json-p1" for p in pe.policies)
341	

--------------------------------------------------
>> Issue: [B101:assert_used] Use of assert detected. The enclosed code will be removed when compiling to optimised byte code.
   Severity: Low   Confidence: High
   CWE: CWE-703 (https://cwe.mitre.org/data/definitions/703.html)
   More Info: https://bandit.readthedocs.io/en/1.8.6/plugins/b101_assert_used.html
   Location: ./tests/test_enforcement.py:347:12
346	        with patch.dict(os.environ, {"COMMIT_MSG_FILE": str(commit_file)}):
347	            assert pe._check_commit_message() is True
348	

--------------------------------------------------
>> Issue: [B101:assert_used] Use of assert detected. The enclosed code will be removed when compiling to optimised byte code.
   Severity: Low   Confidence: High
   CWE: CWE-703 (https://cwe.mitre.org/data/definitions/703.html)
   More Info: https://bandit.readthedocs.io/en/1.8.6/plugins/b101_assert_used.html
   Location: ./tests/test_enforcement.py:354:12
353	                del os.environ["COMMIT_MSG_FILE"]
354	            assert pe._check_commit_message() is True  # skip when not in hook context
355	

--------------------------------------------------
>> Issue: [B101:assert_used] Use of assert detected. The enclosed code will be removed when compiling to optimised byte code.
   Severity: Low   Confidence: High
   CWE: CWE-703 (https://cwe.mitre.org/data/definitions/703.html)
   More Info: https://bandit.readthedocs.io/en/1.8.6/plugins/b101_assert_used.html
   Location: ./tests/test_enforcement.py:358:8
357	        pe = self._pe()
358	        assert pe._has_task_id("[DEV-123] message") is True
359	

--------------------------------------------------
>> Issue: [B101:assert_used] Use of assert detected. The enclosed code will be removed when compiling to optimised byte code.
   Severity: Low   Confidence: High
   CWE: CWE-703 (https://cwe.mitre.org/data/definitions/703.html)
   More Info: https://bandit.readthedocs.io/en/1.8.6/plugins/b101_assert_used.html
   Location: ./tests/test_enforcement.py:362:8
361	        pe = self._pe()
362	        assert pe._has_task_id("message without id") is False
363	

--------------------------------------------------
>> Issue: [B101:assert_used] Use of assert detected. The enclosed code will be removed when compiling to optimised byte code.
   Severity: Low   Confidence: High
   CWE: CWE-703 (https://cwe.mitre.org/data/definitions/703.html)
   More Info: https://bandit.readthedocs.io/en/1.8.6/plugins/b101_assert_used.html
   Location: ./tests/test_enforcement.py:367:12
366	        with patch.dict(os.environ, {"GIT_COMMAND": "git commit"}):
367	            assert pe._check_no_bypass() is True
368	

--------------------------------------------------
>> Issue: [B101:assert_used] Use of assert detected. The enclosed code will be removed when compiling to optimised byte code.
   Severity: Low   Confidence: High
   CWE: CWE-703 (https://cwe.mitre.org/data/definitions/703.html)
   More Info: https://bandit.readthedocs.io/en/1.8.6/plugins/b101_assert_used.html
   Location: ./tests/test_enforcement.py:372:12
371	        with patch.dict(os.environ, {"GIT_COMMAND": "git push --no-verify"}):
372	            assert pe._check_no_bypass() is False
373	

--------------------------------------------------
>> Issue: [B101:assert_used] Use of assert detected. The enclosed code will be removed when compiling to optimised byte code.
   Severity: Low   Confidence: High
   CWE: CWE-703 (https://cwe.mitre.org/data/definitions/703.html)
   More Info: https://bandit.readthedocs.io/en/1.8.6/plugins/b101_assert_used.html
   Location: ./tests/test_enforcement.py:379:8
378	        engine = PolicyEngine.from_json(str(policy_file))
379	        assert isinstance(engine, PolicyEngine)
380	

--------------------------------------------------
>> Issue: [B101:assert_used] Use of assert detected. The enclosed code will be removed when compiling to optimised byte code.
   Severity: Low   Confidence: High
   CWE: CWE-703 (https://cwe.mitre.org/data/definitions/703.html)
   More Info: https://bandit.readthedocs.io/en/1.8.6/plugins/b101_assert_used.html
   Location: ./tests/test_enforcement.py:386:8
385	        block_policies = [p for p in engine.policies if p.enforcement == EnforcementLevel.BLOCK]
386	        assert len(block_policies) > 0
387	

--------------------------------------------------
>> Issue: [B101:assert_used] Use of assert detected. The enclosed code will be removed when compiling to optimised byte code.
   Severity: Low   Confidence: High
   CWE: CWE-703 (https://cwe.mitre.org/data/definitions/703.html)
   More Info: https://bandit.readthedocs.io/en/1.8.6/plugins/b101_assert_used.html
   Location: ./tests/test_enforcement.py:400:8
399	        cac = self._cac()
400	        assert len(cac.rules) >= 5
401	

--------------------------------------------------
>> Issue: [B101:assert_used] Use of assert detected. The enclosed code will be removed when compiling to optimised byte code.
   Severity: Low   Confidence: High
   CWE: CWE-703 (https://cwe.mitre.org/data/definitions/703.html)
   More Info: https://bandit.readthedocs.io/en/1.8.6/plugins/b101_assert_used.html
   Location: ./tests/test_enforcement.py:405:8
404	        violations = cac.check_commit_message("[DEV-123] Add feature")
405	        assert violations == []
406	

--------------------------------------------------
>> Issue: [B101:assert_used] Use of assert detected. The enclosed code will be removed when compiling to optimised byte code.
   Severity: Low   Confidence: High
   CWE: CWE-703 (https://cwe.mitre.org/data/definitions/703.html)
   More Info: https://bandit.readthedocs.io/en/1.8.6/plugins/b101_assert_used.html
   Location: ./tests/test_enforcement.py:410:8
409	        violations = cac.check_commit_message("Add feature without task id")
410	        assert len(violations) >= 1
411	

--------------------------------------------------
>> Issue: [B101:assert_used] Use of assert detected. The enclosed code will be removed when compiling to optimised byte code.
   Severity: Low   Confidence: High
   CWE: CWE-703 (https://cwe.mitre.org/data/definitions/703.html)
   More Info: https://bandit.readthedocs.io/en/1.8.6/plugins/b101_assert_used.html
   Location: ./tests/test_enforcement.py:415:8
414	        violations = cac.check_command("git commit -m 'msg'")
415	        assert violations == []
416	

--------------------------------------------------
>> Issue: [B101:assert_used] Use of assert detected. The enclosed code will be removed when compiling to optimised byte code.
   Severity: Low   Confidence: High
   CWE: CWE-703 (https://cwe.mitre.org/data/definitions/703.html)
   More Info: https://bandit.readthedocs.io/en/1.8.6/plugins/b101_assert_used.html
   Location: ./tests/test_enforcement.py:420:8
419	        violations = cac.check_command("git push --no-verify")
420	        assert len(violations) >= 1
421	

--------------------------------------------------
>> Issue: [B101:assert_used] Use of assert detected. The enclosed code will be removed when compiling to optimised byte code.
   Severity: Low   Confidence: High
   CWE: CWE-703 (https://cwe.mitre.org/data/definitions/703.html)
   More Info: https://bandit.readthedocs.io/en/1.8.6/plugins/b101_assert_used.html
   Location: ./tests/test_enforcement.py:425:8
424	        violations = cac.check({"quality_score": 50})
425	        assert any("quality" in v.description.lower() for v in violations)
426	

--------------------------------------------------
>> Issue: [B101:assert_used] Use of assert detected. The enclosed code will be removed when compiling to optimised byte code.
   Severity: Low   Confidence: High
   CWE: CWE-703 (https://cwe.mitre.org/data/definitions/703.html)
   More Info: https://bandit.readthedocs.io/en/1.8.6/plugins/b101_assert_used.html
   Location: ./tests/test_enforcement.py:431:8
430	        quality_violations = [v for v in violations if "quality" in v.description.lower()]
431	        assert quality_violations == []
432	

--------------------------------------------------
>> Issue: [B101:assert_used] Use of assert detected. The enclosed code will be removed when compiling to optimised byte code.
   Severity: Low   Confidence: High
   CWE: CWE-703 (https://cwe.mitre.org/data/definitions/703.html)
   More Info: https://bandit.readthedocs.io/en/1.8.6/plugins/b101_assert_used.html
   Location: ./tests/test_enforcement.py:436:8
435	        violations = cac.check({"coverage": 50})
436	        assert any("coverage" in v.description.lower() for v in violations)
437	

--------------------------------------------------
>> Issue: [B101:assert_used] Use of assert detected. The enclosed code will be removed when compiling to optimised byte code.
   Severity: Low   Confidence: High
   CWE: CWE-703 (https://cwe.mitre.org/data/definitions/703.html)
   More Info: https://bandit.readthedocs.io/en/1.8.6/plugins/b101_assert_used.html
   Location: ./tests/test_enforcement.py:441:8
440	        violations = cac.check({"security_score": 80})
441	        assert any("security" in v.description.lower() for v in violations)
442	

--------------------------------------------------
>> Issue: [B101:assert_used] Use of assert detected. The enclosed code will be removed when compiling to optimised byte code.
   Severity: Low   Confidence: High
   CWE: CWE-703 (https://cwe.mitre.org/data/definitions/703.html)
   More Info: https://bandit.readthedocs.io/en/1.8.6/plugins/b101_assert_used.html
   Location: ./tests/test_enforcement.py:465:8
464	        cac.add_rule(rule)
465	        assert any(r.id == "R999" for r in cac.rules)
466	        cac.remove_rule("R999")

--------------------------------------------------
>> Issue: [B101:assert_used] Use of assert detected. The enclosed code will be removed when compiling to optimised byte code.
   Severity: Low   Confidence: High
   CWE: CWE-703 (https://cwe.mitre.org/data/definitions/703.html)
   More Info: https://bandit.readthedocs.io/en/1.8.6/plugins/b101_assert_used.html
   Location: ./tests/test_enforcement.py:467:8
466	        cac.remove_rule("R999")
467	        assert not any(r.id == "R999" for r in cac.rules)
468	

--------------------------------------------------
>> Issue: [B101:assert_used] Use of assert detected. The enclosed code will be removed when compiling to optimised byte code.
   Severity: Low   Confidence: High
   CWE: CWE-703 (https://cwe.mitre.org/data/definitions/703.html)
   More Info: https://bandit.readthedocs.io/en/1.8.6/plugins/b101_assert_used.html
   Location: ./tests/test_enforcement.py:472:8
471	        s = cac.get_rules_summary()
472	        assert "total" in s
473	        assert "enabled" in s

--------------------------------------------------
>> Issue: [B101:assert_used] Use of assert detected. The enclosed code will be removed when compiling to optimised byte code.
   Severity: Low   Confidence: High
   CWE: CWE-703 (https://cwe.mitre.org/data/definitions/703.html)
   More Info: https://bandit.readthedocs.io/en/1.8.6/plugins/b101_assert_used.html
   Location: ./tests/test_enforcement.py:473:8
472	        assert "total" in s
473	        assert "enabled" in s
474	        assert "by_severity" in s

--------------------------------------------------
>> Issue: [B101:assert_used] Use of assert detected. The enclosed code will be removed when compiling to optimised byte code.
   Severity: Low   Confidence: High
   CWE: CWE-703 (https://cwe.mitre.org/data/definitions/703.html)
   More Info: https://bandit.readthedocs.io/en/1.8.6/plugins/b101_assert_used.html
   Location: ./tests/test_enforcement.py:474:8
473	        assert "enabled" in s
474	        assert "by_severity" in s
475	        assert s["total"] >= 5

--------------------------------------------------
>> Issue: [B101:assert_used] Use of assert detected. The enclosed code will be removed when compiling to optimised byte code.
   Severity: Low   Confidence: High
   CWE: CWE-703 (https://cwe.mitre.org/data/definitions/703.html)
   More Info: https://bandit.readthedocs.io/en/1.8.6/plugins/b101_assert_used.html
   Location: ./tests/test_enforcement.py:475:8
474	        assert "by_severity" in s
475	        assert s["total"] >= 5
476	

--------------------------------------------------
>> Issue: [B101:assert_used] Use of assert detected. The enclosed code will be removed when compiling to optimised byte code.
   Severity: Low   Confidence: High
   CWE: CWE-703 (https://cwe.mitre.org/data/definitions/703.html)
   More Info: https://bandit.readthedocs.io/en/1.8.6/plugins/b101_assert_used.html
   Location: ./tests/test_enforcement.py:508:8
507	        sig = reg.record("quality-gate", {"score": 95, "passed": True})
508	        assert isinstance(sig, str)
509	        assert len(sig) == 64  # SHA-256 hex

--------------------------------------------------
>> Issue: [B101:assert_used] Use of assert detected. The enclosed code will be removed when compiling to optimised byte code.
   Severity: Low   Confidence: High
   CWE: CWE-703 (https://cwe.mitre.org/data/definitions/703.html)
   More Info: https://bandit.readthedocs.io/en/1.8.6/plugins/b101_assert_used.html
   Location: ./tests/test_enforcement.py:509:8
508	        assert isinstance(sig, str)
509	        assert len(sig) == 64  # SHA-256 hex
510	

--------------------------------------------------
>> Issue: [B101:assert_used] Use of assert detected. The enclosed code will be removed when compiling to optimised byte code.
   Severity: Low   Confidence: High
   CWE: CWE-703 (https://cwe.mitre.org/data/definitions/703.html)
   More Info: https://bandit.readthedocs.io/en/1.8.6/plugins/b101_assert_used.html
   Location: ./tests/test_enforcement.py:514:8
513	        reg.record("quality-gate", {"score": 95})
514	        assert reg.prove("quality-gate") is True
515	

--------------------------------------------------
>> Issue: [B101:assert_used] Use of assert detected. The enclosed code will be removed when compiling to optimised byte code.
   Severity: Low   Confidence: High
   CWE: CWE-703 (https://cwe.mitre.org/data/definitions/703.html)
   More Info: https://bandit.readthedocs.io/en/1.8.6/plugins/b101_assert_used.html
   Location: ./tests/test_enforcement.py:518:8
517	        reg = self._reg(tmp_path)
518	        assert reg.prove("unrecorded-step") is False
519	

--------------------------------------------------
>> Issue: [B101:assert_used] Use of assert detected. The enclosed code will be removed when compiling to optimised byte code.
   Severity: Low   Confidence: High
   CWE: CWE-703 (https://cwe.mitre.org/data/definitions/703.html)
   More Info: https://bandit.readthedocs.io/en/1.8.6/plugins/b101_assert_used.html
   Location: ./tests/test_enforcement.py:525:8
524	        reg.record("step1", {"data": 1})
525	        assert reg.prove("step1", since=past) is True
526	

--------------------------------------------------
>> Issue: [B101:assert_used] Use of assert detected. The enclosed code will be removed when compiling to optimised byte code.
   Severity: Low   Confidence: High
   CWE: CWE-703 (https://cwe.mitre.org/data/definitions/703.html)
   More Info: https://bandit.readthedocs.io/en/1.8.6/plugins/b101_assert_used.html
   Location: ./tests/test_enforcement.py:532:8
531	        future = (datetime.now() + timedelta(hours=1)).isoformat()
532	        assert reg.prove("step1", since=future) is False
533	

--------------------------------------------------
>> Issue: [B101:assert_used] Use of assert detected. The enclosed code will be removed when compiling to optimised byte code.
   Severity: Low   Confidence: High
   CWE: CWE-703 (https://cwe.mitre.org/data/definitions/703.html)
   More Info: https://bandit.readthedocs.io/en/1.8.6/plugins/b101_assert_used.html
   Location: ./tests/test_enforcement.py:539:8
538	        records = reg.get_records()
539	        assert len(records) == 2
540	

--------------------------------------------------
>> Issue: [B101:assert_used] Use of assert detected. The enclosed code will be removed when compiling to optimised byte code.
   Severity: Low   Confidence: High
   CWE: CWE-703 (https://cwe.mitre.org/data/definitions/703.html)
   More Info: https://bandit.readthedocs.io/en/1.8.6/plugins/b101_assert_used.html
   Location: ./tests/test_enforcement.py:547:8
546	        records = reg.get_records(step="s1")
547	        assert len(records) == 2
548	        assert all(r.step == "s1" for r in records)

--------------------------------------------------
>> Issue: [B101:assert_used] Use of assert detected. The enclosed code will be removed when compiling to optimised byte code.
   Severity: Low   Confidence: High
   CWE: CWE-703 (https://cwe.mitre.org/data/definitions/703.html)
   More Info: https://bandit.readthedocs.io/en/1.8.6/plugins/b101_assert_used.html
   Location: ./tests/test_enforcement.py:548:8
547	        assert len(records) == 2
548	        assert all(r.step == "s1" for r in records)
549	

--------------------------------------------------
>> Issue: [B101:assert_used] Use of assert detected. The enclosed code will be removed when compiling to optimised byte code.
   Severity: Low   Confidence: High
   CWE: CWE-703 (https://cwe.mitre.org/data/definitions/703.html)
   More Info: https://bandit.readthedocs.io/en/1.8.6/plugins/b101_assert_used.html
   Location: ./tests/test_enforcement.py:555:8
554	        records = reg.get_records(limit=3)
555	        assert len(records) == 3
556	

--------------------------------------------------
>> Issue: [B101:assert_used] Use of assert detected. The enclosed code will be removed when compiling to optimised byte code.
   Severity: Low   Confidence: High
   CWE: CWE-703 (https://cwe.mitre.org/data/definitions/703.html)
   More Info: https://bandit.readthedocs.io/en/1.8.6/plugins/b101_assert_used.html
   Location: ./tests/test_enforcement.py:562:8
561	        result = reg.verify_chain(["phase-1", "phase-2"])
562	        assert result["complete"] is True
563	

--------------------------------------------------
>> Issue: [B101:assert_used] Use of assert detected. The enclosed code will be removed when compiling to optimised byte code.
   Severity: Low   Confidence: High
   CWE: CWE-703 (https://cwe.mitre.org/data/definitions/703.html)
   More Info: https://bandit.readthedocs.io/en/1.8.6/plugins/b101_assert_used.html
   Location: ./tests/test_enforcement.py:568:8
567	        result = reg.verify_chain(["phase-1", "phase-2"])
568	        assert result["complete"] is False
569	        assert "phase-2" in result.get("missing", [])

--------------------------------------------------
>> Issue: [B101:assert_used] Use of assert detected. The enclosed code will be removed when compiling to optimised byte code.
   Severity: Low   Confidence: High
   CWE: CWE-703 (https://cwe.mitre.org/data/definitions/703.html)
   More Info: https://bandit.readthedocs.io/en/1.8.6/plugins/b101_assert_used.html
   Location: ./tests/test_enforcement.py:569:8
568	        assert result["complete"] is False
569	        assert "phase-2" in result.get("missing", [])
570	

--------------------------------------------------
>> Issue: [B101:assert_used] Use of assert detected. The enclosed code will be removed when compiling to optimised byte code.
   Severity: Low   Confidence: High
   CWE: CWE-703 (https://cwe.mitre.org/data/definitions/703.html)
   More Info: https://bandit.readthedocs.io/en/1.8.6/plugins/b101_assert_used.html
   Location: ./tests/test_enforcement.py:575:8
574	        report = reg.get_evidence_report("evidence-step")
575	        assert report["step"] == "evidence-step"
576	        assert report["executed"] is True

--------------------------------------------------
>> Issue: [B101:assert_used] Use of assert detected. The enclosed code will be removed when compiling to optimised byte code.
   Severity: Low   Confidence: High
   CWE: CWE-703 (https://cwe.mitre.org/data/definitions/703.html)
   More Info: https://bandit.readthedocs.io/en/1.8.6/plugins/b101_assert_used.html
   Location: ./tests/test_enforcement.py:576:8
575	        assert report["step"] == "evidence-step"
576	        assert report["executed"] is True
577	        assert "evidence" in report

--------------------------------------------------
>> Issue: [B101:assert_used] Use of assert detected. The enclosed code will be removed when compiling to optimised byte code.
   Severity: Low   Confidence: High
   CWE: CWE-703 (https://cwe.mitre.org/data/definitions/703.html)
   More Info: https://bandit.readthedocs.io/en/1.8.6/plugins/b101_assert_used.html
   Location: ./tests/test_enforcement.py:577:8
576	        assert report["executed"] is True
577	        assert "evidence" in report
578	

--------------------------------------------------
>> Issue: [B101:assert_used] Use of assert detected. The enclosed code will be removed when compiling to optimised byte code.
   Severity: Low   Confidence: High
   CWE: CWE-703 (https://cwe.mitre.org/data/definitions/703.html)
   More Info: https://bandit.readthedocs.io/en/1.8.6/plugins/b101_assert_used.html
   Location: ./tests/test_enforcement.py:583:8
582	        sig2 = reg._generate_signature({"b": 2, "a": 1})
583	        assert sig1 == sig2  # sort_keys=True ensures determinism
584	

--------------------------------------------------
>> Issue: [B101:assert_used] Use of assert detected. The enclosed code will be removed when compiling to optimised byte code.
   Severity: Low   Confidence: High
   CWE: CWE-703 (https://cwe.mitre.org/data/definitions/703.html)
   More Info: https://bandit.readthedocs.io/en/1.8.6/plugins/b101_assert_used.html
   Location: ./tests/test_enforcement.py:590:16
589	                reg = create_minimal_registry()
590	                assert reg is not None
591	

--------------------------------------------------
>> Issue: [B101:assert_used] Use of assert detected. The enclosed code will be removed when compiling to optimised byte code.
   Severity: Low   Confidence: High
   CWE: CWE-703 (https://cwe.mitre.org/data/definitions/703.html)
   More Info: https://bandit.readthedocs.io/en/1.8.6/plugins/b101_assert_used.html
   Location: ./tests/test_enforcement.py:601:8
600	        gen = ConstitutionPolicyGenerator()
601	        assert gen is not None
602	

--------------------------------------------------
>> Issue: [B101:assert_used] Use of assert detected. The enclosed code will be removed when compiling to optimised byte code.
   Severity: Low   Confidence: High
   CWE: CWE-703 (https://cwe.mitre.org/data/definitions/703.html)
   More Info: https://bandit.readthedocs.io/en/1.8.6/plugins/b101_assert_used.html
   Location: ./tests/test_enforcement.py:608:8
607	            result = gen.find_constitution()
608	        assert result is None
609	

--------------------------------------------------
>> Issue: [B101:assert_used] Use of assert detected. The enclosed code will be removed when compiling to optimised byte code.
   Severity: Low   Confidence: High
   CWE: CWE-703 (https://cwe.mitre.org/data/definitions/703.html)
   More Info: https://bandit.readthedocs.io/en/1.8.6/plugins/b101_assert_used.html
   Location: ./tests/test_enforcement.py:616:8
615	        rules = gen.parse_constitution(str(f))
616	        assert isinstance(rules, list)
617	

--------------------------------------------------
>> Issue: [B101:assert_used] Use of assert detected. The enclosed code will be removed when compiling to optimised byte code.
   Severity: Low   Confidence: High
   CWE: CWE-703 (https://cwe.mitre.org/data/definitions/703.html)
   More Info: https://bandit.readthedocs.io/en/1.8.6/plugins/b101_assert_used.html
   Location: ./tests/test_enforcement.py:624:8
623	            engine = gen.sync_to_engine()
624	        assert isinstance(engine, PolicyEngine)
625	

--------------------------------------------------
>> Issue: [B101:assert_used] Use of assert detected. The enclosed code will be removed when compiling to optimised byte code.
   Severity: Low   Confidence: High
   CWE: CWE-703 (https://cwe.mitre.org/data/definitions/703.html)
   More Info: https://bandit.readthedocs.io/en/1.8.6/plugins/b101_assert_used.html
   Location: ./tests/test_enforcement.py:635:8
634	        se = ServerEnforcer()
635	        assert se is not None
636	

--------------------------------------------------
>> Issue: [B101:assert_used] Use of assert detected. The enclosed code will be removed when compiling to optimised byte code.
   Severity: Low   Confidence: High
   CWE: CWE-703 (https://cwe.mitre.org/data/definitions/703.html)
   More Info: https://bandit.readthedocs.io/en/1.8.6/plugins/b101_assert_used.html
   Location: ./tests/test_enforcement.py:645:8
644	                        result = se.enforce_all()
645	        assert isinstance(result, dict)
646	

--------------------------------------------------
>> Issue: [B101:assert_used] Use of assert detected. The enclosed code will be removed when compiling to optimised byte code.
   Severity: Low   Confidence: High
   CWE: CWE-703 (https://cwe.mitre.org/data/definitions/703.html)
   More Info: https://bandit.readthedocs.io/en/1.8.6/plugins/b101_assert_used.html
   Location: ./tests/test_enforcement.py:665:8
664	                result = se.on_git_hook("pre-commit")
665	        assert isinstance(result, bool)

--------------------------------------------------
>> Issue: [B101:assert_used] Use of assert detected. The enclosed code will be removed when compiling to optimised byte code.
   Severity: Low   Confidence: High
   CWE: CWE-703 (https://cwe.mitre.org/data/definitions/703.html)
   More Info: https://bandit.readthedocs.io/en/1.8.6/plugins/b101_assert_used.html
   Location: ./tests/test_ensemble_scorer.py:23:8
22	        score = scorer.score(result, expected_fr="FR-01")
23	        assert score.ensemble_confidence > 0.8
24	        assert score.passed is True

--------------------------------------------------
>> Issue: [B101:assert_used] Use of assert detected. The enclosed code will be removed when compiling to optimised byte code.
   Severity: Low   Confidence: High
   CWE: CWE-703 (https://cwe.mitre.org/data/definitions/703.html)
   More Info: https://bandit.readthedocs.io/en/1.8.6/plugins/b101_assert_used.html
   Location: ./tests/test_ensemble_scorer.py:24:8
23	        assert score.ensemble_confidence > 0.8
24	        assert score.passed is True
25	

--------------------------------------------------
>> Issue: [B101:assert_used] Use of assert detected. The enclosed code will be removed when compiling to optimised byte code.
   Severity: Low   Confidence: High
   CWE: CWE-703 (https://cwe.mitre.org/data/definitions/703.html)
   More Info: https://bandit.readthedocs.io/en/1.8.6/plugins/b101_assert_used.html
   Location: ./tests/test_ensemble_scorer.py:34:8
33	        score = scorer.score(result)
34	        assert score.ensemble_confidence < 0.5
35	        assert score.passed is False

--------------------------------------------------
>> Issue: [B101:assert_used] Use of assert detected. The enclosed code will be removed when compiling to optimised byte code.
   Severity: Low   Confidence: High
   CWE: CWE-703 (https://cwe.mitre.org/data/definitions/703.html)
   More Info: https://bandit.readthedocs.io/en/1.8.6/plugins/b101_assert_used.html
   Location: ./tests/test_ensemble_scorer.py:35:8
34	        assert score.ensemble_confidence < 0.5
35	        assert score.passed is False
36	

--------------------------------------------------
>> Issue: [B101:assert_used] Use of assert detected. The enclosed code will be removed when compiling to optimised byte code.
   Severity: Low   Confidence: High
   CWE: CWE-703 (https://cwe.mitre.org/data/definitions/703.html)
   More Info: https://bandit.readthedocs.io/en/1.8.6/plugins/b101_assert_used.html
   Location: ./tests/test_ensemble_scorer.py:45:8
44	        aggregate = scorer.score_ensemble(results)
45	        assert len(aggregate.scores) == 2
46	        assert aggregate.mean_confidence == (

--------------------------------------------------
>> Issue: [B101:assert_used] Use of assert detected. The enclosed code will be removed when compiling to optimised byte code.
   Severity: Low   Confidence: High
   CWE: CWE-703 (https://cwe.mitre.org/data/definitions/703.html)
   More Info: https://bandit.readthedocs.io/en/1.8.6/plugins/b101_assert_used.html
   Location: ./tests/test_ensemble_scorer.py:46:8
45	        assert len(aggregate.scores) == 2
46	        assert aggregate.mean_confidence == (
47	            scorer.score(results[0]).ensemble_confidence + 
48	            scorer.score(results[1]).ensemble_confidence
49	        ) / 2
50	

--------------------------------------------------
>> Issue: [B101:assert_used] Use of assert detected. The enclosed code will be removed when compiling to optimised byte code.
   Severity: Low   Confidence: High
   CWE: CWE-703 (https://cwe.mitre.org/data/definitions/703.html)
   More Info: https://bandit.readthedocs.io/en/1.8.6/plugins/b101_assert_used.html
   Location: ./tests/test_ensemble_scorer.py:55:8
54	        aggregate = scorer.score_ensemble([])
55	        assert len(aggregate.scores) == 0
56	        assert aggregate.mean_confidence == 0.0

--------------------------------------------------
>> Issue: [B101:assert_used] Use of assert detected. The enclosed code will be removed when compiling to optimised byte code.
   Severity: Low   Confidence: High
   CWE: CWE-703 (https://cwe.mitre.org/data/definitions/703.html)
   More Info: https://bandit.readthedocs.io/en/1.8.6/plugins/b101_assert_used.html
   Location: ./tests/test_ensemble_scorer.py:56:8
55	        assert len(aggregate.scores) == 0
56	        assert aggregate.mean_confidence == 0.0
57	        assert aggregate.passed is False

--------------------------------------------------
>> Issue: [B101:assert_used] Use of assert detected. The enclosed code will be removed when compiling to optimised byte code.
   Severity: Low   Confidence: High
   CWE: CWE-703 (https://cwe.mitre.org/data/definitions/703.html)
   More Info: https://bandit.readthedocs.io/en/1.8.6/plugins/b101_assert_used.html
   Location: ./tests/test_ensemble_scorer.py:57:8
56	        assert aggregate.mean_confidence == 0.0
57	        assert aggregate.passed is False

--------------------------------------------------
>> Issue: [B101:assert_used] Use of assert detected. The enclosed code will be removed when compiling to optimised byte code.
   Severity: Low   Confidence: High
   CWE: CWE-703 (https://cwe.mitre.org/data/definitions/703.html)
   More Info: https://bandit.readthedocs.io/en/1.8.6/plugins/b101_assert_used.html
   Location: ./tests/test_feedback_hook.py:12:8
11	        gate = AutoQualityGateWithFeedback()
12	        assert gate._feedback_store is None
13	        assert gate._adapter is None

--------------------------------------------------
>> Issue: [B101:assert_used] Use of assert detected. The enclosed code will be removed when compiling to optimised byte code.
   Severity: Low   Confidence: High
   CWE: CWE-703 (https://cwe.mitre.org/data/definitions/703.html)
   More Info: https://bandit.readthedocs.io/en/1.8.6/plugins/b101_assert_used.html
   Location: ./tests/test_feedback_hook.py:13:8
12	        assert gate._feedback_store is None
13	        assert gate._adapter is None
14	

--------------------------------------------------
>> Issue: [B101:assert_used] Use of assert detected. The enclosed code will be removed when compiling to optimised byte code.
   Severity: Low   Confidence: High
   CWE: CWE-703 (https://cwe.mitre.org/data/definitions/703.html)
   More Info: https://bandit.readthedocs.io/en/1.8.6/plugins/b101_assert_used.html
   Location: ./tests/test_feedback_hook.py:18:8
17	        gate = AutoQualityGateWithFeedback(feedback_store=store)
18	        assert gate._feedback_store is store
19	

--------------------------------------------------
>> Issue: [B101:assert_used] Use of assert detected. The enclosed code will be removed when compiling to optimised byte code.
   Severity: Low   Confidence: High
   CWE: CWE-703 (https://cwe.mitre.org/data/definitions/703.html)
   More Info: https://bandit.readthedocs.io/en/1.8.6/plugins/b101_assert_used.html
   Location: ./tests/test_feedback_hook.py:23:8
22	        result = gate.check(phase=1, artifacts={})
23	        assert result["phase"] == 1
24	        assert "passed" in result

--------------------------------------------------
>> Issue: [B101:assert_used] Use of assert detected. The enclosed code will be removed when compiling to optimised byte code.
   Severity: Low   Confidence: High
   CWE: CWE-703 (https://cwe.mitre.org/data/definitions/703.html)
   More Info: https://bandit.readthedocs.io/en/1.8.6/plugins/b101_assert_used.html
   Location: ./tests/test_feedback_hook.py:24:8
23	        assert result["phase"] == 1
24	        assert "passed" in result
25	        assert "violations" in result

--------------------------------------------------
>> Issue: [B101:assert_used] Use of assert detected. The enclosed code will be removed when compiling to optimised byte code.
   Severity: Low   Confidence: High
   CWE: CWE-703 (https://cwe.mitre.org/data/definitions/703.html)
   More Info: https://bandit.readthedocs.io/en/1.8.6/plugins/b101_assert_used.html
   Location: ./tests/test_feedback_hook.py:25:8
24	        assert "passed" in result
25	        assert "violations" in result
26	

--------------------------------------------------
>> Issue: [B101:assert_used] Use of assert detected. The enclosed code will be removed when compiling to optimised byte code.
   Severity: Low   Confidence: High
   CWE: CWE-703 (https://cwe.mitre.org/data/definitions/703.html)
   More Info: https://bandit.readthedocs.io/en/1.8.6/plugins/b101_assert_used.html
   Location: ./tests/test_feedback_hook.py:30:8
29	        result = gate.run(phase=2, artifacts={})
30	        assert result["phase"] == 2
31	

--------------------------------------------------
>> Issue: [B101:assert_used] Use of assert detected. The enclosed code will be removed when compiling to optimised byte code.
   Severity: Low   Confidence: High
   CWE: CWE-703 (https://cwe.mitre.org/data/definitions/703.html)
   More Info: https://bandit.readthedocs.io/en/1.8.6/plugins/b101_assert_used.html
   Location: ./tests/test_feedback_hook.py:34:8
33	        gate = AutoQualityGateWithFeedback()
34	        assert gate._get_adapter() is None
35	

--------------------------------------------------
>> Issue: [B101:assert_used] Use of assert detected. The enclosed code will be removed when compiling to optimised byte code.
   Severity: Low   Confidence: High
   CWE: CWE-703 (https://cwe.mitre.org/data/definitions/703.html)
   More Info: https://bandit.readthedocs.io/en/1.8.6/plugins/b101_assert_used.html
   Location: ./tests/test_feedback_hook.py:42:8
41	            result = gate.check(phase=3, artifacts={})
42	        assert result["phase"] == 3
43	        mock_adapter.on_quality_gate_complete.assert_called_once()

--------------------------------------------------
>> Issue: [B101:assert_used] Use of assert detected. The enclosed code will be removed when compiling to optimised byte code.
   Severity: Low   Confidence: High
   CWE: CWE-703 (https://cwe.mitre.org/data/definitions/703.html)
   More Info: https://bandit.readthedocs.io/en/1.8.6/plugins/b101_assert_used.html
   Location: ./tests/test_feedback_hook.py:61:8
60	        gate = AutoQualityGateWithFeedback(fail_fast=True)
61	        assert gate.fail_fast is True
62	

--------------------------------------------------
>> Issue: [B101:assert_used] Use of assert detected. The enclosed code will be removed when compiling to optimised byte code.
   Severity: Low   Confidence: High
   CWE: CWE-703 (https://cwe.mitre.org/data/definitions/703.html)
   More Info: https://bandit.readthedocs.io/en/1.8.6/plugins/b101_assert_used.html
   Location: ./tests/test_feedback_hook.py:70:8
69	        mock_checker.run.assert_called_once()
70	        assert "mock" in result["checks_run"]

--------------------------------------------------
>> Issue: [B101:assert_used] Use of assert detected. The enclosed code will be removed when compiling to optimised byte code.
   Severity: Low   Confidence: High
   CWE: CWE-703 (https://cwe.mitre.org/data/definitions/703.html)
   More Info: https://bandit.readthedocs.io/en/1.8.6/plugins/b101_assert_used.html
   Location: ./tests/test_gap_detector.py:69:8
68	            SpecParser(tmp_path / "nonexistent.md")
69	        assert exc_info.value.code == "E_FILE_NOT_FOUND"
70	

--------------------------------------------------
>> Issue: [B101:assert_used] Use of assert detected. The enclosed code will be removed when compiling to optimised byte code.
   Severity: Low   Confidence: High
   CWE: CWE-703 (https://cwe.mitre.org/data/definitions/703.html)
   More Info: https://bandit.readthedocs.io/en/1.8.6/plugins/b101_assert_used.html
   Location: ./tests/test_gap_detector.py:77:8
76	            SpecParser(f)
77	        assert exc_info.value.code == "E_NOT_MARKDOWN"
78	

--------------------------------------------------
>> Issue: [B101:assert_used] Use of assert detected. The enclosed code will be removed when compiling to optimised byte code.
   Severity: Low   Confidence: High
   CWE: CWE-703 (https://cwe.mitre.org/data/definitions/703.html)
   More Info: https://bandit.readthedocs.io/en/1.8.6/plugins/b101_assert_used.html
   Location: ./tests/test_gap_detector.py:84:8
83	        result = parser.parse()
84	        assert result.feature_items == []
85	        assert result.parse_stats.total_lines >= 1

--------------------------------------------------
>> Issue: [B101:assert_used] Use of assert detected. The enclosed code will be removed when compiling to optimised byte code.
   Severity: Low   Confidence: High
   CWE: CWE-703 (https://cwe.mitre.org/data/definitions/703.html)
   More Info: https://bandit.readthedocs.io/en/1.8.6/plugins/b101_assert_used.html
   Location: ./tests/test_gap_detector.py:85:8
84	        assert result.feature_items == []
85	        assert result.parse_stats.total_lines >= 1
86	

--------------------------------------------------
>> Issue: [B101:assert_used] Use of assert detected. The enclosed code will be removed when compiling to optimised byte code.
   Severity: Low   Confidence: High
   CWE: CWE-703 (https://cwe.mitre.org/data/definitions/703.html)
   More Info: https://bandit.readthedocs.io/en/1.8.6/plugins/b101_assert_used.html
   Location: ./tests/test_gap_detector.py:91:8
90	        result = SpecParser(p).parse()
91	        assert len(result.feature_items) == 2
92	

--------------------------------------------------
>> Issue: [B101:assert_used] Use of assert detected. The enclosed code will be removed when compiling to optimised byte code.
   Severity: Low   Confidence: High
   CWE: CWE-703 (https://cwe.mitre.org/data/definitions/703.html)
   More Info: https://bandit.readthedocs.io/en/1.8.6/plugins/b101_assert_used.html
   Location: ./tests/test_gap_detector.py:98:8
97	        ids = [f.id for f in result.feature_items]
98	        assert "F1" in ids
99	        assert "F2" in ids

--------------------------------------------------
>> Issue: [B101:assert_used] Use of assert detected. The enclosed code will be removed when compiling to optimised byte code.
   Severity: Low   Confidence: High
   CWE: CWE-703 (https://cwe.mitre.org/data/definitions/703.html)
   More Info: https://bandit.readthedocs.io/en/1.8.6/plugins/b101_assert_used.html
   Location: ./tests/test_gap_detector.py:99:8
98	        assert "F1" in ids
99	        assert "F2" in ids
100	

--------------------------------------------------
>> Issue: [B101:assert_used] Use of assert detected. The enclosed code will be removed when compiling to optimised byte code.
   Severity: Low   Confidence: High
   CWE: CWE-703 (https://cwe.mitre.org/data/definitions/703.html)
   More Info: https://bandit.readthedocs.io/en/1.8.6/plugins/b101_assert_used.html
   Location: ./tests/test_gap_detector.py:105:8
104	        result = SpecParser(p).parse()
105	        assert result.feature_items[0].name == "User Registration"
106	

--------------------------------------------------
>> Issue: [B101:assert_used] Use of assert detected. The enclosed code will be removed when compiling to optimised byte code.
   Severity: Low   Confidence: High
   CWE: CWE-703 (https://cwe.mitre.org/data/definitions/703.html)
   More Info: https://bandit.readthedocs.io/en/1.8.6/plugins/b101_assert_used.html
   Location: ./tests/test_gap_detector.py:112:8
111	        f1 = next(f for f in result.feature_items if f.id == "F1")
112	        assert f1.priority == "P1"
113	

--------------------------------------------------
>> Issue: [B101:assert_used] Use of assert detected. The enclosed code will be removed when compiling to optimised byte code.
   Severity: Low   Confidence: High
   CWE: CWE-703 (https://cwe.mitre.org/data/definitions/703.html)
   More Info: https://bandit.readthedocs.io/en/1.8.6/plugins/b101_assert_used.html
   Location: ./tests/test_gap_detector.py:119:8
118	        f2 = next(f for f in result.feature_items if f.id == "F2")
119	        assert f2.priority == "P0"
120	

--------------------------------------------------
>> Issue: [B101:assert_used] Use of assert detected. The enclosed code will be removed when compiling to optimised byte code.
   Severity: Low   Confidence: High
   CWE: CWE-703 (https://cwe.mitre.org/data/definitions/703.html)
   More Info: https://bandit.readthedocs.io/en/1.8.6/plugins/b101_assert_used.html
   Location: ./tests/test_gap_detector.py:126:8
125	        f2 = next(f for f in result.feature_items if f.id == "F2")
126	        assert "F1" in f2.depends_on
127	

--------------------------------------------------
>> Issue: [B101:assert_used] Use of assert detected. The enclosed code will be removed when compiling to optimised byte code.
   Severity: Low   Confidence: High
   CWE: CWE-703 (https://cwe.mitre.org/data/definitions/703.html)
   More Info: https://bandit.readthedocs.io/en/1.8.6/plugins/b101_assert_used.html
   Location: ./tests/test_gap_detector.py:133:8
132	        f1 = next(f for f in result.feature_items if f.id == "F1")
133	        assert len(f1.acceptance_criteria) >= 1
134	

--------------------------------------------------
>> Issue: [B101:assert_used] Use of assert detected. The enclosed code will be removed when compiling to optimised byte code.
   Severity: Low   Confidence: High
   CWE: CWE-703 (https://cwe.mitre.org/data/definitions/703.html)
   More Info: https://bandit.readthedocs.io/en/1.8.6/plugins/b101_assert_used.html
   Location: ./tests/test_gap_detector.py:139:8
138	        result = SpecParser(p).parse()
139	        assert result.metadata.version == "1.0"
140	

--------------------------------------------------
>> Issue: [B101:assert_used] Use of assert detected. The enclosed code will be removed when compiling to optimised byte code.
   Severity: Low   Confidence: High
   CWE: CWE-703 (https://cwe.mitre.org/data/definitions/703.html)
   More Info: https://bandit.readthedocs.io/en/1.8.6/plugins/b101_assert_used.html
   Location: ./tests/test_gap_detector.py:145:8
144	        result = SpecParser(p).parse()
145	        assert "Demo Project" in result.metadata.title
146	

--------------------------------------------------
>> Issue: [B101:assert_used] Use of assert detected. The enclosed code will be removed when compiling to optimised byte code.
   Severity: Low   Confidence: High
   CWE: CWE-703 (https://cwe.mitre.org/data/definitions/703.html)
   More Info: https://bandit.readthedocs.io/en/1.8.6/plugins/b101_assert_used.html
   Location: ./tests/test_gap_detector.py:151:8
150	        result = SpecParser(p).parse()
151	        assert result.parse_stats.total_lines > 0
152	

--------------------------------------------------
>> Issue: [B101:assert_used] Use of assert detected. The enclosed code will be removed when compiling to optimised byte code.
   Severity: Low   Confidence: High
   CWE: CWE-703 (https://cwe.mitre.org/data/definitions/703.html)
   More Info: https://bandit.readthedocs.io/en/1.8.6/plugins/b101_assert_used.html
   Location: ./tests/test_gap_detector.py:157:8
156	        result = SpecParser(p).parse()
157	        assert result.parse_stats.parse_success_rate == 1.0
158	

--------------------------------------------------
>> Issue: [B101:assert_used] Use of assert detected. The enclosed code will be removed when compiling to optimised byte code.
   Severity: Low   Confidence: High
   CWE: CWE-703 (https://cwe.mitre.org/data/definitions/703.html)
   More Info: https://bandit.readthedocs.io/en/1.8.6/plugins/b101_assert_used.html
   Location: ./tests/test_gap_detector.py:164:8
163	        parser.parse()
164	        assert parser.get_error_log() == []
165	

--------------------------------------------------
>> Issue: [B101:assert_used] Use of assert detected. The enclosed code will be removed when compiling to optimised byte code.
   Severity: Low   Confidence: High
   CWE: CWE-703 (https://cwe.mitre.org/data/definitions/703.html)
   More Info: https://bandit.readthedocs.io/en/1.8.6/plugins/b101_assert_used.html
   Location: ./tests/test_gap_detector.py:170:8
169	        result = SpecParser(p).parse()
170	        assert result.feature_items == []
171	

--------------------------------------------------
>> Issue: [B101:assert_used] Use of assert detected. The enclosed code will be removed when compiling to optimised byte code.
   Severity: Low   Confidence: High
   CWE: CWE-703 (https://cwe.mitre.org/data/definitions/703.html)
   More Info: https://bandit.readthedocs.io/en/1.8.6/plugins/b101_assert_used.html
   Location: ./tests/test_gap_detector.py:176:8
175	        result = SpecParser(p).parse()
176	        assert result.feature_items[0].raw_text != ""
177	

--------------------------------------------------
>> Issue: [B101:assert_used] Use of assert detected. The enclosed code will be removed when compiling to optimised byte code.
   Severity: Low   Confidence: High
   CWE: CWE-703 (https://cwe.mitre.org/data/definitions/703.html)
   More Info: https://bandit.readthedocs.io/en/1.8.6/plugins/b101_assert_used.html
   Location: ./tests/test_gap_detector.py:181:8
180	        err = SpecParseError("E_TEST", "test message")
181	        assert "E_TEST" in str(err)
182	        assert "test message" in str(err)

--------------------------------------------------
>> Issue: [B101:assert_used] Use of assert detected. The enclosed code will be removed when compiling to optimised byte code.
   Severity: Low   Confidence: High
   CWE: CWE-703 (https://cwe.mitre.org/data/definitions/703.html)
   More Info: https://bandit.readthedocs.io/en/1.8.6/plugins/b101_assert_used.html
   Location: ./tests/test_gap_detector.py:182:8
181	        assert "E_TEST" in str(err)
182	        assert "test message" in str(err)
183	

--------------------------------------------------
>> Issue: [B101:assert_used] Use of assert detected. The enclosed code will be removed when compiling to optimised byte code.
   Severity: Low   Confidence: High
   CWE: CWE-703 (https://cwe.mitre.org/data/definitions/703.html)
   More Info: https://bandit.readthedocs.io/en/1.8.6/plugins/b101_assert_used.html
   Location: ./tests/test_gap_detector.py:189:12
188	        for fi in result.feature_items:
189	            assert fi.line_number > 0
190	

--------------------------------------------------
>> Issue: [B101:assert_used] Use of assert detected. The enclosed code will be removed when compiling to optimised byte code.
   Severity: Low   Confidence: High
   CWE: CWE-703 (https://cwe.mitre.org/data/definitions/703.html)
   More Info: https://bandit.readthedocs.io/en/1.8.6/plugins/b101_assert_used.html
   Location: ./tests/test_gap_detector.py:201:8
200	            CodeScanner(tmp_path / "nonexistent")
201	        assert exc_info.value.code == "E_FILE_NOT_FOUND"
202	

--------------------------------------------------
>> Issue: [B101:assert_used] Use of assert detected. The enclosed code will be removed when compiling to optimised byte code.
   Severity: Low   Confidence: High
   CWE: CWE-703 (https://cwe.mitre.org/data/definitions/703.html)
   More Info: https://bandit.readthedocs.io/en/1.8.6/plugins/b101_assert_used.html
   Location: ./tests/test_gap_detector.py:206:8
205	        result = CodeScanner(tmp_path).scan()
206	        assert result.modules == []
207	        assert result.scan_stats.total_files == 0

--------------------------------------------------
>> Issue: [B101:assert_used] Use of assert detected. The enclosed code will be removed when compiling to optimised byte code.
   Severity: Low   Confidence: High
   CWE: CWE-703 (https://cwe.mitre.org/data/definitions/703.html)
   More Info: https://bandit.readthedocs.io/en/1.8.6/plugins/b101_assert_used.html
   Location: ./tests/test_gap_detector.py:207:8
206	        assert result.modules == []
207	        assert result.scan_stats.total_files == 0
208	

--------------------------------------------------
>> Issue: [B101:assert_used] Use of assert detected. The enclosed code will be removed when compiling to optimised byte code.
   Severity: Low   Confidence: High
   CWE: CWE-703 (https://cwe.mitre.org/data/definitions/703.html)
   More Info: https://bandit.readthedocs.io/en/1.8.6/plugins/b101_assert_used.html
   Location: ./tests/test_gap_detector.py:213:8
212	        result = CodeScanner(tmp_path).scan()
213	        assert result.scan_stats.total_files == 1
214	        assert result.scan_stats.scanned_files == 1

--------------------------------------------------
>> Issue: [B101:assert_used] Use of assert detected. The enclosed code will be removed when compiling to optimised byte code.
   Severity: Low   Confidence: High
   CWE: CWE-703 (https://cwe.mitre.org/data/definitions/703.html)
   More Info: https://bandit.readthedocs.io/en/1.8.6/plugins/b101_assert_used.html
   Location: ./tests/test_gap_detector.py:214:8
213	        assert result.scan_stats.total_files == 1
214	        assert result.scan_stats.scanned_files == 1
215	

--------------------------------------------------
>> Issue: [B101:assert_used] Use of assert detected. The enclosed code will be removed when compiling to optimised byte code.
   Severity: Low   Confidence: High
   CWE: CWE-703 (https://cwe.mitre.org/data/definitions/703.html)
   More Info: https://bandit.readthedocs.io/en/1.8.6/plugins/b101_assert_used.html
   Location: ./tests/test_gap_detector.py:220:8
219	        result = CodeScanner(tmp_path).scan()
220	        assert result.scan_stats.total_files == 0
221	

--------------------------------------------------
>> Issue: [B101:assert_used] Use of assert detected. The enclosed code will be removed when compiling to optimised byte code.
   Severity: Low   Confidence: High
   CWE: CWE-703 (https://cwe.mitre.org/data/definitions/703.html)
   More Info: https://bandit.readthedocs.io/en/1.8.6/plugins/b101_assert_used.html
   Location: ./tests/test_gap_detector.py:227:8
226	        kinds = [item.kind for mod in result.modules for item in mod.items]
227	        assert "class" in kinds
228	

--------------------------------------------------
>> Issue: [B101:assert_used] Use of assert detected. The enclosed code will be removed when compiling to optimised byte code.
   Severity: Low   Confidence: High
   CWE: CWE-703 (https://cwe.mitre.org/data/definitions/703.html)
   More Info: https://bandit.readthedocs.io/en/1.8.6/plugins/b101_assert_used.html
   Location: ./tests/test_gap_detector.py:234:8
233	        names = [item.name for mod in result.modules for item in mod.items]
234	        assert "login" in names
235	

--------------------------------------------------
>> Issue: [B101:assert_used] Use of assert detected. The enclosed code will be removed when compiling to optimised byte code.
   Severity: Low   Confidence: High
   CWE: CWE-703 (https://cwe.mitre.org/data/definitions/703.html)
   More Info: https://bandit.readthedocs.io/en/1.8.6/plugins/b101_assert_used.html
   Location: ./tests/test_gap_detector.py:243:8
242	        private_names = [item.name for mod in result.modules for item in mod.items if not item.is_public]
243	        assert "_private_helper" in private_names
244	

--------------------------------------------------
>> Issue: [B101:assert_used] Use of assert detected. The enclosed code will be removed when compiling to optimised byte code.
   Severity: Low   Confidence: High
   CWE: CWE-703 (https://cwe.mitre.org/data/definitions/703.html)
   More Info: https://bandit.readthedocs.io/en/1.8.6/plugins/b101_assert_used.html
   Location: ./tests/test_gap_detector.py:249:8
248	        result = CodeScanner(tmp_path).scan()
249	        assert result.modules[0].module_name == "my_module"
250	

--------------------------------------------------
>> Issue: [B101:assert_used] Use of assert detected. The enclosed code will be removed when compiling to optimised byte code.
   Severity: Low   Confidence: High
   CWE: CWE-703 (https://cwe.mitre.org/data/definitions/703.html)
   More Info: https://bandit.readthedocs.io/en/1.8.6/plugins/b101_assert_used.html
   Location: ./tests/test_gap_detector.py:255:8
254	        result = CodeScanner(tmp_path).scan()
255	        assert result.modules[0].line_count > 0
256	

--------------------------------------------------
>> Issue: [B101:assert_used] Use of assert detected. The enclosed code will be removed when compiling to optimised byte code.
   Severity: Low   Confidence: High
   CWE: CWE-703 (https://cwe.mitre.org/data/definitions/703.html)
   More Info: https://bandit.readthedocs.io/en/1.8.6/plugins/b101_assert_used.html
   Location: ./tests/test_gap_detector.py:263:8
262	        result = CodeScanner(tmp_path).scan()
263	        assert result.scan_stats.total_files == 1
264	

--------------------------------------------------
>> Issue: [B101:assert_used] Use of assert detected. The enclosed code will be removed when compiling to optimised byte code.
   Severity: Low   Confidence: High
   CWE: CWE-703 (https://cwe.mitre.org/data/definitions/703.html)
   More Info: https://bandit.readthedocs.io/en/1.8.6/plugins/b101_assert_used.html
   Location: ./tests/test_gap_detector.py:271:8
270	        result = CodeScanner(tmp_path).scan()
271	        assert result.scan_stats.total_files == 0
272	

--------------------------------------------------
>> Issue: [B101:assert_used] Use of assert detected. The enclosed code will be removed when compiling to optimised byte code.
   Severity: Low   Confidence: High
   CWE: CWE-703 (https://cwe.mitre.org/data/definitions/703.html)
   More Info: https://bandit.readthedocs.io/en/1.8.6/plugins/b101_assert_used.html
   Location: ./tests/test_gap_detector.py:278:8
277	        result = CodeScanner(tmp_path).scan()
278	        assert result.scan_stats.skipped_files == 1
279	

--------------------------------------------------
>> Issue: [B101:assert_used] Use of assert detected. The enclosed code will be removed when compiling to optimised byte code.
   Severity: Low   Confidence: High
   CWE: CWE-703 (https://cwe.mitre.org/data/definitions/703.html)
   More Info: https://bandit.readthedocs.io/en/1.8.6/plugins/b101_assert_used.html
   Location: ./tests/test_gap_detector.py:284:8
283	        result = CodeScanner(tmp_path).scan()
284	        assert result.scan_stats.scan_coverage_rate == 1.0
285	

--------------------------------------------------
>> Issue: [B101:assert_used] Use of assert detected. The enclosed code will be removed when compiling to optimised byte code.
   Severity: Low   Confidence: High
   CWE: CWE-703 (https://cwe.mitre.org/data/definitions/703.html)
   More Info: https://bandit.readthedocs.io/en/1.8.6/plugins/b101_assert_used.html
   Location: ./tests/test_gap_detector.py:292:8
291	        docstrings = [item.docstring for item in all_items if item.docstring]
292	        assert len(docstrings) > 0
293	

--------------------------------------------------
>> Issue: [B101:assert_used] Use of assert detected. The enclosed code will be removed when compiling to optimised byte code.
   Severity: Low   Confidence: High
   CWE: CWE-703 (https://cwe.mitre.org/data/definitions/703.html)
   More Info: https://bandit.readthedocs.io/en/1.8.6/plugins/b101_assert_used.html
   Location: ./tests/test_gap_detector.py:298:8
297	        result = CodeScanner(tmp_path).scan()
298	        assert result.scan_stats.total_items > 0
299	

--------------------------------------------------
>> Issue: [B101:assert_used] Use of assert detected. The enclosed code will be removed when compiling to optimised byte code.
   Severity: Low   Confidence: High
   CWE: CWE-703 (https://cwe.mitre.org/data/definitions/703.html)
   More Info: https://bandit.readthedocs.io/en/1.8.6/plugins/b101_assert_used.html
   Location: ./tests/test_gap_detector.py:303:8
302	        err = ScanError("E_TEST", "msg")
303	        assert "E_TEST" in str(err)
304	

--------------------------------------------------
>> Issue: [B101:assert_used] Use of assert detected. The enclosed code will be removed when compiling to optimised byte code.
   Severity: Low   Confidence: High
   CWE: CWE-703 (https://cwe.mitre.org/data/definitions/703.html)
   More Info: https://bandit.readthedocs.io/en/1.8.6/plugins/b101_assert_used.html
   Location: ./tests/test_gap_detector.py:336:8
335	        from gap_detector.detector import _levenshtein_distance
336	        assert _levenshtein_distance("abc", "abc") == 0
337	

--------------------------------------------------
>> Issue: [B101:assert_used] Use of assert detected. The enclosed code will be removed when compiling to optimised byte code.
   Severity: Low   Confidence: High
   CWE: CWE-703 (https://cwe.mitre.org/data/definitions/703.html)
   More Info: https://bandit.readthedocs.io/en/1.8.6/plugins/b101_assert_used.html
   Location: ./tests/test_gap_detector.py:340:8
339	        from gap_detector.detector import _levenshtein_distance
340	        assert _levenshtein_distance("", "") == 0
341	

--------------------------------------------------
>> Issue: [B101:assert_used] Use of assert detected. The enclosed code will be removed when compiling to optimised byte code.
   Severity: Low   Confidence: High
   CWE: CWE-703 (https://cwe.mitre.org/data/definitions/703.html)
   More Info: https://bandit.readthedocs.io/en/1.8.6/plugins/b101_assert_used.html
   Location: ./tests/test_gap_detector.py:344:8
343	        from gap_detector.detector import _levenshtein_distance
344	        assert _levenshtein_distance("abc", "") == 3
345	

--------------------------------------------------
>> Issue: [B101:assert_used] Use of assert detected. The enclosed code will be removed when compiling to optimised byte code.
   Severity: Low   Confidence: High
   CWE: CWE-703 (https://cwe.mitre.org/data/definitions/703.html)
   More Info: https://bandit.readthedocs.io/en/1.8.6/plugins/b101_assert_used.html
   Location: ./tests/test_gap_detector.py:348:8
347	        from gap_detector.detector import _levenshtein_distance
348	        assert _levenshtein_distance("abc", "axc") == 1
349	

--------------------------------------------------
>> Issue: [B101:assert_used] Use of assert detected. The enclosed code will be removed when compiling to optimised byte code.
   Severity: Low   Confidence: High
   CWE: CWE-703 (https://cwe.mitre.org/data/definitions/703.html)
   More Info: https://bandit.readthedocs.io/en/1.8.6/plugins/b101_assert_used.html
   Location: ./tests/test_gap_detector.py:352:8
351	        from gap_detector.detector import _levenshtein_distance
352	        assert _levenshtein_distance("ab", "ba") == 2
353	

--------------------------------------------------
>> Issue: [B101:assert_used] Use of assert detected. The enclosed code will be removed when compiling to optimised byte code.
   Severity: Low   Confidence: High
   CWE: CWE-703 (https://cwe.mitre.org/data/definitions/703.html)
   More Info: https://bandit.readthedocs.io/en/1.8.6/plugins/b101_assert_used.html
   Location: ./tests/test_gap_detector.py:362:8
361	        missing = [g for g in gaps if g.gap_type == "MISSING"]
362	        assert missing == []
363	

--------------------------------------------------
>> Issue: [B101:assert_used] Use of assert detected. The enclosed code will be removed when compiling to optimised byte code.
   Severity: Low   Confidence: High
   CWE: CWE-703 (https://cwe.mitre.org/data/definitions/703.html)
   More Info: https://bandit.readthedocs.io/en/1.8.6/plugins/b101_assert_used.html
   Location: ./tests/test_gap_detector.py:369:8
368	        gaps = GapDetector(spec, code).detect()
369	        assert any(g.gap_type == "MISSING" for g in gaps)
370	

--------------------------------------------------
>> Issue: [B101:assert_used] Use of assert detected. The enclosed code will be removed when compiling to optimised byte code.
   Severity: Low   Confidence: High
   CWE: CWE-703 (https://cwe.mitre.org/data/definitions/703.html)
   More Info: https://bandit.readthedocs.io/en/1.8.6/plugins/b101_assert_used.html
   Location: ./tests/test_gap_detector.py:377:8
376	        missing = [g for g in gaps if g.gap_type == "MISSING"]
377	        assert missing[0].severity == "critical"
378	

--------------------------------------------------
>> Issue: [B101:assert_used] Use of assert detected. The enclosed code will be removed when compiling to optimised byte code.
   Severity: Low   Confidence: High
   CWE: CWE-703 (https://cwe.mitre.org/data/definitions/703.html)
   More Info: https://bandit.readthedocs.io/en/1.8.6/plugins/b101_assert_used.html
   Location: ./tests/test_gap_detector.py:385:8
384	        missing = [g for g in gaps if g.gap_type == "MISSING"]
385	        assert missing[0].severity == "major"
386	

--------------------------------------------------
>> Issue: [B101:assert_used] Use of assert detected. The enclosed code will be removed when compiling to optimised byte code.
   Severity: Low   Confidence: High
   CWE: CWE-703 (https://cwe.mitre.org/data/definitions/703.html)
   More Info: https://bandit.readthedocs.io/en/1.8.6/plugins/b101_assert_used.html
   Location: ./tests/test_gap_detector.py:393:8
392	        incomplete = [g for g in gaps if g.gap_type == "INCOMPLETE"]
393	        assert len(incomplete) == 1
394	

--------------------------------------------------
>> Issue: [B101:assert_used] Use of assert detected. The enclosed code will be removed when compiling to optimised byte code.
   Severity: Low   Confidence: High
   CWE: CWE-703 (https://cwe.mitre.org/data/definitions/703.html)
   More Info: https://bandit.readthedocs.io/en/1.8.6/plugins/b101_assert_used.html
   Location: ./tests/test_gap_detector.py:401:8
400	        incomplete = [g for g in gaps if g.gap_type == "INCOMPLETE"]
401	        assert incomplete == []
402	

--------------------------------------------------
>> Issue: [B101:assert_used] Use of assert detected. The enclosed code will be removed when compiling to optimised byte code.
   Severity: Low   Confidence: High
   CWE: CWE-703 (https://cwe.mitre.org/data/definitions/703.html)
   More Info: https://bandit.readthedocs.io/en/1.8.6/plugins/b101_assert_used.html
   Location: ./tests/test_gap_detector.py:412:8
411	        orphaned = [g for g in gaps if g.gap_type == "ORPHANED"]
412	        assert any(g.code_item == "OrphanedFunction" for g in orphaned)
413	

--------------------------------------------------
>> Issue: [B101:assert_used] Use of assert detected. The enclosed code will be removed when compiling to optimised byte code.
   Severity: Low   Confidence: High
   CWE: CWE-703 (https://cwe.mitre.org/data/definitions/703.html)
   More Info: https://bandit.readthedocs.io/en/1.8.6/plugins/b101_assert_used.html
   Location: ./tests/test_gap_detector.py:421:8
420	        missing = [g for g in gaps if g.gap_type == "MISSING"]
421	        assert missing == []
422	

--------------------------------------------------
>> Issue: [B101:assert_used] Use of assert detected. The enclosed code will be removed when compiling to optimised byte code.
   Severity: Low   Confidence: High
   CWE: CWE-703 (https://cwe.mitre.org/data/definitions/703.html)
   More Info: https://bandit.readthedocs.io/en/1.8.6/plugins/b101_assert_used.html
   Location: ./tests/test_gap_detector.py:430:8
429	        s = detector.get_summary()
430	        assert s.missing >= 1
431	        assert s.total_gaps == s.missing + s.incomplete + s.orphaned

--------------------------------------------------
>> Issue: [B101:assert_used] Use of assert detected. The enclosed code will be removed when compiling to optimised byte code.
   Severity: Low   Confidence: High
   CWE: CWE-703 (https://cwe.mitre.org/data/definitions/703.html)
   More Info: https://bandit.readthedocs.io/en/1.8.6/plugins/b101_assert_used.html
   Location: ./tests/test_gap_detector.py:431:8
430	        assert s.missing >= 1
431	        assert s.total_gaps == s.missing + s.incomplete + s.orphaned
432	

--------------------------------------------------
>> Issue: [B101:assert_used] Use of assert detected. The enclosed code will be removed when compiling to optimised byte code.
   Severity: Low   Confidence: High
   CWE: CWE-703 (https://cwe.mitre.org/data/definitions/703.html)
   More Info: https://bandit.readthedocs.io/en/1.8.6/plugins/b101_assert_used.html
   Location: ./tests/test_gap_detector.py:440:8
439	        s = detector.get_summary()
440	        assert s.total_gaps >= 1
441	

--------------------------------------------------
>> Issue: [B101:assert_used] Use of assert detected. The enclosed code will be removed when compiling to optimised byte code.
   Severity: Low   Confidence: High
   CWE: CWE-703 (https://cwe.mitre.org/data/definitions/703.html)
   More Info: https://bandit.readthedocs.io/en/1.8.6/plugins/b101_assert_used.html
   Location: ./tests/test_gap_detector.py:447:8
446	        gaps = GapDetector(spec, code).detect()
447	        assert gaps == []
448	

--------------------------------------------------
>> Issue: [B101:assert_used] Use of assert detected. The enclosed code will be removed when compiling to optimised byte code.
   Severity: Low   Confidence: High
   CWE: CWE-703 (https://cwe.mitre.org/data/definitions/703.html)
   More Info: https://bandit.readthedocs.io/en/1.8.6/plugins/b101_assert_used.html
   Location: ./tests/test_gap_detector.py:460:8
459	        # At least one gap should have downstream_missing=True after mark
460	        assert isinstance(gaps, list)
461	

--------------------------------------------------
>> Issue: [B101:assert_used] Use of assert detected. The enclosed code will be removed when compiling to optimised byte code.
   Severity: Low   Confidence: High
   CWE: CWE-703 (https://cwe.mitre.org/data/definitions/703.html)
   More Info: https://bandit.readthedocs.io/en/1.8.6/plugins/b101_assert_used.html
   Location: ./tests/test_gap_detector.py:477:8
476	        paths = reporter.generate()
477	        assert Path(paths.json_path).exists()
478	

--------------------------------------------------
>> Issue: [B101:assert_used] Use of assert detected. The enclosed code will be removed when compiling to optimised byte code.
   Severity: Low   Confidence: High
   CWE: CWE-703 (https://cwe.mitre.org/data/definitions/703.html)
   More Info: https://bandit.readthedocs.io/en/1.8.6/plugins/b101_assert_used.html
   Location: ./tests/test_gap_detector.py:482:8
481	        paths = reporter.generate()
482	        assert Path(paths.md_path).exists()
483	

--------------------------------------------------
>> Issue: [B101:assert_used] Use of assert detected. The enclosed code will be removed when compiling to optimised byte code.
   Severity: Low   Confidence: High
   CWE: CWE-703 (https://cwe.mitre.org/data/definitions/703.html)
   More Info: https://bandit.readthedocs.io/en/1.8.6/plugins/b101_assert_used.html
   Location: ./tests/test_gap_detector.py:488:8
487	        data = json.loads(Path(paths.json_path).read_text())
488	        assert "generated_at" in data
489	        assert "summary" in data

--------------------------------------------------
>> Issue: [B101:assert_used] Use of assert detected. The enclosed code will be removed when compiling to optimised byte code.
   Severity: Low   Confidence: High
   CWE: CWE-703 (https://cwe.mitre.org/data/definitions/703.html)
   More Info: https://bandit.readthedocs.io/en/1.8.6/plugins/b101_assert_used.html
   Location: ./tests/test_gap_detector.py:489:8
488	        assert "generated_at" in data
489	        assert "summary" in data
490	        assert "gaps" in data

--------------------------------------------------
>> Issue: [B101:assert_used] Use of assert detected. The enclosed code will be removed when compiling to optimised byte code.
   Severity: Low   Confidence: High
   CWE: CWE-703 (https://cwe.mitre.org/data/definitions/703.html)
   More Info: https://bandit.readthedocs.io/en/1.8.6/plugins/b101_assert_used.html
   Location: ./tests/test_gap_detector.py:490:8
489	        assert "summary" in data
490	        assert "gaps" in data
491	

--------------------------------------------------
>> Issue: [B101:assert_used] Use of assert detected. The enclosed code will be removed when compiling to optimised byte code.
   Severity: Low   Confidence: High
   CWE: CWE-703 (https://cwe.mitre.org/data/definitions/703.html)
   More Info: https://bandit.readthedocs.io/en/1.8.6/plugins/b101_assert_used.html
   Location: ./tests/test_gap_detector.py:496:8
495	        data = json.loads(Path(paths.json_path).read_text())
496	        assert data["summary"]["total_gaps"] == 0
497	

--------------------------------------------------
>> Issue: [B101:assert_used] Use of assert detected. The enclosed code will be removed when compiling to optimised byte code.
   Severity: Low   Confidence: High
   CWE: CWE-703 (https://cwe.mitre.org/data/definitions/703.html)
   More Info: https://bandit.readthedocs.io/en/1.8.6/plugins/b101_assert_used.html
   Location: ./tests/test_gap_detector.py:505:8
504	        data = json.loads(Path(paths.json_path).read_text())
505	        assert data["summary"]["total_gaps"] == 1
506	        assert data["gaps"][0]["gap_type"] == "MISSING"

--------------------------------------------------
>> Issue: [B101:assert_used] Use of assert detected. The enclosed code will be removed when compiling to optimised byte code.
   Severity: Low   Confidence: High
   CWE: CWE-703 (https://cwe.mitre.org/data/definitions/703.html)
   More Info: https://bandit.readthedocs.io/en/1.8.6/plugins/b101_assert_used.html
   Location: ./tests/test_gap_detector.py:506:8
505	        assert data["summary"]["total_gaps"] == 1
506	        assert data["gaps"][0]["gap_type"] == "MISSING"
507	

--------------------------------------------------
>> Issue: [B101:assert_used] Use of assert detected. The enclosed code will be removed when compiling to optimised byte code.
   Severity: Low   Confidence: High
   CWE: CWE-703 (https://cwe.mitre.org/data/definitions/703.html)
   More Info: https://bandit.readthedocs.io/en/1.8.6/plugins/b101_assert_used.html
   Location: ./tests/test_gap_detector.py:512:8
511	        content = Path(paths.md_path).read_text()
512	        assert "Gap Summary Report" in content
513	

--------------------------------------------------
>> Issue: [B101:assert_used] Use of assert detected. The enclosed code will be removed when compiling to optimised byte code.
   Severity: Low   Confidence: High
   CWE: CWE-703 (https://cwe.mitre.org/data/definitions/703.html)
   More Info: https://bandit.readthedocs.io/en/1.8.6/plugins/b101_assert_used.html
   Location: ./tests/test_gap_detector.py:521:8
520	        content = Path(paths.md_path).read_text()
521	        assert "Missing Features" in content
522	        assert "FeatureX" in content

--------------------------------------------------
>> Issue: [B101:assert_used] Use of assert detected. The enclosed code will be removed when compiling to optimised byte code.
   Severity: Low   Confidence: High
   CWE: CWE-703 (https://cwe.mitre.org/data/definitions/703.html)
   More Info: https://bandit.readthedocs.io/en/1.8.6/plugins/b101_assert_used.html
   Location: ./tests/test_gap_detector.py:522:8
521	        assert "Missing Features" in content
522	        assert "FeatureX" in content
523	

--------------------------------------------------
>> Issue: [B101:assert_used] Use of assert detected. The enclosed code will be removed when compiling to optimised byte code.
   Severity: Low   Confidence: High
   CWE: CWE-703 (https://cwe.mitre.org/data/definitions/703.html)
   More Info: https://bandit.readthedocs.io/en/1.8.6/plugins/b101_assert_used.html
   Location: ./tests/test_gap_detector.py:533:8
532	        s = reporter._compute_summary()
533	        assert s.missing == 1
534	        assert s.incomplete == 1

--------------------------------------------------
>> Issue: [B101:assert_used] Use of assert detected. The enclosed code will be removed when compiling to optimised byte code.
   Severity: Low   Confidence: High
   CWE: CWE-703 (https://cwe.mitre.org/data/definitions/703.html)
   More Info: https://bandit.readthedocs.io/en/1.8.6/plugins/b101_assert_used.html
   Location: ./tests/test_gap_detector.py:534:8
533	        assert s.missing == 1
534	        assert s.incomplete == 1
535	        assert s.orphaned == 1

--------------------------------------------------
>> Issue: [B101:assert_used] Use of assert detected. The enclosed code will be removed when compiling to optimised byte code.
   Severity: Low   Confidence: High
   CWE: CWE-703 (https://cwe.mitre.org/data/definitions/703.html)
   More Info: https://bandit.readthedocs.io/en/1.8.6/plugins/b101_assert_used.html
   Location: ./tests/test_gap_detector.py:535:8
534	        assert s.incomplete == 1
535	        assert s.orphaned == 1
536	        assert s.total_gaps == 3

--------------------------------------------------
>> Issue: [B101:assert_used] Use of assert detected. The enclosed code will be removed when compiling to optimised byte code.
   Severity: Low   Confidence: High
   CWE: CWE-703 (https://cwe.mitre.org/data/definitions/703.html)
   More Info: https://bandit.readthedocs.io/en/1.8.6/plugins/b101_assert_used.html
   Location: ./tests/test_gap_detector.py:536:8
535	        assert s.orphaned == 1
536	        assert s.total_gaps == 3
537	        assert s.critical == 1

--------------------------------------------------
>> Issue: [B101:assert_used] Use of assert detected. The enclosed code will be removed when compiling to optimised byte code.
   Severity: Low   Confidence: High
   CWE: CWE-703 (https://cwe.mitre.org/data/definitions/703.html)
   More Info: https://bandit.readthedocs.io/en/1.8.6/plugins/b101_assert_used.html
   Location: ./tests/test_gap_detector.py:537:8
536	        assert s.total_gaps == 3
537	        assert s.critical == 1
538	

--------------------------------------------------
>> Issue: [B101:assert_used] Use of assert detected. The enclosed code will be removed when compiling to optimised byte code.
   Severity: Low   Confidence: High
   CWE: CWE-703 (https://cwe.mitre.org/data/definitions/703.html)
   More Info: https://bandit.readthedocs.io/en/1.8.6/plugins/b101_assert_used.html
   Location: ./tests/test_gap_detector.py:545:8
544	        d = reporter._gap_to_dict(gap)
545	        assert d["gap_type"] == "ORPHANED"
546	        assert d["code_item"] == "foo"

--------------------------------------------------
>> Issue: [B101:assert_used] Use of assert detected. The enclosed code will be removed when compiling to optimised byte code.
   Severity: Low   Confidence: High
   CWE: CWE-703 (https://cwe.mitre.org/data/definitions/703.html)
   More Info: https://bandit.readthedocs.io/en/1.8.6/plugins/b101_assert_used.html
   Location: ./tests/test_gap_detector.py:546:8
545	        assert d["gap_type"] == "ORPHANED"
546	        assert d["code_item"] == "foo"
547	        assert d["downstream_missing"] is False

--------------------------------------------------
>> Issue: [B101:assert_used] Use of assert detected. The enclosed code will be removed when compiling to optimised byte code.
   Severity: Low   Confidence: High
   CWE: CWE-703 (https://cwe.mitre.org/data/definitions/703.html)
   More Info: https://bandit.readthedocs.io/en/1.8.6/plugins/b101_assert_used.html
   Location: ./tests/test_gap_detector.py:547:8
546	        assert d["code_item"] == "foo"
547	        assert d["downstream_missing"] is False
548	

--------------------------------------------------
>> Issue: [B101:assert_used] Use of assert detected. The enclosed code will be removed when compiling to optimised byte code.
   Severity: Low   Confidence: High
   CWE: CWE-703 (https://cwe.mitre.org/data/definitions/703.html)
   More Info: https://bandit.readthedocs.io/en/1.8.6/plugins/b101_assert_used.html
   Location: ./tests/test_gap_detector.py:556:8
555	        reporter.generate()
556	        assert out.exists()
557	

--------------------------------------------------
>> Issue: [B101:assert_used] Use of assert detected. The enclosed code will be removed when compiling to optimised byte code.
   Severity: Low   Confidence: High
   CWE: CWE-703 (https://cwe.mitre.org/data/definitions/703.html)
   More Info: https://bandit.readthedocs.io/en/1.8.6/plugins/b101_assert_used.html
   Location: ./tests/test_gap_detector.py:562:8
561	        data = json.loads(Path(paths.json_path).read_text())
562	        assert data["spec_features_count"] == 1  # one feature in _make_parsed_spec

--------------------------------------------------
>> Issue: [B101:assert_used] Use of assert detected. The enclosed code will be removed when compiling to optimised byte code.
   Severity: Low   Confidence: High
   CWE: CWE-703 (https://cwe.mitre.org/data/definitions/703.html)
   More Info: https://bandit.readthedocs.io/en/1.8.6/plugins/b101_assert_used.html
   Location: ./tests/test_harness_bridge.py:30:12
29	            updated = json.loads(manifest_path.read_text())
30	            assert updated["gate_results"]["gate2"]["score"] == 85.0
31	            assert updated["gate_results"]["gate2"]["quality_complete"] is True

--------------------------------------------------
>> Issue: [B101:assert_used] Use of assert detected. The enclosed code will be removed when compiling to optimised byte code.
   Severity: Low   Confidence: High
   CWE: CWE-703 (https://cwe.mitre.org/data/definitions/703.html)
   More Info: https://bandit.readthedocs.io/en/1.8.6/plugins/b101_assert_used.html
   Location: ./tests/test_harness_bridge.py:31:12
30	            assert updated["gate_results"]["gate2"]["score"] == 85.0
31	            assert updated["gate_results"]["gate2"]["quality_complete"] is True
32	

--------------------------------------------------
>> Issue: [B101:assert_used] Use of assert detected. The enclosed code will be removed when compiling to optimised byte code.
   Severity: Low   Confidence: High
   CWE: CWE-703 (https://cwe.mitre.org/data/definitions/703.html)
   More Info: https://bandit.readthedocs.io/en/1.8.6/plugins/b101_assert_used.html
   Location: ./tests/test_harness_bridge.py:59:16
58	                entry = mock_log.write.call_args[0][0]
59	                assert entry.decision == "REVIEWER_REJECT"
60	

--------------------------------------------------
>> Issue: [B101:assert_used] Use of assert detected. The enclosed code will be removed when compiling to optimised byte code.
   Severity: Low   Confidence: High
   CWE: CWE-703 (https://cwe.mitre.org/data/definitions/703.html)
   More Info: https://bandit.readthedocs.io/en/1.8.6/plugins/b101_assert_used.html
   Location: ./tests/test_harness_bridge.py:67:16
66	                out_path = bridge.generate_quality_manifest(fr_ids=["FR-01"], sad_path="SAD.md")
67	                assert out_path.exists()
68	                import json

--------------------------------------------------
>> Issue: [B101:assert_used] Use of assert detected. The enclosed code will be removed when compiling to optimised byte code.
   Severity: Low   Confidence: High
   CWE: CWE-703 (https://cwe.mitre.org/data/definitions/703.html)
   More Info: https://bandit.readthedocs.io/en/1.8.6/plugins/b101_assert_used.html
   Location: ./tests/test_harness_bridge.py:70:16
69	                data = json.loads(out_path.read_text())
70	                assert data["fr_ids"] == ["FR-01"]
71	                assert data["architecture_constraints"] == ["C1"]

--------------------------------------------------
>> Issue: [B101:assert_used] Use of assert detected. The enclosed code will be removed when compiling to optimised byte code.
   Severity: Low   Confidence: High
   CWE: CWE-703 (https://cwe.mitre.org/data/definitions/703.html)
   More Info: https://bandit.readthedocs.io/en/1.8.6/plugins/b101_assert_used.html
   Location: ./tests/test_harness_bridge.py:71:16
70	                assert data["fr_ids"] == ["FR-01"]
71	                assert data["architecture_constraints"] == ["C1"]

--------------------------------------------------
>> Issue: [B101:assert_used] Use of assert detected. The enclosed code will be removed when compiling to optimised byte code.
   Severity: Low   Confidence: High
   CWE: CWE-703 (https://cwe.mitre.org/data/definitions/703.html)
   More Info: https://bandit.readthedocs.io/en/1.8.6/plugins/b101_assert_used.html
   Location: ./tests/test_kill_switch_complete.py:30:8
29	        state = cb.initialize_circuit("a1")
30	        assert state.agent_id == "a1"
31	        assert state.state == CircuitState.CLOSED

--------------------------------------------------
>> Issue: [B101:assert_used] Use of assert detected. The enclosed code will be removed when compiling to optimised byte code.
   Severity: Low   Confidence: High
   CWE: CWE-703 (https://cwe.mitre.org/data/definitions/703.html)
   More Info: https://bandit.readthedocs.io/en/1.8.6/plugins/b101_assert_used.html
   Location: ./tests/test_kill_switch_complete.py:31:8
30	        assert state.agent_id == "a1"
31	        assert state.state == CircuitState.CLOSED
32	

--------------------------------------------------
>> Issue: [B101:assert_used] Use of assert detected. The enclosed code will be removed when compiling to optimised byte code.
   Severity: Low   Confidence: High
   CWE: CWE-703 (https://cwe.mitre.org/data/definitions/703.html)
   More Info: https://bandit.readthedocs.io/en/1.8.6/plugins/b101_assert_used.html
   Location: ./tests/test_kill_switch_complete.py:35:8
34	        cb = self._cb()
35	        assert cb.get_state("unknown") == CircuitState.CLOSED
36	

--------------------------------------------------
>> Issue: [B101:assert_used] Use of assert detected. The enclosed code will be removed when compiling to optimised byte code.
   Severity: Low   Confidence: High
   CWE: CWE-703 (https://cwe.mitre.org/data/definitions/703.html)
   More Info: https://bandit.readthedocs.io/en/1.8.6/plugins/b101_assert_used.html
   Location: ./tests/test_kill_switch_complete.py:39:8
38	        cb = self._cb()
39	        assert cb.get_failure_count("unknown") == 0
40	

--------------------------------------------------
>> Issue: [B101:assert_used] Use of assert detected. The enclosed code will be removed when compiling to optimised byte code.
   Severity: Low   Confidence: High
   CWE: CWE-703 (https://cwe.mitre.org/data/definitions/703.html)
   More Info: https://bandit.readthedocs.io/en/1.8.6/plugins/b101_assert_used.html
   Location: ./tests/test_kill_switch_complete.py:43:8
42	        cb = self._cb()
43	        assert cb.is_open("unknown") is False
44	

--------------------------------------------------
>> Issue: [B101:assert_used] Use of assert detected. The enclosed code will be removed when compiling to optimised byte code.
   Severity: Low   Confidence: High
   CWE: CWE-703 (https://cwe.mitre.org/data/definitions/703.html)
   More Info: https://bandit.readthedocs.io/en/1.8.6/plugins/b101_assert_used.html
   Location: ./tests/test_kill_switch_complete.py:59:8
58	        cb.record_failure("a1")
59	        assert cb.get_failure_count("a1") == 1
60	

--------------------------------------------------
>> Issue: [B101:assert_used] Use of assert detected. The enclosed code will be removed when compiling to optimised byte code.
   Severity: Low   Confidence: High
   CWE: CWE-703 (https://cwe.mitre.org/data/definitions/703.html)
   More Info: https://bandit.readthedocs.io/en/1.8.6/plugins/b101_assert_used.html
   Location: ./tests/test_kill_switch_complete.py:68:8
67	        cb.record_success("a1")
68	        assert cb.get_state("a1") == CircuitState.CLOSED
69	        assert cb.get_failure_count("a1") == 0

--------------------------------------------------
>> Issue: [B101:assert_used] Use of assert detected. The enclosed code will be removed when compiling to optimised byte code.
   Severity: Low   Confidence: High
   CWE: CWE-703 (https://cwe.mitre.org/data/definitions/703.html)
   More Info: https://bandit.readthedocs.io/en/1.8.6/plugins/b101_assert_used.html
   Location: ./tests/test_kill_switch_complete.py:69:8
68	        assert cb.get_state("a1") == CircuitState.CLOSED
69	        assert cb.get_failure_count("a1") == 0
70	

--------------------------------------------------
>> Issue: [B101:assert_used] Use of assert detected. The enclosed code will be removed when compiling to optimised byte code.
   Severity: Low   Confidence: High
   CWE: CWE-703 (https://cwe.mitre.org/data/definitions/703.html)
   More Info: https://bandit.readthedocs.io/en/1.8.6/plugins/b101_assert_used.html
   Location: ./tests/test_kill_switch_complete.py:76:8
75	        cb.record_failure("a1")
76	        assert cb.get_state("a1") == CircuitState.OPEN
77	

--------------------------------------------------
>> Issue: [B101:assert_used] Use of assert detected. The enclosed code will be removed when compiling to optimised byte code.
   Severity: Low   Confidence: High
   CWE: CWE-703 (https://cwe.mitre.org/data/definitions/703.html)
   More Info: https://bandit.readthedocs.io/en/1.8.6/plugins/b101_assert_used.html
   Location: ./tests/test_kill_switch_complete.py:82:8
81	        cb.open_circuit("a1", cooldown_seconds=300)
82	        assert cb.get_state("a1") == CircuitState.OPEN
83	

--------------------------------------------------
>> Issue: [B101:assert_used] Use of assert detected. The enclosed code will be removed when compiling to optimised byte code.
   Severity: Low   Confidence: High
   CWE: CWE-703 (https://cwe.mitre.org/data/definitions/703.html)
   More Info: https://bandit.readthedocs.io/en/1.8.6/plugins/b101_assert_used.html
   Location: ./tests/test_kill_switch_complete.py:87:8
86	        cb.open_circuit("new_agent", cooldown_seconds=60)
87	        assert cb.get_state("new_agent") == CircuitState.OPEN
88	

--------------------------------------------------
>> Issue: [B101:assert_used] Use of assert detected. The enclosed code will be removed when compiling to optimised byte code.
   Severity: Low   Confidence: High
   CWE: CWE-703 (https://cwe.mitre.org/data/definitions/703.html)
   More Info: https://bandit.readthedocs.io/en/1.8.6/plugins/b101_assert_used.html
   Location: ./tests/test_kill_switch_complete.py:93:8
92	        cb.open_circuit("a1", cooldown_seconds=300)
93	        assert cb.is_open("a1") is True
94	

--------------------------------------------------
>> Issue: [B101:assert_used] Use of assert detected. The enclosed code will be removed when compiling to optimised byte code.
   Severity: Low   Confidence: High
   CWE: CWE-703 (https://cwe.mitre.org/data/definitions/703.html)
   More Info: https://bandit.readthedocs.io/en/1.8.6/plugins/b101_assert_used.html
   Location: ./tests/test_kill_switch_complete.py:102:8
101	        result = cb.is_open("a1")
102	        assert result is False  # half-open means allow probe
103	        assert cb.get_state("a1") == CircuitState.HALF_OPEN

--------------------------------------------------
>> Issue: [B101:assert_used] Use of assert detected. The enclosed code will be removed when compiling to optimised byte code.
   Severity: Low   Confidence: High
   CWE: CWE-703 (https://cwe.mitre.org/data/definitions/703.html)
   More Info: https://bandit.readthedocs.io/en/1.8.6/plugins/b101_assert_used.html
   Location: ./tests/test_kill_switch_complete.py:103:8
102	        assert result is False  # half-open means allow probe
103	        assert cb.get_state("a1") == CircuitState.HALF_OPEN
104	

--------------------------------------------------
>> Issue: [B101:assert_used] Use of assert detected. The enclosed code will be removed when compiling to optimised byte code.
   Severity: Low   Confidence: High
   CWE: CWE-703 (https://cwe.mitre.org/data/definitions/703.html)
   More Info: https://bandit.readthedocs.io/en/1.8.6/plugins/b101_assert_used.html
   Location: ./tests/test_kill_switch_complete.py:115:8
114	        config = MonitorConfig("a1", error_rate_threshold=0.10)
115	        assert cb.should_trigger("a1", metrics, config) is True
116	

--------------------------------------------------
>> Issue: [B101:assert_used] Use of assert detected. The enclosed code will be removed when compiling to optimised byte code.
   Severity: Low   Confidence: High
   CWE: CWE-703 (https://cwe.mitre.org/data/definitions/703.html)
   More Info: https://bandit.readthedocs.io/en/1.8.6/plugins/b101_assert_used.html
   Location: ./tests/test_kill_switch_complete.py:127:8
126	        config = MonitorConfig("a1")
127	        assert cb.should_trigger("a1", metrics, config) is False
128	

--------------------------------------------------
>> Issue: [B101:assert_used] Use of assert detected. The enclosed code will be removed when compiling to optimised byte code.
   Severity: Low   Confidence: High
   CWE: CWE-703 (https://cwe.mitre.org/data/definitions/703.html)
   More Info: https://bandit.readthedocs.io/en/1.8.6/plugins/b101_assert_used.html
   Location: ./tests/test_kill_switch_complete.py:139:8
138	        config = MonitorConfig("a1", latency_p99_threshold_ms=5000.0)
139	        assert cb.should_trigger("a1", metrics, config) is True
140	

--------------------------------------------------
>> Issue: [B101:assert_used] Use of assert detected. The enclosed code will be removed when compiling to optimised byte code.
   Severity: Low   Confidence: High
   CWE: CWE-703 (https://cwe.mitre.org/data/definitions/703.html)
   More Info: https://bandit.readthedocs.io/en/1.8.6/plugins/b101_assert_used.html
   Location: ./tests/test_kill_switch_complete.py:151:8
150	        config = MonitorConfig("a1", memory_usage_threshold=90.0)
151	        assert cb.should_trigger("a1", metrics, config) is True
152	

--------------------------------------------------
>> Issue: [B101:assert_used] Use of assert detected. The enclosed code will be removed when compiling to optimised byte code.
   Severity: Low   Confidence: High
   CWE: CWE-703 (https://cwe.mitre.org/data/definitions/703.html)
   More Info: https://bandit.readthedocs.io/en/1.8.6/plugins/b101_assert_used.html
   Location: ./tests/test_kill_switch_complete.py:168:8
167	        loaded = sm.load_state("a1")
168	        assert loaded is not None
169	        assert loaded.agent_id == "a1"

--------------------------------------------------
>> Issue: [B101:assert_used] Use of assert detected. The enclosed code will be removed when compiling to optimised byte code.
   Severity: Low   Confidence: High
   CWE: CWE-703 (https://cwe.mitre.org/data/definitions/703.html)
   More Info: https://bandit.readthedocs.io/en/1.8.6/plugins/b101_assert_used.html
   Location: ./tests/test_kill_switch_complete.py:169:8
168	        assert loaded is not None
169	        assert loaded.agent_id == "a1"
170	        assert loaded.state == CircuitState.OPEN

--------------------------------------------------
>> Issue: [B101:assert_used] Use of assert detected. The enclosed code will be removed when compiling to optimised byte code.
   Severity: Low   Confidence: High
   CWE: CWE-703 (https://cwe.mitre.org/data/definitions/703.html)
   More Info: https://bandit.readthedocs.io/en/1.8.6/plugins/b101_assert_used.html
   Location: ./tests/test_kill_switch_complete.py:170:8
169	        assert loaded.agent_id == "a1"
170	        assert loaded.state == CircuitState.OPEN
171	        assert loaded.failure_count == 3

--------------------------------------------------
>> Issue: [B101:assert_used] Use of assert detected. The enclosed code will be removed when compiling to optimised byte code.
   Severity: Low   Confidence: High
   CWE: CWE-703 (https://cwe.mitre.org/data/definitions/703.html)
   More Info: https://bandit.readthedocs.io/en/1.8.6/plugins/b101_assert_used.html
   Location: ./tests/test_kill_switch_complete.py:171:8
170	        assert loaded.state == CircuitState.OPEN
171	        assert loaded.failure_count == 3
172	

--------------------------------------------------
>> Issue: [B101:assert_used] Use of assert detected. The enclosed code will be removed when compiling to optimised byte code.
   Severity: Low   Confidence: High
   CWE: CWE-703 (https://cwe.mitre.org/data/definitions/703.html)
   More Info: https://bandit.readthedocs.io/en/1.8.6/plugins/b101_assert_used.html
   Location: ./tests/test_kill_switch_complete.py:175:8
174	        sm = self._sm(tmp_path)
175	        assert sm.load_state("ghost") is None
176	

--------------------------------------------------
>> Issue: [B101:assert_used] Use of assert detected. The enclosed code will be removed when compiling to optimised byte code.
   Severity: Low   Confidence: High
   CWE: CWE-703 (https://cwe.mitre.org/data/definitions/703.html)
   More Info: https://bandit.readthedocs.io/en/1.8.6/plugins/b101_assert_used.html
   Location: ./tests/test_kill_switch_complete.py:181:8
180	        sm.save_state("a1", state)
181	        assert sm.is_agent_killed("a1") is True
182	

--------------------------------------------------
>> Issue: [B101:assert_used] Use of assert detected. The enclosed code will be removed when compiling to optimised byte code.
   Severity: Low   Confidence: High
   CWE: CWE-703 (https://cwe.mitre.org/data/definitions/703.html)
   More Info: https://bandit.readthedocs.io/en/1.8.6/plugins/b101_assert_used.html
   Location: ./tests/test_kill_switch_complete.py:187:8
186	        sm.save_state("a1", state)
187	        assert sm.is_agent_killed("a1") is False
188	

--------------------------------------------------
>> Issue: [B101:assert_used] Use of assert detected. The enclosed code will be removed when compiling to optimised byte code.
   Severity: Low   Confidence: High
   CWE: CWE-703 (https://cwe.mitre.org/data/definitions/703.html)
   More Info: https://bandit.readthedocs.io/en/1.8.6/plugins/b101_assert_used.html
   Location: ./tests/test_kill_switch_complete.py:191:8
190	        sm = self._sm(tmp_path)
191	        assert sm.is_agent_killed("unknown") is False
192	

--------------------------------------------------
>> Issue: [B101:assert_used] Use of assert detected. The enclosed code will be removed when compiling to optimised byte code.
   Severity: Low   Confidence: High
   CWE: CWE-703 (https://cwe.mitre.org/data/definitions/703.html)
   More Info: https://bandit.readthedocs.io/en/1.8.6/plugins/b101_assert_used.html
   Location: ./tests/test_kill_switch_complete.py:198:8
197	        sm.clear_state("a1")
198	        assert sm.load_state("a1") is None
199	

--------------------------------------------------
>> Issue: [B101:assert_used] Use of assert detected. The enclosed code will be removed when compiling to optimised byte code.
   Severity: Low   Confidence: High
   CWE: CWE-703 (https://cwe.mitre.org/data/definitions/703.html)
   More Info: https://bandit.readthedocs.io/en/1.8.6/plugins/b101_assert_used.html
   Location: ./tests/test_kill_switch_complete.py:210:8
209	        loaded = sm.load_state("a2")
210	        assert loaded is not None
211	

--------------------------------------------------
>> Issue: [B101:assert_used] Use of assert detected. The enclosed code will be removed when compiling to optimised byte code.
   Severity: Low   Confidence: High
   CWE: CWE-703 (https://cwe.mitre.org/data/definitions/703.html)
   More Info: https://bandit.readthedocs.io/en/1.8.6/plugins/b101_assert_used.html
   Location: ./tests/test_kill_switch_complete.py:239:8
238	        restored = sm._dict_to_state(d)
239	        assert restored.agent_id == "x"
240	        assert restored.state == CircuitState.OPEN

--------------------------------------------------
>> Issue: [B101:assert_used] Use of assert detected. The enclosed code will be removed when compiling to optimised byte code.
   Severity: Low   Confidence: High
   CWE: CWE-703 (https://cwe.mitre.org/data/definitions/703.html)
   More Info: https://bandit.readthedocs.io/en/1.8.6/plugins/b101_assert_used.html
   Location: ./tests/test_kill_switch_complete.py:240:8
239	        assert restored.agent_id == "x"
240	        assert restored.state == CircuitState.OPEN
241	        assert restored.failure_count == 2

--------------------------------------------------
>> Issue: [B101:assert_used] Use of assert detected. The enclosed code will be removed when compiling to optimised byte code.
   Severity: Low   Confidence: High
   CWE: CWE-703 (https://cwe.mitre.org/data/definitions/703.html)
   More Info: https://bandit.readthedocs.io/en/1.8.6/plugins/b101_assert_used.html
   Location: ./tests/test_kill_switch_complete.py:241:8
240	        assert restored.state == CircuitState.OPEN
241	        assert restored.failure_count == 2
242	

--------------------------------------------------
>> Issue: [B101:assert_used] Use of assert detected. The enclosed code will be removed when compiling to optimised byte code.
   Severity: Low   Confidence: High
   CWE: CWE-703 (https://cwe.mitre.org/data/definitions/703.html)
   More Info: https://bandit.readthedocs.io/en/1.8.6/plugins/b101_assert_used.html
   Location: ./tests/test_kill_switch_complete.py:257:8
256	        hm.start_monitoring("a1", config)
257	        assert hm.is_monitoring("a1") is True
258	

--------------------------------------------------
>> Issue: [B101:assert_used] Use of assert detected. The enclosed code will be removed when compiling to optimised byte code.
   Severity: Low   Confidence: High
   CWE: CWE-703 (https://cwe.mitre.org/data/definitions/703.html)
   More Info: https://bandit.readthedocs.io/en/1.8.6/plugins/b101_assert_used.html
   Location: ./tests/test_kill_switch_complete.py:264:8
263	        hm.stop_monitoring("a1")
264	        assert hm.is_monitoring("a1") is False
265	

--------------------------------------------------
>> Issue: [B101:assert_used] Use of assert detected. The enclosed code will be removed when compiling to optimised byte code.
   Severity: Low   Confidence: High
   CWE: CWE-703 (https://cwe.mitre.org/data/definitions/703.html)
   More Info: https://bandit.readthedocs.io/en/1.8.6/plugins/b101_assert_used.html
   Location: ./tests/test_kill_switch_complete.py:276:8
275	        metrics = hm.get_metrics("a1")
276	        assert metrics.agent_id == "a1"
277	        assert 0.0 <= metrics.error_rate <= 1.0

--------------------------------------------------
>> Issue: [B101:assert_used] Use of assert detected. The enclosed code will be removed when compiling to optimised byte code.
   Severity: Low   Confidence: High
   CWE: CWE-703 (https://cwe.mitre.org/data/definitions/703.html)
   More Info: https://bandit.readthedocs.io/en/1.8.6/plugins/b101_assert_used.html
   Location: ./tests/test_kill_switch_complete.py:277:8
276	        assert metrics.agent_id == "a1"
277	        assert 0.0 <= metrics.error_rate <= 1.0
278	        assert metrics.latency_p99_ms >= 0.0

--------------------------------------------------
>> Issue: [B101:assert_used] Use of assert detected. The enclosed code will be removed when compiling to optimised byte code.
   Severity: Low   Confidence: High
   CWE: CWE-703 (https://cwe.mitre.org/data/definitions/703.html)
   More Info: https://bandit.readthedocs.io/en/1.8.6/plugins/b101_assert_used.html
   Location: ./tests/test_kill_switch_complete.py:278:8
277	        assert 0.0 <= metrics.error_rate <= 1.0
278	        assert metrics.latency_p99_ms >= 0.0
279	

--------------------------------------------------
>> Issue: [B101:assert_used] Use of assert detected. The enclosed code will be removed when compiling to optimised byte code.
   Severity: Low   Confidence: High
   CWE: CWE-703 (https://cwe.mitre.org/data/definitions/703.html)
   More Info: https://bandit.readthedocs.io/en/1.8.6/plugins/b101_assert_used.html
   Location: ./tests/test_kill_switch_complete.py:295:8
294	        hm.record_metrics("a1", m)
295	        assert len(hm._metrics_buffer["a1"]) == 1
296	

--------------------------------------------------
>> Issue: [B101:assert_used] Use of assert detected. The enclosed code will be removed when compiling to optimised byte code.
   Severity: Low   Confidence: High
   CWE: CWE-703 (https://cwe.mitre.org/data/definitions/703.html)
   More Info: https://bandit.readthedocs.io/en/1.8.6/plugins/b101_assert_used.html
   Location: ./tests/test_kill_switch_complete.py:307:8
306	            hm.record_metrics("a1", m)
307	        assert len(hm._metrics_buffer["a1"]) == 100
308	

--------------------------------------------------
>> Issue: [B101:assert_used] Use of assert detected. The enclosed code will be removed when compiling to optimised byte code.
   Severity: Low   Confidence: High
   CWE: CWE-703 (https://cwe.mitre.org/data/definitions/703.html)
   More Info: https://bandit.readthedocs.io/en/1.8.6/plugins/b101_assert_used.html
   Location: ./tests/test_kill_switch_complete.py:311:8
310	        hm = self._hm()
311	        assert hm.is_monitoring("unknown") is False
312	

--------------------------------------------------
>> Issue: [B101:assert_used] Use of assert detected. The enclosed code will be removed when compiling to optimised byte code.
   Severity: Low   Confidence: High
   CWE: CWE-703 (https://cwe.mitre.org/data/definitions/703.html)
   More Info: https://bandit.readthedocs.io/en/1.8.6/plugins/b101_assert_used.html
   Location: ./tests/test_kill_switch_complete.py:326:8
325	        event = engine.trigger_interrupt("a1", "test reason", "operator1")
326	        assert event.agent_id == "a1"
327	        assert event.reason == "test reason"

--------------------------------------------------
>> Issue: [B101:assert_used] Use of assert detected. The enclosed code will be removed when compiling to optimised byte code.
   Severity: Low   Confidence: High
   CWE: CWE-703 (https://cwe.mitre.org/data/definitions/703.html)
   More Info: https://bandit.readthedocs.io/en/1.8.6/plugins/b101_assert_used.html
   Location: ./tests/test_kill_switch_complete.py:327:8
326	        assert event.agent_id == "a1"
327	        assert event.reason == "test reason"
328	        assert event.triggered_by == "operator1"

--------------------------------------------------
>> Issue: [B101:assert_used] Use of assert detected. The enclosed code will be removed when compiling to optimised byte code.
   Severity: Low   Confidence: High
   CWE: CWE-703 (https://cwe.mitre.org/data/definitions/703.html)
   More Info: https://bandit.readthedocs.io/en/1.8.6/plugins/b101_assert_used.html
   Location: ./tests/test_kill_switch_complete.py:328:8
327	        assert event.reason == "test reason"
328	        assert event.triggered_by == "operator1"
329	

--------------------------------------------------
>> Issue: [B101:assert_used] Use of assert detected. The enclosed code will be removed when compiling to optimised byte code.
   Severity: Low   Confidence: High
   CWE: CWE-703 (https://cwe.mitre.org/data/definitions/703.html)
   More Info: https://bandit.readthedocs.io/en/1.8.6/plugins/b101_assert_used.html
   Location: ./tests/test_kill_switch_complete.py:334:8
333	        history = engine.get_interrupt_history()
334	        assert len(history) == 1
335	

--------------------------------------------------
>> Issue: [B101:assert_used] Use of assert detected. The enclosed code will be removed when compiling to optimised byte code.
   Severity: Low   Confidence: High
   CWE: CWE-703 (https://cwe.mitre.org/data/definitions/703.html)
   More Info: https://bandit.readthedocs.io/en/1.8.6/plugins/b101_assert_used.html
   Location: ./tests/test_kill_switch_complete.py:339:8
338	        event = engine.trigger_interrupt("a1", "r", "op", reason_type=KillReason.ERROR_RATE_EXCEEDED)
339	        assert event.reason_type == KillReason.ERROR_RATE_EXCEEDED
340	

--------------------------------------------------
>> Issue: [B101:assert_used] Use of assert detected. The enclosed code will be removed when compiling to optimised byte code.
   Severity: Low   Confidence: High
   CWE: CWE-703 (https://cwe.mitre.org/data/definitions/703.html)
   More Info: https://bandit.readthedocs.io/en/1.8.6/plugins/b101_assert_used.html
   Location: ./tests/test_kill_switch_complete.py:360:8
359	        history_a1 = engine.get_interrupt_history(agent_id="a1")
360	        assert all(e.agent_id == "a1" for e in history_a1)
361	

--------------------------------------------------
>> Issue: [B101:assert_used] Use of assert detected. The enclosed code will be removed when compiling to optimised byte code.
   Severity: Low   Confidence: High
   CWE: CWE-703 (https://cwe.mitre.org/data/definitions/703.html)
   More Info: https://bandit.readthedocs.io/en/1.8.6/plugins/b101_assert_used.html
   Location: ./tests/test_kill_switch_complete.py:367:8
366	        history = engine.get_interrupt_history(limit=3)
367	        assert len(history) == 3
368	

--------------------------------------------------
>> Issue: [B101:assert_used] Use of assert detected. The enclosed code will be removed when compiling to optimised byte code.
   Severity: Low   Confidence: High
   CWE: CWE-703 (https://cwe.mitre.org/data/definitions/703.html)
   More Info: https://bandit.readthedocs.io/en/1.8.6/plugins/b101_assert_used.html
   Location: ./tests/test_kill_switch_complete.py:373:8
372	        # After completion lock is released
373	        assert engine.is_interrupt_in_progress("a1") is False
374	

--------------------------------------------------
>> Issue: [B101:assert_used] Use of assert detected. The enclosed code will be removed when compiling to optimised byte code.
   Severity: Low   Confidence: High
   CWE: CWE-703 (https://cwe.mitre.org/data/definitions/703.html)
   More Info: https://bandit.readthedocs.io/en/1.8.6/plugins/b101_assert_used.html
   Location: ./tests/test_kill_switch_complete.py:380:8
379	        engine.trigger_interrupt("a1", "r", "op")
380	        assert audit.log_event.call_count >= 1
381	

--------------------------------------------------
>> Issue: [B101:assert_used] Use of assert detected. The enclosed code will be removed when compiling to optimised byte code.
   Severity: Low   Confidence: High
   CWE: CWE-703 (https://cwe.mitre.org/data/definitions/703.html)
   More Info: https://bandit.readthedocs.io/en/1.8.6/plugins/b101_assert_used.html
   Location: ./tests/test_kill_switch_complete.py:387:8
386	        engine.trigger_interrupt("a1", "r", "op")
387	        assert sm.is_agent_killed("a1") is True
388	

--------------------------------------------------
>> Issue: [B101:assert_used] Use of assert detected. The enclosed code will be removed when compiling to optimised byte code.
   Severity: Low   Confidence: High
   CWE: CWE-703 (https://cwe.mitre.org/data/definitions/703.html)
   More Info: https://bandit.readthedocs.io/en/1.8.6/plugins/b101_assert_used.html
   Location: ./tests/test_kill_switch_complete.py:392:8
391	        event = engine.trigger_interrupt("a1", "r", "op")
392	        assert event.interrupt_latency_ms is not None
393	        assert event.interrupt_latency_ms >= 0

--------------------------------------------------
>> Issue: [B101:assert_used] Use of assert detected. The enclosed code will be removed when compiling to optimised byte code.
   Severity: Low   Confidence: High
   CWE: CWE-703 (https://cwe.mitre.org/data/definitions/703.html)
   More Info: https://bandit.readthedocs.io/en/1.8.6/plugins/b101_assert_used.html
   Location: ./tests/test_kill_switch_complete.py:393:8
392	        assert event.interrupt_latency_ms is not None
393	        assert event.interrupt_latency_ms >= 0
394	

--------------------------------------------------
>> Issue: [B101:assert_used] Use of assert detected. The enclosed code will be removed when compiling to optimised byte code.
   Severity: Low   Confidence: High
   CWE: CWE-703 (https://cwe.mitre.org/data/definitions/703.html)
   More Info: https://bandit.readthedocs.io/en/1.8.6/plugins/b101_assert_used.html
   Location: ./tests/test_kill_switch_complete.py:413:8
412	        health = ks.get_agent_health("a1")
413	        assert health is not None
414	

--------------------------------------------------
>> Issue: [B101:assert_used] Use of assert detected. The enclosed code will be removed when compiling to optimised byte code.
   Severity: Low   Confidence: High
   CWE: CWE-703 (https://cwe.mitre.org/data/definitions/703.html)
   More Info: https://bandit.readthedocs.io/en/1.8.6/plugins/b101_assert_used.html
   Location: ./tests/test_kill_switch_complete.py:426:8
425	        ks = self._ks(tmp_path)
426	        assert ks.is_agent_circuit_open("unknown") is False
427	

--------------------------------------------------
>> Issue: [B101:assert_used] Use of assert detected. The enclosed code will be removed when compiling to optimised byte code.
   Severity: Low   Confidence: High
   CWE: CWE-703 (https://cwe.mitre.org/data/definitions/703.html)
   More Info: https://bandit.readthedocs.io/en/1.8.6/plugins/b101_assert_used.html
   Location: ./tests/test_kill_switch_complete.py:430:8
429	        ks = self._ks(tmp_path)
430	        assert ks.get_agent_state("unknown") == CircuitState.CLOSED
431	

--------------------------------------------------
>> Issue: [B101:assert_used] Use of assert detected. The enclosed code will be removed when compiling to optimised byte code.
   Severity: Low   Confidence: High
   CWE: CWE-703 (https://cwe.mitre.org/data/definitions/703.html)
   More Info: https://bandit.readthedocs.io/en/1.8.6/plugins/b101_assert_used.html
   Location: ./tests/test_kill_switch_complete.py:435:8
434	        event = ks.manual_trigger("a1", "manual test", "operator")
435	        assert event.agent_id == "a1"
436	

--------------------------------------------------
>> Issue: [B101:assert_used] Use of assert detected. The enclosed code will be removed when compiling to optimised byte code.
   Severity: Low   Confidence: High
   CWE: CWE-703 (https://cwe.mitre.org/data/definitions/703.html)
   More Info: https://bandit.readthedocs.io/en/1.8.6/plugins/b101_assert_used.html
   Location: ./tests/test_kill_switch_complete.py:440:8
439	        result = ks.re_enable("a1", "admin", "ack")
440	        assert result is True
441	

--------------------------------------------------
>> Issue: [B101:assert_used] Use of assert detected. The enclosed code will be removed when compiling to optimised byte code.
   Severity: Low   Confidence: High
   CWE: CWE-703 (https://cwe.mitre.org/data/definitions/703.html)
   More Info: https://bandit.readthedocs.io/en/1.8.6/plugins/b101_assert_used.html
   Location: ./tests/test_kill_switch_complete.py:446:8
445	        result = ks.re_enable("a1", "admin", "ack")
446	        assert result is True
447	

--------------------------------------------------
>> Issue: [B101:assert_used] Use of assert detected. The enclosed code will be removed when compiling to optimised byte code.
   Severity: Low   Confidence: High
   CWE: CWE-703 (https://cwe.mitre.org/data/definitions/703.html)
   More Info: https://bandit.readthedocs.io/en/1.8.6/plugins/b101_assert_used.html
   Location: ./tests/test_kill_switch_complete.py:451:8
450	        history = ks.get_interrupt_history()
451	        assert isinstance(history, list)
452	

--------------------------------------------------
>> Issue: [B101:assert_used] Use of assert detected. The enclosed code will be removed when compiling to optimised byte code.
   Severity: Low   Confidence: High
   CWE: CWE-703 (https://cwe.mitre.org/data/definitions/703.html)
   More Info: https://bandit.readthedocs.io/en/1.8.6/plugins/b101_assert_used.html
   Location: ./tests/test_kill_switch_complete.py:457:8
456	        history = ks.get_interrupt_history("a1")
457	        assert len(history) == 1
458	

--------------------------------------------------
>> Issue: [B101:assert_used] Use of assert detected. The enclosed code will be removed when compiling to optimised byte code.
   Severity: Low   Confidence: High
   CWE: CWE-703 (https://cwe.mitre.org/data/definitions/703.html)
   More Info: https://bandit.readthedocs.io/en/1.8.6/plugins/b101_assert_used.html
   Location: ./tests/test_kill_switch_complete.py:463:8
462	        result = ks.check("a1", MonitorConfig("a1"))
463	        assert isinstance(result, bool)
464	

--------------------------------------------------
>> Issue: [B101:assert_used] Use of assert detected. The enclosed code will be removed when compiling to optimised byte code.
   Severity: Low   Confidence: High
   CWE: CWE-703 (https://cwe.mitre.org/data/definitions/703.html)
   More Info: https://bandit.readthedocs.io/en/1.8.6/plugins/b101_assert_used.html
   Location: ./tests/test_kill_switch_complete.py:479:8
478	                result = ks.evaluate_and_trigger("a1", MonitorConfig("a1"))
479	        assert result is False
480	

--------------------------------------------------
>> Issue: [B101:assert_used] Use of assert detected. The enclosed code will be removed when compiling to optimised byte code.
   Severity: Low   Confidence: High
   CWE: CWE-703 (https://cwe.mitre.org/data/definitions/703.html)
   More Info: https://bandit.readthedocs.io/en/1.8.6/plugins/b101_assert_used.html
   Location: ./tests/test_kill_switch_complete.py:485:8
484	        result = ks.evaluate_and_trigger("unmonitored", MonitorConfig("unmonitored"))
485	        assert result is False
486	

--------------------------------------------------
>> Issue: [B101:assert_used] Use of assert detected. The enclosed code will be removed when compiling to optimised byte code.
   Severity: Low   Confidence: High
   CWE: CWE-703 (https://cwe.mitre.org/data/definitions/703.html)
   More Info: https://bandit.readthedocs.io/en/1.8.6/plugins/b101_assert_used.html
   Location: ./tests/test_kill_switch_complete.py:490:8
489	        ks.start_monitoring("a1")
490	        assert ks.health_monitor.is_monitoring("a1") is True
491	

--------------------------------------------------
>> Issue: [B101:assert_used] Use of assert detected. The enclosed code will be removed when compiling to optimised byte code.
   Severity: Low   Confidence: High
   CWE: CWE-703 (https://cwe.mitre.org/data/definitions/703.html)
   More Info: https://bandit.readthedocs.io/en/1.8.6/plugins/b101_assert_used.html
   Location: ./tests/test_kill_switch_complete.py:502:8
501	        fid = tracker.add_finding("quality", "high", "foo.py", 1, "msg", "evidence")
502	        assert fid is not None
503	        assert len(tracker.open_issues()) == 1

--------------------------------------------------
>> Issue: [B101:assert_used] Use of assert detected. The enclosed code will be removed when compiling to optimised byte code.
   Severity: Low   Confidence: High
   CWE: CWE-703 (https://cwe.mitre.org/data/definitions/703.html)
   More Info: https://bandit.readthedocs.io/en/1.8.6/plugins/b101_assert_used.html
   Location: ./tests/test_kill_switch_complete.py:503:8
502	        assert fid is not None
503	        assert len(tracker.open_issues()) == 1
504	

--------------------------------------------------
>> Issue: [B101:assert_used] Use of assert detected. The enclosed code will be removed when compiling to optimised byte code.
   Severity: Low   Confidence: High
   CWE: CWE-703 (https://cwe.mitre.org/data/definitions/703.html)
   More Info: https://bandit.readthedocs.io/en/1.8.6/plugins/b101_assert_used.html
   Location: ./tests/test_kill_switch_complete.py:510:8
509	        issues = tracker.get_findings_by_fr("FR-01")
510	        assert len(issues) == 1
511	        assert issues[0]["id"] == fid

--------------------------------------------------
>> Issue: [B101:assert_used] Use of assert detected. The enclosed code will be removed when compiling to optimised byte code.
   Severity: Low   Confidence: High
   CWE: CWE-703 (https://cwe.mitre.org/data/definitions/703.html)
   More Info: https://bandit.readthedocs.io/en/1.8.6/plugins/b101_assert_used.html
   Location: ./tests/test_kill_switch_complete.py:511:8
510	        assert len(issues) == 1
511	        assert issues[0]["id"] == fid
512	

--------------------------------------------------
>> Issue: [B101:assert_used] Use of assert detected. The enclosed code will be removed when compiling to optimised byte code.
   Severity: Low   Confidence: High
   CWE: CWE-703 (https://cwe.mitre.org/data/definitions/703.html)
   More Info: https://bandit.readthedocs.io/en/1.8.6/plugins/b101_assert_used.html
   Location: ./tests/test_kill_switch_complete.py:516:8
515	        tracker = IssueTrackerExt()
516	        assert tracker.get_findings_by_fr("FR-99") == []
517	

--------------------------------------------------
>> Issue: [B101:assert_used] Use of assert detected. The enclosed code will be removed when compiling to optimised byte code.
   Severity: Low   Confidence: High
   CWE: CWE-703 (https://cwe.mitre.org/data/definitions/703.html)
   More Info: https://bandit.readthedocs.io/en/1.8.6/plugins/b101_assert_used.html
   Location: ./tests/test_kill_switch_complete.py:531:8
530	        summary = tracker.fr_coverage_summary()
531	        assert summary["FR-01"] == 2
532	        assert summary["FR-02"] == 1

--------------------------------------------------
>> Issue: [B101:assert_used] Use of assert detected. The enclosed code will be removed when compiling to optimised byte code.
   Severity: Low   Confidence: High
   CWE: CWE-703 (https://cwe.mitre.org/data/definitions/703.html)
   More Info: https://bandit.readthedocs.io/en/1.8.6/plugins/b101_assert_used.html
   Location: ./tests/test_kill_switch_complete.py:532:8
531	        assert summary["FR-01"] == 2
532	        assert summary["FR-02"] == 1
533	        assert "FR-03" not in summary  # no findings → not included

--------------------------------------------------
>> Issue: [B101:assert_used] Use of assert detected. The enclosed code will be removed when compiling to optimised byte code.
   Severity: Low   Confidence: High
   CWE: CWE-703 (https://cwe.mitre.org/data/definitions/703.html)
   More Info: https://bandit.readthedocs.io/en/1.8.6/plugins/b101_assert_used.html
   Location: ./tests/test_kill_switch_complete.py:533:8
532	        assert summary["FR-02"] == 1
533	        assert "FR-03" not in summary  # no findings → not included
534	

--------------------------------------------------
>> Issue: [B101:assert_used] Use of assert detected. The enclosed code will be removed when compiling to optimised byte code.
   Severity: Low   Confidence: High
   CWE: CWE-703 (https://cwe.mitre.org/data/definitions/703.html)
   More Info: https://bandit.readthedocs.io/en/1.8.6/plugins/b101_assert_used.html
   Location: ./tests/test_kill_switch_complete.py:543:8
542	                issue["fr_ids"].append("FR-02")
543	        assert len(tracker.get_findings_by_fr("FR-01")) == 1
544	        assert len(tracker.get_findings_by_fr("FR-02")) == 1

--------------------------------------------------
>> Issue: [B101:assert_used] Use of assert detected. The enclosed code will be removed when compiling to optimised byte code.
   Severity: Low   Confidence: High
   CWE: CWE-703 (https://cwe.mitre.org/data/definitions/703.html)
   More Info: https://bandit.readthedocs.io/en/1.8.6/plugins/b101_assert_used.html
   Location: ./tests/test_kill_switch_complete.py:544:8
543	        assert len(tracker.get_findings_by_fr("FR-01")) == 1
544	        assert len(tracker.get_findings_by_fr("FR-02")) == 1
545	

--------------------------------------------------
>> Issue: [B101:assert_used] Use of assert detected. The enclosed code will be removed when compiling to optimised byte code.
   Severity: Low   Confidence: High
   CWE: CWE-703 (https://cwe.mitre.org/data/definitions/703.html)
   More Info: https://bandit.readthedocs.io/en/1.8.6/plugins/b101_assert_used.html
   Location: ./tests/test_kill_switch_complete.py:558:12
557	            mock_run.return_value = MagicMock(returncode=1)
558	            assert bridge.is_available() is False
559	

--------------------------------------------------
>> Issue: [B101:assert_used] Use of assert detected. The enclosed code will be removed when compiling to optimised byte code.
   Severity: Low   Confidence: High
   CWE: CWE-703 (https://cwe.mitre.org/data/definitions/703.html)
   More Info: https://bandit.readthedocs.io/en/1.8.6/plugins/b101_assert_used.html
   Location: ./tests/test_kill_switch_complete.py:566:12
565	            mock_run.return_value = MagicMock(returncode=0)
566	            assert bridge.is_available() is True
567	

--------------------------------------------------
>> Issue: [B101:assert_used] Use of assert detected. The enclosed code will be removed when compiling to optimised byte code.
   Severity: Low   Confidence: High
   CWE: CWE-703 (https://cwe.mitre.org/data/definitions/703.html)
   More Info: https://bandit.readthedocs.io/en/1.8.6/plugins/b101_assert_used.html
   Location: ./tests/test_kill_switch_complete.py:572:8
571	        bridge._available = False
572	        assert bridge.run_reconnaissance("/tmp") == {}
573	

--------------------------------------------------
>> Issue: [B108:hardcoded_tmp_directory] Probable insecure usage of temp file/directory.
   Severity: Medium   Confidence: Medium
   CWE: CWE-377 (https://cwe.mitre.org/data/definitions/377.html)
   More Info: https://bandit.readthedocs.io/en/1.8.6/plugins/b108_hardcoded_tmp_directory.html
   Location: ./tests/test_kill_switch_complete.py:572:41
571	        bridge._available = False
572	        assert bridge.run_reconnaissance("/tmp") == {}
573	

--------------------------------------------------
>> Issue: [B101:assert_used] Use of assert detected. The enclosed code will be removed when compiling to optimised byte code.
   Severity: Low   Confidence: High
   CWE: CWE-703 (https://cwe.mitre.org/data/definitions/703.html)
   More Info: https://bandit.readthedocs.io/en/1.8.6/plugins/b101_assert_used.html
   Location: ./tests/test_kill_switch_complete.py:578:8
577	        bridge._available = False
578	        assert bridge.get_minimal_context("/tmp", "quality") == {}
579	

--------------------------------------------------
>> Issue: [B108:hardcoded_tmp_directory] Probable insecure usage of temp file/directory.
   Severity: Medium   Confidence: Medium
   CWE: CWE-377 (https://cwe.mitre.org/data/definitions/377.html)
   More Info: https://bandit.readthedocs.io/en/1.8.6/plugins/b108_hardcoded_tmp_directory.html
   Location: ./tests/test_kill_switch_complete.py:578:42
577	        bridge._available = False
578	        assert bridge.get_minimal_context("/tmp", "quality") == {}
579	

--------------------------------------------------
>> Issue: [B101:assert_used] Use of assert detected. The enclosed code will be removed when compiling to optimised byte code.
   Severity: Low   Confidence: High
   CWE: CWE-703 (https://cwe.mitre.org/data/definitions/703.html)
   More Info: https://bandit.readthedocs.io/en/1.8.6/plugins/b101_assert_used.html
   Location: ./tests/test_kill_switch_complete.py:584:8
583	        bridge._available = False
584	        assert bridge.check_impact("/tmp") is False
585	

--------------------------------------------------
>> Issue: [B108:hardcoded_tmp_directory] Probable insecure usage of temp file/directory.
   Severity: Medium   Confidence: Medium
   CWE: CWE-377 (https://cwe.mitre.org/data/definitions/377.html)
   More Info: https://bandit.readthedocs.io/en/1.8.6/plugins/b108_hardcoded_tmp_directory.html
   Location: ./tests/test_kill_switch_complete.py:584:35
583	        bridge._available = False
584	        assert bridge.check_impact("/tmp") is False
585	

--------------------------------------------------
>> Issue: [B101:assert_used] Use of assert detected. The enclosed code will be removed when compiling to optimised byte code.
   Severity: Low   Confidence: High
   CWE: CWE-703 (https://cwe.mitre.org/data/definitions/703.html)
   More Info: https://bandit.readthedocs.io/en/1.8.6/plugins/b101_assert_used.html
   Location: ./tests/test_kill_switch_complete.py:590:8
589	        bridge._available = False
590	        assert bridge.check_drift("/tmp") is False
591	

--------------------------------------------------
>> Issue: [B108:hardcoded_tmp_directory] Probable insecure usage of temp file/directory.
   Severity: Medium   Confidence: Medium
   CWE: CWE-377 (https://cwe.mitre.org/data/definitions/377.html)
   More Info: https://bandit.readthedocs.io/en/1.8.6/plugins/b108_hardcoded_tmp_directory.html
   Location: ./tests/test_kill_switch_complete.py:590:34
589	        bridge._available = False
590	        assert bridge.check_drift("/tmp") is False
591	

--------------------------------------------------
>> Issue: [B101:assert_used] Use of assert detected. The enclosed code will be removed when compiling to optimised byte code.
   Severity: Low   Confidence: High
   CWE: CWE-703 (https://cwe.mitre.org/data/definitions/703.html)
   More Info: https://bandit.readthedocs.io/en/1.8.6/plugins/b101_assert_used.html
   Location: ./tests/test_kill_switch_complete.py:596:8
595	        bridge._available = True
596	        assert bridge.check_drift(str(tmp_path)) is False
597	

--------------------------------------------------
>> Issue: [B101:assert_used] Use of assert detected. The enclosed code will be removed when compiling to optimised byte code.
   Severity: Low   Confidence: High
   CWE: CWE-703 (https://cwe.mitre.org/data/definitions/703.html)
   More Info: https://bandit.readthedocs.io/en/1.8.6/plugins/b101_assert_used.html
   Location: ./tests/test_kill_switch_complete.py:607:8
606	        bridge._available = True
607	        assert bridge.check_drift(str(tmp_path), threshold=0.4) is True
608	

--------------------------------------------------
>> Issue: [B101:assert_used] Use of assert detected. The enclosed code will be removed when compiling to optimised byte code.
   Severity: Low   Confidence: High
   CWE: CWE-703 (https://cwe.mitre.org/data/definitions/703.html)
   More Info: https://bandit.readthedocs.io/en/1.8.6/plugins/b101_assert_used.html
   Location: ./tests/test_kill_switch_complete.py:618:8
617	        bridge._available = True
618	        assert bridge.check_drift(str(tmp_path), threshold=0.4) is False
619	

--------------------------------------------------
>> Issue: [B101:assert_used] Use of assert detected. The enclosed code will be removed when compiling to optimised byte code.
   Severity: Low   Confidence: High
   CWE: CWE-703 (https://cwe.mitre.org/data/definitions/703.html)
   More Info: https://bandit.readthedocs.io/en/1.8.6/plugins/b101_assert_used.html
   Location: ./tests/test_kill_switch_complete.py:623:8
622	        bridge = CRGBridge()
623	        assert bridge.load_metrics(str(tmp_path)) == {}
624	

--------------------------------------------------
>> Issue: [B101:assert_used] Use of assert detected. The enclosed code will be removed when compiling to optimised byte code.
   Severity: Low   Confidence: High
   CWE: CWE-703 (https://cwe.mitre.org/data/definitions/703.html)
   More Info: https://bandit.readthedocs.io/en/1.8.6/plugins/b101_assert_used.html
   Location: ./tests/test_kill_switch_complete.py:634:8
633	        data = bridge.load_metrics(str(tmp_path))
634	        assert data["score"] == 0.85
635	

--------------------------------------------------
>> Issue: [B101:assert_used] Use of assert detected. The enclosed code will be removed when compiling to optimised byte code.
   Severity: Low   Confidence: High
   CWE: CWE-703 (https://cwe.mitre.org/data/definitions/703.html)
   More Info: https://bandit.readthedocs.io/en/1.8.6/plugins/b101_assert_used.html
   Location: ./tests/test_kill_switch_complete.py:643:8
642	            result = bridge.get_minimal_context(str(tmp_path), "architecture")
643	        assert result["hint"] == "use lazy loading"
644	

--------------------------------------------------
>> Issue: [B101:assert_used] Use of assert detected. The enclosed code will be removed when compiling to optimised byte code.
   Severity: Low   Confidence: High
   CWE: CWE-703 (https://cwe.mitre.org/data/definitions/703.html)
   More Info: https://bandit.readthedocs.io/en/1.8.6/plugins/b101_assert_used.html
   Location: ./tests/test_kill_switch_complete.py:652:8
651	            result = bridge.check_impact(str(tmp_path))
652	        assert result is True

--------------------------------------------------
>> Issue: [B101:assert_used] Use of assert detected. The enclosed code will be removed when compiling to optimised byte code.
   Severity: Low   Confidence: High
   CWE: CWE-703 (https://cwe.mitre.org/data/definitions/703.html)
   More Info: https://bandit.readthedocs.io/en/1.8.6/plugins/b101_assert_used.html
   Location: ./tests/test_parsers.py:19:8
18	        result = DevelopmentLogParser.extract_phase_content(content, "phase_1")
19	        assert result is not None
20	        assert "s-abc" in result

--------------------------------------------------
>> Issue: [B101:assert_used] Use of assert detected. The enclosed code will be removed when compiling to optimised byte code.
   Severity: Low   Confidence: High
   CWE: CWE-703 (https://cwe.mitre.org/data/definitions/703.html)
   More Info: https://bandit.readthedocs.io/en/1.8.6/plugins/b101_assert_used.html
   Location: ./tests/test_parsers.py:20:8
19	        assert result is not None
20	        assert "s-abc" in result
21	        assert "Phase 2" not in result

--------------------------------------------------
>> Issue: [B101:assert_used] Use of assert detected. The enclosed code will be removed when compiling to optimised byte code.
   Severity: Low   Confidence: High
   CWE: CWE-703 (https://cwe.mitre.org/data/definitions/703.html)
   More Info: https://bandit.readthedocs.io/en/1.8.6/plugins/b101_assert_used.html
   Location: ./tests/test_parsers.py:21:8
20	        assert "s-abc" in result
21	        assert "Phase 2" not in result
22	

--------------------------------------------------
>> Issue: [B101:assert_used] Use of assert detected. The enclosed code will be removed when compiling to optimised byte code.
   Severity: Low   Confidence: High
   CWE: CWE-703 (https://cwe.mitre.org/data/definitions/703.html)
   More Info: https://bandit.readthedocs.io/en/1.8.6/plugins/b101_assert_used.html
   Location: ./tests/test_parsers.py:26:8
25	        result = DevelopmentLogParser.extract_phase_content(content, "phase_3")
26	        assert result is not None
27	        assert "content here" in result

--------------------------------------------------
>> Issue: [B101:assert_used] Use of assert detected. The enclosed code will be removed when compiling to optimised byte code.
   Severity: Low   Confidence: High
   CWE: CWE-703 (https://cwe.mitre.org/data/definitions/703.html)
   More Info: https://bandit.readthedocs.io/en/1.8.6/plugins/b101_assert_used.html
   Location: ./tests/test_parsers.py:27:8
26	        assert result is not None
27	        assert "content here" in result
28	

--------------------------------------------------
>> Issue: [B101:assert_used] Use of assert detected. The enclosed code will be removed when compiling to optimised byte code.
   Severity: Low   Confidence: High
   CWE: CWE-703 (https://cwe.mitre.org/data/definitions/703.html)
   More Info: https://bandit.readthedocs.io/en/1.8.6/plugins/b101_assert_used.html
   Location: ./tests/test_parsers.py:32:8
31	        result = DevelopmentLogParser.extract_phase_content(content, "2")
32	        assert result is not None
33	

--------------------------------------------------
>> Issue: [B101:assert_used] Use of assert detected. The enclosed code will be removed when compiling to optimised byte code.
   Severity: Low   Confidence: High
   CWE: CWE-703 (https://cwe.mitre.org/data/definitions/703.html)
   More Info: https://bandit.readthedocs.io/en/1.8.6/plugins/b101_assert_used.html
   Location: ./tests/test_parsers.py:36:8
35	        content = "## Phase 2\nsome content"
36	        assert DevelopmentLogParser.extract_phase_content(content, "phase_1") is None
37	

--------------------------------------------------
>> Issue: [B101:assert_used] Use of assert detected. The enclosed code will be removed when compiling to optimised byte code.
   Severity: Low   Confidence: High
   CWE: CWE-703 (https://cwe.mitre.org/data/definitions/703.html)
   More Info: https://bandit.readthedocs.io/en/1.8.6/plugins/b101_assert_used.html
   Location: ./tests/test_parsers.py:41:8
40	        result = DevelopmentLogParser.extract_phase_content(content, "phase_1")
41	        assert result is not None
42	

--------------------------------------------------
>> Issue: [B101:assert_used] Use of assert detected. The enclosed code will be removed when compiling to optimised byte code.
   Severity: Low   Confidence: High
   CWE: CWE-703 (https://cwe.mitre.org/data/definitions/703.html)
   More Info: https://bandit.readthedocs.io/en/1.8.6/plugins/b101_assert_used.html
   Location: ./tests/test_parsers.py:44:8
43	    def test_empty_content(self):
44	        assert DevelopmentLogParser.extract_phase_content("", "phase_1") is None
45	

--------------------------------------------------
>> Issue: [B101:assert_used] Use of assert detected. The enclosed code will be removed when compiling to optimised byte code.
   Severity: Low   Confidence: High
   CWE: CWE-703 (https://cwe.mitre.org/data/definitions/703.html)
   More Info: https://bandit.readthedocs.io/en/1.8.6/plugins/b101_assert_used.html
   Location: ./tests/test_parsers.py:50:8
49	        content = "developer session: sess-xyz"
50	        assert DevelopmentLogParser.extract_session(content, "developer") == "sess-xyz"
51	

--------------------------------------------------
>> Issue: [B101:assert_used] Use of assert detected. The enclosed code will be removed when compiling to optimised byte code.
   Severity: Low   Confidence: High
   CWE: CWE-703 (https://cwe.mitre.org/data/definitions/703.html)
   More Info: https://bandit.readthedocs.io/en/1.8.6/plugins/b101_assert_used.html
   Location: ./tests/test_parsers.py:55:8
54	        result = DevelopmentLogParser.extract_session(content, "developer")
55	        assert result == "abc123"
56	

--------------------------------------------------
>> Issue: [B101:assert_used] Use of assert detected. The enclosed code will be removed when compiling to optimised byte code.
   Severity: Low   Confidence: High
   CWE: CWE-703 (https://cwe.mitre.org/data/definitions/703.html)
   More Info: https://bandit.readthedocs.io/en/1.8.6/plugins/b101_assert_used.html
   Location: ./tests/test_parsers.py:60:8
59	        result = DevelopmentLogParser.extract_session(content, "reviewer")
60	        assert result == "rev-456"
61	

--------------------------------------------------
>> Issue: [B101:assert_used] Use of assert detected. The enclosed code will be removed when compiling to optimised byte code.
   Severity: Low   Confidence: High
   CWE: CWE-703 (https://cwe.mitre.org/data/definitions/703.html)
   More Info: https://bandit.readthedocs.io/en/1.8.6/plugins/b101_assert_used.html
   Location: ./tests/test_parsers.py:65:8
64	        result = DevelopmentLogParser.extract_session(content, "developer")
65	        assert result == "inferred_developer_agent"
66	

--------------------------------------------------
>> Issue: [B101:assert_used] Use of assert detected. The enclosed code will be removed when compiling to optimised byte code.
   Severity: Low   Confidence: High
   CWE: CWE-703 (https://cwe.mitre.org/data/definitions/703.html)
   More Info: https://bandit.readthedocs.io/en/1.8.6/plugins/b101_assert_used.html
   Location: ./tests/test_parsers.py:70:8
69	        result = DevelopmentLogParser.extract_session(content, "reviewer")
70	        assert result == "inferred_reviewer_agent"
71	

--------------------------------------------------
>> Issue: [B101:assert_used] Use of assert detected. The enclosed code will be removed when compiling to optimised byte code.
   Severity: Low   Confidence: High
   CWE: CWE-703 (https://cwe.mitre.org/data/definitions/703.html)
   More Info: https://bandit.readthedocs.io/en/1.8.6/plugins/b101_assert_used.html
   Location: ./tests/test_parsers.py:74:8
73	        content = "No session information here"
74	        assert DevelopmentLogParser.extract_session(content, "developer") is None
75	

--------------------------------------------------
>> Issue: [B101:assert_used] Use of assert detected. The enclosed code will be removed when compiling to optimised byte code.
   Severity: Low   Confidence: High
   CWE: CWE-703 (https://cwe.mitre.org/data/definitions/703.html)
   More Info: https://bandit.readthedocs.io/en/1.8.6/plugins/b101_assert_used.html
   Location: ./tests/test_parsers.py:79:8
78	    def test_strips_hyphens(self):
79	        assert DevelopmentLogParser.normalize_session("sess-ABC-123") == "sessabc123"
80	

--------------------------------------------------
>> Issue: [B101:assert_used] Use of assert detected. The enclosed code will be removed when compiling to optimised byte code.
   Severity: Low   Confidence: High
   CWE: CWE-703 (https://cwe.mitre.org/data/definitions/703.html)
   More Info: https://bandit.readthedocs.io/en/1.8.6/plugins/b101_assert_used.html
   Location: ./tests/test_parsers.py:82:8
81	    def test_lowercases(self):
82	        assert DevelopmentLogParser.normalize_session("SESS123") == "sess123"
83	

--------------------------------------------------
>> Issue: [B101:assert_used] Use of assert detected. The enclosed code will be removed when compiling to optimised byte code.
   Severity: Low   Confidence: High
   CWE: CWE-703 (https://cwe.mitre.org/data/definitions/703.html)
   More Info: https://bandit.readthedocs.io/en/1.8.6/plugins/b101_assert_used.html
   Location: ./tests/test_parsers.py:85:8
84	    def test_empty_string(self):
85	        assert DevelopmentLogParser.normalize_session("") == ""
86	

--------------------------------------------------
>> Issue: [B101:assert_used] Use of assert detected. The enclosed code will be removed when compiling to optimised byte code.
   Severity: Low   Confidence: High
   CWE: CWE-703 (https://cwe.mitre.org/data/definitions/703.html)
   More Info: https://bandit.readthedocs.io/en/1.8.6/plugins/b101_assert_used.html
   Location: ./tests/test_parsers.py:88:8
87	    def test_none_like_falsy(self):
88	        assert DevelopmentLogParser.normalize_session(None) == ""  # type: ignore[arg-type]
89	

--------------------------------------------------
>> Issue: [B101:assert_used] Use of assert detected. The enclosed code will be removed when compiling to optimised byte code.
   Severity: Low   Confidence: High
   CWE: CWE-703 (https://cwe.mitre.org/data/definitions/703.html)
   More Info: https://bandit.readthedocs.io/en/1.8.6/plugins/b101_assert_used.html
   Location: ./tests/test_parsers.py:92:8
91	        result = DevelopmentLogParser.normalize_session("inferred_developer_agent")
92	        assert result == "inferreddeveloperagent"
93	

--------------------------------------------------
>> Issue: [B101:assert_used] Use of assert detected. The enclosed code will be removed when compiling to optimised byte code.
   Severity: Low   Confidence: High
   CWE: CWE-703 (https://cwe.mitre.org/data/definitions/703.html)
   More Info: https://bandit.readthedocs.io/en/1.8.6/plugins/b101_assert_used.html
   Location: ./tests/test_parsers.py:102:8
101	        content = "## Core Features\n| Spec | Status |\n|------|--------|\n| FR-01 | Done |"
102	        assert SpecTrackingParser.has_table(content, "Core Features") is True
103	

--------------------------------------------------
>> Issue: [B101:assert_used] Use of assert detected. The enclosed code will be removed when compiling to optimised byte code.
   Severity: Low   Confidence: High
   CWE: CWE-703 (https://cwe.mitre.org/data/definitions/703.html)
   More Info: https://bandit.readthedocs.io/en/1.8.6/plugins/b101_assert_used.html
   Location: ./tests/test_parsers.py:106:8
105	        content = "No tables here"
106	        assert SpecTrackingParser.has_table(content, "Core Features") is False
107	

--------------------------------------------------
>> Issue: [B101:assert_used] Use of assert detected. The enclosed code will be removed when compiling to optimised byte code.
   Severity: Low   Confidence: High
   CWE: CWE-703 (https://cwe.mitre.org/data/definitions/703.html)
   More Info: https://bandit.readthedocs.io/en/1.8.6/plugins/b101_assert_used.html
   Location: ./tests/test_parsers.py:112:8
111	        content = "## Update log\n| Date | Item |\n|------|------|\n| 2026 | Init |"
112	        assert SpecTrackingParser.has_update_log(content) is True
113	

--------------------------------------------------
>> Issue: [B101:assert_used] Use of assert detected. The enclosed code will be removed when compiling to optimised byte code.
   Severity: Low   Confidence: High
   CWE: CWE-703 (https://cwe.mitre.org/data/definitions/703.html)
   More Info: https://bandit.readthedocs.io/en/1.8.6/plugins/b101_assert_used.html
   Location: ./tests/test_parsers.py:115:8
114	    def test_missing(self):
115	        assert SpecTrackingParser.has_update_log("No log section") is False
116	

--------------------------------------------------
>> Issue: [B101:assert_used] Use of assert detected. The enclosed code will be removed when compiling to optimised byte code.
   Severity: Low   Confidence: High
   CWE: CWE-703 (https://cwe.mitre.org/data/definitions/703.html)
   More Info: https://bandit.readthedocs.io/en/1.8.6/plugins/b101_assert_used.html
   Location: ./tests/test_parsers.py:119:8
118	        content = "Update log present but no date column\n| Item |"
119	        assert SpecTrackingParser.has_update_log(content) is False
120	

--------------------------------------------------
>> Issue: [B101:assert_used] Use of assert detected. The enclosed code will be removed when compiling to optimised byte code.
   Severity: Low   Confidence: High
   CWE: CWE-703 (https://cwe.mitre.org/data/definitions/703.html)
   More Info: https://bandit.readthedocs.io/en/1.8.6/plugins/b101_assert_used.html
   Location: ./tests/test_parsers.py:126:8
125	        stats = SpecTrackingParser.count_status(content)
126	        assert stats["✅ Done"] == 2
127	        assert stats["⚠️ Pending"] == 1

--------------------------------------------------
>> Issue: [B101:assert_used] Use of assert detected. The enclosed code will be removed when compiling to optimised byte code.
   Severity: Low   Confidence: High
   CWE: CWE-703 (https://cwe.mitre.org/data/definitions/703.html)
   More Info: https://bandit.readthedocs.io/en/1.8.6/plugins/b101_assert_used.html
   Location: ./tests/test_parsers.py:127:8
126	        assert stats["✅ Done"] == 2
127	        assert stats["⚠️ Pending"] == 1
128	        assert stats["❌ Not Implemented"] == 1

--------------------------------------------------
>> Issue: [B101:assert_used] Use of assert detected. The enclosed code will be removed when compiling to optimised byte code.
   Severity: Low   Confidence: High
   CWE: CWE-703 (https://cwe.mitre.org/data/definitions/703.html)
   More Info: https://bandit.readthedocs.io/en/1.8.6/plugins/b101_assert_used.html
   Location: ./tests/test_parsers.py:128:8
127	        assert stats["⚠️ Pending"] == 1
128	        assert stats["❌ Not Implemented"] == 1
129	

--------------------------------------------------
>> Issue: [B101:assert_used] Use of assert detected. The enclosed code will be removed when compiling to optimised byte code.
   Severity: Low   Confidence: High
   CWE: CWE-703 (https://cwe.mitre.org/data/definitions/703.html)
   More Info: https://bandit.readthedocs.io/en/1.8.6/plugins/b101_assert_used.html
   Location: ./tests/test_parsers.py:132:8
131	        stats = SpecTrackingParser.count_status("")
132	        assert stats == {"✅ Done": 0, "⚠️ Pending": 0, "❌ Not Implemented": 0}
133	

--------------------------------------------------
>> Issue: [B101:assert_used] Use of assert detected. The enclosed code will be removed when compiling to optimised byte code.
   Severity: Low   Confidence: High
   CWE: CWE-703 (https://cwe.mitre.org/data/definitions/703.html)
   More Info: https://bandit.readthedocs.io/en/1.8.6/plugins/b101_assert_used.html
   Location: ./tests/test_parsers.py:140:8
139	        result = SpecTrackingParser.find_entries_without_status(content)
140	        assert isinstance(result, list)
141	

--------------------------------------------------
>> Issue: [B101:assert_used] Use of assert detected. The enclosed code will be removed when compiling to optimised byte code.
   Severity: Low   Confidence: High
   CWE: CWE-703 (https://cwe.mitre.org/data/definitions/703.html)
   More Info: https://bandit.readthedocs.io/en/1.8.6/plugins/b101_assert_used.html
   Location: ./tests/test_parsers.py:146:8
145	        # "unknown-status" has no recognised marker → entry flagged
146	        assert isinstance(result, list)

--------------------------------------------------
>> Issue: [B101:assert_used] Use of assert detected. The enclosed code will be removed when compiling to optimised byte code.
   Severity: Low   Confidence: High
   CWE: CWE-703 (https://cwe.mitre.org/data/definitions/703.html)
   More Info: https://bandit.readthedocs.io/en/1.8.6/plugins/b101_assert_used.html
   Location: ./tests/test_pattern_matcher.py:21:8
20	        res = matcher.match_text("public_data = 1")
21	        assert res.passed is True
22	        assert len(res.forbidden_hits) == 0

--------------------------------------------------
>> Issue: [B101:assert_used] Use of assert detected. The enclosed code will be removed when compiling to optimised byte code.
   Severity: Low   Confidence: High
   CWE: CWE-703 (https://cwe.mitre.org/data/definitions/703.html)
   More Info: https://bandit.readthedocs.io/en/1.8.6/plugins/b101_assert_used.html
   Location: ./tests/test_pattern_matcher.py:22:8
21	        assert res.passed is True
22	        assert len(res.forbidden_hits) == 0
23	        

--------------------------------------------------
>> Issue: [B101:assert_used] Use of assert detected. The enclosed code will be removed when compiling to optimised byte code.
   Severity: Low   Confidence: High
   CWE: CWE-703 (https://cwe.mitre.org/data/definitions/703.html)
   More Info: https://bandit.readthedocs.io/en/1.8.6/plugins/b101_assert_used.html
   Location: ./tests/test_pattern_matcher.py:26:8
25	        res = matcher.match_text("secret_key = 'abc'")
26	        assert res.passed is False
27	        assert res.forbidden_hits[0]["rule"] == "no-secrets"

--------------------------------------------------
>> Issue: [B101:assert_used] Use of assert detected. The enclosed code will be removed when compiling to optimised byte code.
   Severity: Low   Confidence: High
   CWE: CWE-703 (https://cwe.mitre.org/data/definitions/703.html)
   More Info: https://bandit.readthedocs.io/en/1.8.6/plugins/b101_assert_used.html
   Location: ./tests/test_pattern_matcher.py:27:8
26	        assert res.passed is False
27	        assert res.forbidden_hits[0]["rule"] == "no-secrets"
28	

--------------------------------------------------
>> Issue: [B101:assert_used] Use of assert detected. The enclosed code will be removed when compiling to optimised byte code.
   Severity: Low   Confidence: High
   CWE: CWE-703 (https://cwe.mitre.org/data/definitions/703.html)
   More Info: https://bandit.readthedocs.io/en/1.8.6/plugins/b101_assert_used.html
   Location: ./tests/test_pattern_matcher.py:38:8
37	        res = matcher.match_text("# Copyright 2026")
38	        assert res.passed is True
39	        

--------------------------------------------------
>> Issue: [B101:assert_used] Use of assert detected. The enclosed code will be removed when compiling to optimised byte code.
   Severity: Low   Confidence: High
   CWE: CWE-703 (https://cwe.mitre.org/data/definitions/703.html)
   More Info: https://bandit.readthedocs.io/en/1.8.6/plugins/b101_assert_used.html
   Location: ./tests/test_pattern_matcher.py:42:8
41	        res = matcher.match_text("print('hello')")
42	        assert res.passed is False
43	        assert res.required_misses[0]["rule"] == "has-header"

--------------------------------------------------
>> Issue: [B101:assert_used] Use of assert detected. The enclosed code will be removed when compiling to optimised byte code.
   Severity: Low   Confidence: High
   CWE: CWE-703 (https://cwe.mitre.org/data/definitions/703.html)
   More Info: https://bandit.readthedocs.io/en/1.8.6/plugins/b101_assert_used.html
   Location: ./tests/test_pattern_matcher.py:43:8
42	        assert res.passed is False
43	        assert res.required_misses[0]["rule"] == "has-header"
44	

--------------------------------------------------
>> Issue: [B101:assert_used] Use of assert detected. The enclosed code will be removed when compiling to optimised byte code.
   Severity: Low   Confidence: High
   CWE: CWE-703 (https://cwe.mitre.org/data/definitions/703.html)
   More Info: https://bandit.readthedocs.io/en/1.8.6/plugins/b101_assert_used.html
   Location: ./tests/test_pattern_matcher.py:54:8
53	        res = matcher.match_text("def f(x: type_hint): pass")
54	        assert res.passed is True
55	        assert res.quality_score == 1.0

--------------------------------------------------
>> Issue: [B101:assert_used] Use of assert detected. The enclosed code will be removed when compiling to optimised byte code.
   Severity: Low   Confidence: High
   CWE: CWE-703 (https://cwe.mitre.org/data/definitions/703.html)
   More Info: https://bandit.readthedocs.io/en/1.8.6/plugins/b101_assert_used.html
   Location: ./tests/test_pattern_matcher.py:55:8
54	        assert res.passed is True
55	        assert res.quality_score == 1.0
56	        

--------------------------------------------------
>> Issue: [B101:assert_used] Use of assert detected. The enclosed code will be removed when compiling to optimised byte code.
   Severity: Low   Confidence: High
   CWE: CWE-703 (https://cwe.mitre.org/data/definitions/703.html)
   More Info: https://bandit.readthedocs.io/en/1.8.6/plugins/b101_assert_used.html
   Location: ./tests/test_pattern_matcher.py:59:8
58	        res = matcher.match_text("def f(x): pass")
59	        assert res.passed is True
60	        assert res.quality_score == 0.0

--------------------------------------------------
>> Issue: [B101:assert_used] Use of assert detected. The enclosed code will be removed when compiling to optimised byte code.
   Severity: Low   Confidence: High
   CWE: CWE-703 (https://cwe.mitre.org/data/definitions/703.html)
   More Info: https://bandit.readthedocs.io/en/1.8.6/plugins/b101_assert_used.html
   Location: ./tests/test_pattern_matcher.py:60:8
59	        assert res.passed is True
60	        assert res.quality_score == 0.0
61	

--------------------------------------------------
>> Issue: [B101:assert_used] Use of assert detected. The enclosed code will be removed when compiling to optimised byte code.
   Severity: Low   Confidence: High
   CWE: CWE-703 (https://cwe.mitre.org/data/definitions/703.html)
   More Info: https://bandit.readthedocs.io/en/1.8.6/plugins/b101_assert_used.html
   Location: ./tests/test_pattern_matcher.py:70:8
69	        data = res.to_dict()
70	        assert data["passed"] is False
71	        assert data["forbidden_hits"][0]["rule"] == "rule1"

--------------------------------------------------
>> Issue: [B101:assert_used] Use of assert detected. The enclosed code will be removed when compiling to optimised byte code.
   Severity: Low   Confidence: High
   CWE: CWE-703 (https://cwe.mitre.org/data/definitions/703.html)
   More Info: https://bandit.readthedocs.io/en/1.8.6/plugins/b101_assert_used.html
   Location: ./tests/test_pattern_matcher.py:71:8
70	        assert data["passed"] is False
71	        assert data["forbidden_hits"][0]["rule"] == "rule1"

--------------------------------------------------
>> Issue: [B101:assert_used] Use of assert detected. The enclosed code will be removed when compiling to optimised byte code.
   Severity: Low   Confidence: High
   CWE: CWE-703 (https://cwe.mitre.org/data/definitions/703.html)
   More Info: https://bandit.readthedocs.io/en/1.8.6/plugins/b101_assert_used.html
   Location: ./tests/test_phase_truth_verifier.py:23:8
22	        passed, score, details = v.check_session_log()
23	        assert passed is False
24	        assert score == 0.0

--------------------------------------------------
>> Issue: [B101:assert_used] Use of assert detected. The enclosed code will be removed when compiling to optimised byte code.
   Severity: Low   Confidence: High
   CWE: CWE-703 (https://cwe.mitre.org/data/definitions/703.html)
   More Info: https://bandit.readthedocs.io/en/1.8.6/plugins/b101_assert_used.html
   Location: ./tests/test_phase_truth_verifier.py:24:8
23	        assert passed is False
24	        assert score == 0.0
25	        assert "not found" in details

--------------------------------------------------
>> Issue: [B101:assert_used] Use of assert detected. The enclosed code will be removed when compiling to optimised byte code.
   Severity: Low   Confidence: High
   CWE: CWE-703 (https://cwe.mitre.org/data/definitions/703.html)
   More Info: https://bandit.readthedocs.io/en/1.8.6/plugins/b101_assert_used.html
   Location: ./tests/test_phase_truth_verifier.py:25:8
24	        assert score == 0.0
25	        assert "not found" in details
26	

--------------------------------------------------
>> Issue: [B101:assert_used] Use of assert detected. The enclosed code will be removed when compiling to optimised byte code.
   Severity: Low   Confidence: High
   CWE: CWE-703 (https://cwe.mitre.org/data/definitions/703.html)
   More Info: https://bandit.readthedocs.io/en/1.8.6/plugins/b101_assert_used.html
   Location: ./tests/test_phase_truth_verifier.py:32:8
31	        passed, score, _ = PhaseTruthVerifier(str(tmp_path), 1).check_session_log()
32	        assert passed is False
33	

--------------------------------------------------
>> Issue: [B101:assert_used] Use of assert detected. The enclosed code will be removed when compiling to optimised byte code.
   Severity: Low   Confidence: High
   CWE: CWE-703 (https://cwe.mitre.org/data/definitions/703.html)
   More Info: https://bandit.readthedocs.io/en/1.8.6/plugins/b101_assert_used.html
   Location: ./tests/test_phase_truth_verifier.py:40:8
39	        passed, score, _ = PhaseTruthVerifier(str(tmp_path), 1).check_session_log()
40	        assert passed is True
41	        assert score == 100.0

--------------------------------------------------
>> Issue: [B101:assert_used] Use of assert detected. The enclosed code will be removed when compiling to optimised byte code.
   Severity: Low   Confidence: High
   CWE: CWE-703 (https://cwe.mitre.org/data/definitions/703.html)
   More Info: https://bandit.readthedocs.io/en/1.8.6/plugins/b101_assert_used.html
   Location: ./tests/test_phase_truth_verifier.py:41:8
40	        assert passed is True
41	        assert score == 100.0
42	

--------------------------------------------------
>> Issue: [B101:assert_used] Use of assert detected. The enclosed code will be removed when compiling to optimised byte code.
   Severity: Low   Confidence: High
   CWE: CWE-703 (https://cwe.mitre.org/data/definitions/703.html)
   More Info: https://bandit.readthedocs.io/en/1.8.6/plugins/b101_assert_used.html
   Location: ./tests/test_phase_truth_verifier.py:49:8
48	        passed, score, _ = PhaseTruthVerifier(str(tmp_path), 1).check_session_log()
49	        assert passed is True
50	

--------------------------------------------------
>> Issue: [B101:assert_used] Use of assert detected. The enclosed code will be removed when compiling to optimised byte code.
   Severity: Low   Confidence: High
   CWE: CWE-703 (https://cwe.mitre.org/data/definitions/703.html)
   More Info: https://bandit.readthedocs.io/en/1.8.6/plugins/b101_assert_used.html
   Location: ./tests/test_phase_truth_verifier.py:58:8
57	        passed, score, _ = PhaseTruthVerifier(str(tmp_path), 1).check_session_log()
58	        assert passed is True
59	

--------------------------------------------------
>> Issue: [B101:assert_used] Use of assert detected. The enclosed code will be removed when compiling to optimised byte code.
   Severity: Low   Confidence: High
   CWE: CWE-703 (https://cwe.mitre.org/data/definitions/703.html)
   More Info: https://bandit.readthedocs.io/en/1.8.6/plugins/b101_assert_used.html
   Location: ./tests/test_phase_truth_verifier.py:65:8
64	        passed, _, _ = PhaseTruthVerifier(str(tmp_path), 1).check_session_log()
65	        assert passed is False  # only 1 role
66	

--------------------------------------------------
>> Issue: [B101:assert_used] Use of assert detected. The enclosed code will be removed when compiling to optimised byte code.
   Severity: Low   Confidence: High
   CWE: CWE-703 (https://cwe.mitre.org/data/definitions/703.html)
   More Info: https://bandit.readthedocs.io/en/1.8.6/plugins/b101_assert_used.html
   Location: ./tests/test_phase_truth_verifier.py:76:8
75	        checklist = PhaseTruthVerifier(str(tmp_path), phase).get_manual_checklist()
76	        assert isinstance(checklist, list)
77	        assert len(checklist) >= 2  # always includes DEVELOPMENT_LOG + sessions_spawn

--------------------------------------------------
>> Issue: [B101:assert_used] Use of assert detected. The enclosed code will be removed when compiling to optimised byte code.
   Severity: Low   Confidence: High
   CWE: CWE-703 (https://cwe.mitre.org/data/definitions/703.html)
   More Info: https://bandit.readthedocs.io/en/1.8.6/plugins/b101_assert_used.html
   Location: ./tests/test_phase_truth_verifier.py:77:8
76	        assert isinstance(checklist, list)
77	        assert len(checklist) >= 2  # always includes DEVELOPMENT_LOG + sessions_spawn
78	

--------------------------------------------------
>> Issue: [B101:assert_used] Use of assert detected. The enclosed code will be removed when compiling to optimised byte code.
   Severity: Low   Confidence: High
   CWE: CWE-703 (https://cwe.mitre.org/data/definitions/703.html)
   More Info: https://bandit.readthedocs.io/en/1.8.6/plugins/b101_assert_used.html
   Location: ./tests/test_phase_truth_verifier.py:81:8
80	        items = [c["item"] for c in PhaseTruthVerifier(str(tmp_path), 1).get_manual_checklist()]
81	        assert "DEVELOPMENT_LOG.md" in items
82	

--------------------------------------------------
>> Issue: [B101:assert_used] Use of assert detected. The enclosed code will be removed when compiling to optimised byte code.
   Severity: Low   Confidence: High
   CWE: CWE-703 (https://cwe.mitre.org/data/definitions/703.html)
   More Info: https://bandit.readthedocs.io/en/1.8.6/plugins/b101_assert_used.html
   Location: ./tests/test_phase_truth_verifier.py:85:8
84	        items = [c["item"] for c in PhaseTruthVerifier(str(tmp_path), 2).get_manual_checklist()]
85	        assert "sessions_spawn.log" in items
86	

--------------------------------------------------
>> Issue: [B101:assert_used] Use of assert detected. The enclosed code will be removed when compiling to optimised byte code.
   Severity: Low   Confidence: High
   CWE: CWE-703 (https://cwe.mitre.org/data/definitions/703.html)
   More Info: https://bandit.readthedocs.io/en/1.8.6/plugins/b101_assert_used.html
   Location: ./tests/test_phase_truth_verifier.py:90:8
89	        dev_log = next(c for c in checklist if c["item"] == "DEVELOPMENT_LOG.md")
90	        assert "missing" in dev_log["status"]
91	

--------------------------------------------------
>> Issue: [B101:assert_used] Use of assert detected. The enclosed code will be removed when compiling to optimised byte code.
   Severity: Low   Confidence: High
   CWE: CWE-703 (https://cwe.mitre.org/data/definitions/703.html)
   More Info: https://bandit.readthedocs.io/en/1.8.6/plugins/b101_assert_used.html
   Location: ./tests/test_phase_truth_verifier.py:96:8
95	        dev_log = next(c for c in checklist if c["item"] == "DEVELOPMENT_LOG.md")
96	        assert "present" in dev_log["status"]
97	

--------------------------------------------------
>> Issue: [B101:assert_used] Use of assert detected. The enclosed code will be removed when compiling to optimised byte code.
   Severity: Low   Confidence: High
   CWE: CWE-703 (https://cwe.mitre.org/data/definitions/703.html)
   More Info: https://bandit.readthedocs.io/en/1.8.6/plugins/b101_assert_used.html
   Location: ./tests/test_phase_truth_verifier.py:100:12
99	        for item in PhaseTruthVerifier(str(tmp_path), 3).get_manual_checklist():
100	            assert "item" in item
101	            assert "status" in item

--------------------------------------------------
>> Issue: [B101:assert_used] Use of assert detected. The enclosed code will be removed when compiling to optimised byte code.
   Severity: Low   Confidence: High
   CWE: CWE-703 (https://cwe.mitre.org/data/definitions/703.html)
   More Info: https://bandit.readthedocs.io/en/1.8.6/plugins/b101_assert_used.html
   Location: ./tests/test_phase_truth_verifier.py:101:12
100	            assert "item" in item
101	            assert "status" in item
102	            assert "action" in item

--------------------------------------------------
>> Issue: [B101:assert_used] Use of assert detected. The enclosed code will be removed when compiling to optimised byte code.
   Severity: Low   Confidence: High
   CWE: CWE-703 (https://cwe.mitre.org/data/definitions/703.html)
   More Info: https://bandit.readthedocs.io/en/1.8.6/plugins/b101_assert_used.html
   Location: ./tests/test_phase_truth_verifier.py:102:12
101	            assert "status" in item
102	            assert "action" in item
103	

--------------------------------------------------
>> Issue: [B101:assert_used] Use of assert detected. The enclosed code will be removed when compiling to optimised byte code.
   Severity: Low   Confidence: High
   CWE: CWE-703 (https://cwe.mitre.org/data/definitions/703.html)
   More Info: https://bandit.readthedocs.io/en/1.8.6/plugins/b101_assert_used.html
   Location: ./tests/test_phase_truth_verifier.py:114:8
113	        passed, score, _ = PhaseTruthVerifier(str(tmp_path), 3).check_pytest()
114	        assert passed is True
115	        assert score == 100.0

--------------------------------------------------
>> Issue: [B101:assert_used] Use of assert detected. The enclosed code will be removed when compiling to optimised byte code.
   Severity: Low   Confidence: High
   CWE: CWE-703 (https://cwe.mitre.org/data/definitions/703.html)
   More Info: https://bandit.readthedocs.io/en/1.8.6/plugins/b101_assert_used.html
   Location: ./tests/test_phase_truth_verifier.py:115:8
114	        assert passed is True
115	        assert score == 100.0
116	

--------------------------------------------------
>> Issue: [B101:assert_used] Use of assert detected. The enclosed code will be removed when compiling to optimised byte code.
   Severity: Low   Confidence: High
   CWE: CWE-703 (https://cwe.mitre.org/data/definitions/703.html)
   More Info: https://bandit.readthedocs.io/en/1.8.6/plugins/b101_assert_used.html
   Location: ./tests/test_phase_truth_verifier.py:121:8
120	        passed, score, _ = PhaseTruthVerifier(str(tmp_path), 3).check_pytest()
121	        assert passed is False
122	        assert score == 0.0

--------------------------------------------------
>> Issue: [B101:assert_used] Use of assert detected. The enclosed code will be removed when compiling to optimised byte code.
   Severity: Low   Confidence: High
   CWE: CWE-703 (https://cwe.mitre.org/data/definitions/703.html)
   More Info: https://bandit.readthedocs.io/en/1.8.6/plugins/b101_assert_used.html
   Location: ./tests/test_phase_truth_verifier.py:122:8
121	        assert passed is False
122	        assert score == 0.0
123	

--------------------------------------------------
>> Issue: [B101:assert_used] Use of assert detected. The enclosed code will be removed when compiling to optimised byte code.
   Severity: Low   Confidence: High
   CWE: CWE-703 (https://cwe.mitre.org/data/definitions/703.html)
   More Info: https://bandit.readthedocs.io/en/1.8.6/plugins/b101_assert_used.html
   Location: ./tests/test_phase_truth_verifier.py:127:8
126	        passed, score, details = PhaseTruthVerifier(str(tmp_path), 3).check_pytest()
127	        assert passed is False
128	        assert "not found" in details

--------------------------------------------------
>> Issue: [B101:assert_used] Use of assert detected. The enclosed code will be removed when compiling to optimised byte code.
   Severity: Low   Confidence: High
   CWE: CWE-703 (https://cwe.mitre.org/data/definitions/703.html)
   More Info: https://bandit.readthedocs.io/en/1.8.6/plugins/b101_assert_used.html
   Location: ./tests/test_phase_truth_verifier.py:128:8
127	        assert passed is False
128	        assert "not found" in details
129	

--------------------------------------------------
>> Issue: [B101:assert_used] Use of assert detected. The enclosed code will be removed when compiling to optimised byte code.
   Severity: Low   Confidence: High
   CWE: CWE-703 (https://cwe.mitre.org/data/definitions/703.html)
   More Info: https://bandit.readthedocs.io/en/1.8.6/plugins/b101_assert_used.html
   Location: ./tests/test_phase_truth_verifier.py:142:8
141	        passed, score, details = PhaseTruthVerifier(str(tmp_path), 3).check_coverage()
142	        assert passed is True
143	        assert "80%" in details

--------------------------------------------------
>> Issue: [B101:assert_used] Use of assert detected. The enclosed code will be removed when compiling to optimised byte code.
   Severity: Low   Confidence: High
   CWE: CWE-703 (https://cwe.mitre.org/data/definitions/703.html)
   More Info: https://bandit.readthedocs.io/en/1.8.6/plugins/b101_assert_used.html
   Location: ./tests/test_phase_truth_verifier.py:143:8
142	        assert passed is True
143	        assert "80%" in details
144	

--------------------------------------------------
>> Issue: [B101:assert_used] Use of assert detected. The enclosed code will be removed when compiling to optimised byte code.
   Severity: Low   Confidence: High
   CWE: CWE-703 (https://cwe.mitre.org/data/definitions/703.html)
   More Info: https://bandit.readthedocs.io/en/1.8.6/plugins/b101_assert_used.html
   Location: ./tests/test_phase_truth_verifier.py:151:8
150	        passed, score, _ = PhaseTruthVerifier(str(tmp_path), 3).check_coverage()
151	        assert passed is False
152	

--------------------------------------------------
>> Issue: [B101:assert_used] Use of assert detected. The enclosed code will be removed when compiling to optimised byte code.
   Severity: Low   Confidence: High
   CWE: CWE-703 (https://cwe.mitre.org/data/definitions/703.html)
   More Info: https://bandit.readthedocs.io/en/1.8.6/plugins/b101_assert_used.html
   Location: ./tests/test_phase_truth_verifier.py:157:8
156	        passed, score, _ = PhaseTruthVerifier(str(tmp_path), 3).check_coverage()
157	        assert passed is False
158	        assert score == 0

--------------------------------------------------
>> Issue: [B101:assert_used] Use of assert detected. The enclosed code will be removed when compiling to optimised byte code.
   Severity: Low   Confidence: High
   CWE: CWE-703 (https://cwe.mitre.org/data/definitions/703.html)
   More Info: https://bandit.readthedocs.io/en/1.8.6/plugins/b101_assert_used.html
   Location: ./tests/test_phase_truth_verifier.py:158:8
157	        assert passed is False
158	        assert score == 0

--------------------------------------------------
>> Issue: [B101:assert_used] Use of assert detected. The enclosed code will be removed when compiling to optimised byte code.
   Severity: Low   Confidence: High
   CWE: CWE-703 (https://cwe.mitre.org/data/definitions/703.html)
   More Info: https://bandit.readthedocs.io/en/1.8.6/plugins/b101_assert_used.html
   Location: ./tests/test_requirement_traceability.py:8:4
7	    req = rt.requirements["FR-001"]
8	    assert req.title == "Test FR"
9	    assert req.status == TraceStatus.PENDING

--------------------------------------------------
>> Issue: [B101:assert_used] Use of assert detected. The enclosed code will be removed when compiling to optimised byte code.
   Severity: Low   Confidence: High
   CWE: CWE-703 (https://cwe.mitre.org/data/definitions/703.html)
   More Info: https://bandit.readthedocs.io/en/1.8.6/plugins/b101_assert_used.html
   Location: ./tests/test_requirement_traceability.py:9:4
8	    assert req.title == "Test FR"
9	    assert req.status == TraceStatus.PENDING
10	

--------------------------------------------------
>> Issue: [B101:assert_used] Use of assert detected. The enclosed code will be removed when compiling to optimised byte code.
   Severity: Low   Confidence: High
   CWE: CWE-703 (https://cwe.mitre.org/data/definitions/703.html)
   More Info: https://bandit.readthedocs.io/en/1.8.6/plugins/b101_assert_used.html
   Location: ./tests/test_requirement_traceability.py:18:4
17	    links = rt.links
18	    assert len(links) == 1
19	    assert links[0].source_id == "FR-001"

--------------------------------------------------
>> Issue: [B101:assert_used] Use of assert detected. The enclosed code will be removed when compiling to optimised byte code.
   Severity: Low   Confidence: High
   CWE: CWE-703 (https://cwe.mitre.org/data/definitions/703.html)
   More Info: https://bandit.readthedocs.io/en/1.8.6/plugins/b101_assert_used.html
   Location: ./tests/test_requirement_traceability.py:19:4
18	    assert len(links) == 1
19	    assert links[0].source_id == "FR-001"
20	

--------------------------------------------------
>> Issue: [B101:assert_used] Use of assert detected. The enclosed code will be removed when compiling to optimised byte code.
   Severity: Low   Confidence: High
   CWE: CWE-703 (https://cwe.mitre.org/data/definitions/703.html)
   More Info: https://bandit.readthedocs.io/en/1.8.6/plugins/b101_assert_used.html
   Location: ./tests/test_requirement_traceability.py:26:4
25	    report = rt.verify_completeness()
26	    assert report["total_requirements"] == 1
27	    assert "FR-001" in report["missing_mappings"]["fr_without_code"]

--------------------------------------------------
>> Issue: [B101:assert_used] Use of assert detected. The enclosed code will be removed when compiling to optimised byte code.
   Severity: Low   Confidence: High
   CWE: CWE-703 (https://cwe.mitre.org/data/definitions/703.html)
   More Info: https://bandit.readthedocs.io/en/1.8.6/plugins/b101_assert_used.html
   Location: ./tests/test_requirement_traceability.py:27:4
26	    assert report["total_requirements"] == 1
27	    assert "FR-001" in report["missing_mappings"]["fr_without_code"]
28	    assert report["code_coverage"] == "0.0%"

--------------------------------------------------
>> Issue: [B101:assert_used] Use of assert detected. The enclosed code will be removed when compiling to optimised byte code.
   Severity: Low   Confidence: High
   CWE: CWE-703 (https://cwe.mitre.org/data/definitions/703.html)
   More Info: https://bandit.readthedocs.io/en/1.8.6/plugins/b101_assert_used.html
   Location: ./tests/test_requirement_traceability.py:28:4
27	    assert "FR-001" in report["missing_mappings"]["fr_without_code"]
28	    assert report["code_coverage"] == "0.0%"
29	

--------------------------------------------------
>> Issue: [B101:assert_used] Use of assert detected. The enclosed code will be removed when compiling to optimised byte code.
   Severity: Low   Confidence: High
   CWE: CWE-703 (https://cwe.mitre.org/data/definitions/703.html)
   More Info: https://bandit.readthedocs.io/en/1.8.6/plugins/b101_assert_used.html
   Location: ./tests/test_requirement_traceability.py:39:4
38	    report = rt.export_report(format="aspice")
39	    assert report["aspice_compliance"]["SWE_3_B_SP1"] is True
40	    assert report["aspice_compliance"]["SWE_3_B_SP2"] is True

--------------------------------------------------
>> Issue: [B101:assert_used] Use of assert detected. The enclosed code will be removed when compiling to optimised byte code.
   Severity: Low   Confidence: High
   CWE: CWE-703 (https://cwe.mitre.org/data/definitions/703.html)
   More Info: https://bandit.readthedocs.io/en/1.8.6/plugins/b101_assert_used.html
   Location: ./tests/test_requirement_traceability.py:40:4
39	    assert report["aspice_compliance"]["SWE_3_B_SP1"] is True
40	    assert report["aspice_compliance"]["SWE_3_B_SP2"] is True
41	    assert report["aspice_compliance"]["SWE_3_B_SP3"] is True

--------------------------------------------------
>> Issue: [B101:assert_used] Use of assert detected. The enclosed code will be removed when compiling to optimised byte code.
   Severity: Low   Confidence: High
   CWE: CWE-703 (https://cwe.mitre.org/data/definitions/703.html)
   More Info: https://bandit.readthedocs.io/en/1.8.6/plugins/b101_assert_used.html
   Location: ./tests/test_requirement_traceability.py:41:4
40	    assert report["aspice_compliance"]["SWE_3_B_SP2"] is True
41	    assert report["aspice_compliance"]["SWE_3_B_SP3"] is True

--------------------------------------------------
>> Issue: [B101:assert_used] Use of assert detected. The enclosed code will be removed when compiling to optimised byte code.
   Severity: Low   Confidence: High
   CWE: CWE-703 (https://cwe.mitre.org/data/definitions/703.html)
   More Info: https://bandit.readthedocs.io/en/1.8.6/plugins/b101_assert_used.html
   Location: ./tests/test_reviewer_router.py:25:8
24	        prompt = router._build_prompt("reviewer", "check this", phase=3, fr_id=None)
25	        assert "Phase 3" in prompt
26	        assert "Role: reviewer" in prompt

--------------------------------------------------
>> Issue: [B101:assert_used] Use of assert detected. The enclosed code will be removed when compiling to optimised byte code.
   Severity: Low   Confidence: High
   CWE: CWE-703 (https://cwe.mitre.org/data/definitions/703.html)
   More Info: https://bandit.readthedocs.io/en/1.8.6/plugins/b101_assert_used.html
   Location: ./tests/test_reviewer_router.py:26:8
25	        assert "Phase 3" in prompt
26	        assert "Role: reviewer" in prompt
27	

--------------------------------------------------
>> Issue: [B101:assert_used] Use of assert detected. The enclosed code will be removed when compiling to optimised byte code.
   Severity: Low   Confidence: High
   CWE: CWE-703 (https://cwe.mitre.org/data/definitions/703.html)
   More Info: https://bandit.readthedocs.io/en/1.8.6/plugins/b101_assert_used.html
   Location: ./tests/test_reviewer_router.py:31:8
30	        prompt = router._build_prompt("reviewer", "check", phase=3, fr_id="FR-001")
31	        assert "FR FR-001" in prompt
32	

--------------------------------------------------
>> Issue: [B101:assert_used] Use of assert detected. The enclosed code will be removed when compiling to optimised byte code.
   Severity: Low   Confidence: High
   CWE: CWE-703 (https://cwe.mitre.org/data/definitions/703.html)
   More Info: https://bandit.readthedocs.io/en/1.8.6/plugins/b101_assert_used.html
   Location: ./tests/test_reviewer_router.py:36:8
35	        prompt = router._build_prompt("reviewer", "check", phase=4)
36	        assert "review_status" in prompt
37	        assert "APPROVE|REJECT" in prompt

--------------------------------------------------
>> Issue: [B101:assert_used] Use of assert detected. The enclosed code will be removed when compiling to optimised byte code.
   Severity: Low   Confidence: High
   CWE: CWE-703 (https://cwe.mitre.org/data/definitions/703.html)
   More Info: https://bandit.readthedocs.io/en/1.8.6/plugins/b101_assert_used.html
   Location: ./tests/test_reviewer_router.py:37:8
36	        assert "review_status" in prompt
37	        assert "APPROVE|REJECT" in prompt
38	

--------------------------------------------------
>> Issue: [B101:assert_used] Use of assert detected. The enclosed code will be removed when compiling to optimised byte code.
   Severity: Low   Confidence: High
   CWE: CWE-703 (https://cwe.mitre.org/data/definitions/703.html)
   More Info: https://bandit.readthedocs.io/en/1.8.6/plugins/b101_assert_used.html
   Location: ./tests/test_reviewer_router.py:43:8
42	        result = router._parse_response(raw)
43	        assert result["review_status"] == "APPROVE"
44	        assert result["confidence"] == 0.9

--------------------------------------------------
>> Issue: [B101:assert_used] Use of assert detected. The enclosed code will be removed when compiling to optimised byte code.
   Severity: Low   Confidence: High
   CWE: CWE-703 (https://cwe.mitre.org/data/definitions/703.html)
   More Info: https://bandit.readthedocs.io/en/1.8.6/plugins/b101_assert_used.html
   Location: ./tests/test_reviewer_router.py:44:8
43	        assert result["review_status"] == "APPROVE"
44	        assert result["confidence"] == 0.9
45	

--------------------------------------------------
>> Issue: [B101:assert_used] Use of assert detected. The enclosed code will be removed when compiling to optimised byte code.
   Severity: Low   Confidence: High
   CWE: CWE-703 (https://cwe.mitre.org/data/definitions/703.html)
   More Info: https://bandit.readthedocs.io/en/1.8.6/plugins/b101_assert_used.html
   Location: ./tests/test_reviewer_router.py:50:8
49	        result = router._parse_response(raw)
50	        assert result["review_status"] == "REJECT"
51	

--------------------------------------------------
>> Issue: [B101:assert_used] Use of assert detected. The enclosed code will be removed when compiling to optimised byte code.
   Severity: Low   Confidence: High
   CWE: CWE-703 (https://cwe.mitre.org/data/definitions/703.html)
   More Info: https://bandit.readthedocs.io/en/1.8.6/plugins/b101_assert_used.html
   Location: ./tests/test_reviewer_router.py:55:8
54	        result = router._parse_response("not json at all")
55	        assert result["review_status"] == "REJECT"
56	        assert result["violations"] == ["parse_error"]

--------------------------------------------------
>> Issue: [B101:assert_used] Use of assert detected. The enclosed code will be removed when compiling to optimised byte code.
   Severity: Low   Confidence: High
   CWE: CWE-703 (https://cwe.mitre.org/data/definitions/703.html)
   More Info: https://bandit.readthedocs.io/en/1.8.6/plugins/b101_assert_used.html
   Location: ./tests/test_reviewer_router.py:56:8
55	        assert result["review_status"] == "REJECT"
56	        assert result["violations"] == ["parse_error"]
57	

--------------------------------------------------
>> Issue: [B101:assert_used] Use of assert detected. The enclosed code will be removed when compiling to optimised byte code.
   Severity: Low   Confidence: High
   CWE: CWE-703 (https://cwe.mitre.org/data/definitions/703.html)
   More Info: https://bandit.readthedocs.io/en/1.8.6/plugins/b101_assert_used.html
   Location: ./tests/test_reviewer_router.py:61:8
60	        result = router._parse_response("x" * 300)
61	        assert len(result["summary"]) <= 200
62	

--------------------------------------------------
>> Issue: [B101:assert_used] Use of assert detected. The enclosed code will be removed when compiling to optimised byte code.
   Severity: Low   Confidence: High
   CWE: CWE-703 (https://cwe.mitre.org/data/definitions/703.html)
   More Info: https://bandit.readthedocs.io/en/1.8.6/plugins/b101_assert_used.html
   Location: ./tests/test_reviewer_router.py:69:8
68	        from harness.reviewer_router import get_reviewer_model
69	        assert get_reviewer_model(phase=3) == "hermes"
70	

--------------------------------------------------
>> Issue: [B101:assert_used] Use of assert detected. The enclosed code will be removed when compiling to optimised byte code.
   Severity: Low   Confidence: High
   CWE: CWE-703 (https://cwe.mitre.org/data/definitions/703.html)
   More Info: https://bandit.readthedocs.io/en/1.8.6/plugins/b101_assert_used.html
   Location: ./tests/test_reviewer_router.py:73:8
72	        from harness.reviewer_router import get_reviewer_model
73	        assert get_reviewer_model(phase=4) == "hermes"
74	

--------------------------------------------------
>> Issue: [B101:assert_used] Use of assert detected. The enclosed code will be removed when compiling to optimised byte code.
   Severity: Low   Confidence: High
   CWE: CWE-703 (https://cwe.mitre.org/data/definitions/703.html)
   More Info: https://bandit.readthedocs.io/en/1.8.6/plugins/b101_assert_used.html
   Location: ./tests/test_reviewer_router.py:77:8
76	        from harness.reviewer_router import get_reviewer_model
77	        assert get_reviewer_model(phase=6) == "hermes"
78	

--------------------------------------------------
>> Issue: [B101:assert_used] Use of assert detected. The enclosed code will be removed when compiling to optimised byte code.
   Severity: Low   Confidence: High
   CWE: CWE-703 (https://cwe.mitre.org/data/definitions/703.html)
   More Info: https://bandit.readthedocs.io/en/1.8.6/plugins/b101_assert_used.html
   Location: ./tests/test_reviewer_router.py:81:8
80	        from harness.reviewer_router import get_reviewer_model
81	        assert get_reviewer_model(phase=7) == "claude"
82	

--------------------------------------------------
>> Issue: [B101:assert_used] Use of assert detected. The enclosed code will be removed when compiling to optimised byte code.
   Severity: Low   Confidence: High
   CWE: CWE-703 (https://cwe.mitre.org/data/definitions/703.html)
   More Info: https://bandit.readthedocs.io/en/1.8.6/plugins/b101_assert_used.html
   Location: ./tests/test_reviewer_router.py:85:8
84	        from harness.reviewer_router import get_reviewer_model
85	        assert get_reviewer_model(phase=8) == "claude"

--------------------------------------------------
>> Issue: [B101:assert_used] Use of assert detected. The enclosed code will be removed when compiling to optimised byte code.
   Severity: Low   Confidence: High
   CWE: CWE-703 (https://cwe.mitre.org/data/definitions/703.html)
   More Info: https://bandit.readthedocs.io/en/1.8.6/plugins/b101_assert_used.html
   Location: ./tests/test_reviewer_router_extended.py:77:8
76	        names = [s.name for s in specs]
77	        assert "subagent" in names
78	

--------------------------------------------------
>> Issue: [B101:assert_used] Use of assert detected. The enclosed code will be removed when compiling to optimised byte code.
   Severity: Low   Confidence: High
   CWE: CWE-703 (https://cwe.mitre.org/data/definitions/703.html)
   More Info: https://bandit.readthedocs.io/en/1.8.6/plugins/b101_assert_used.html
   Location: ./tests/test_reviewer_router_extended.py:82:8
81	        specs = _parse_chain("hermes")
82	        assert specs[-1].name == "subagent"
83	

--------------------------------------------------
>> Issue: [B101:assert_used] Use of assert detected. The enclosed code will be removed when compiling to optimised byte code.
   Severity: Low   Confidence: High
   CWE: CWE-703 (https://cwe.mitre.org/data/definitions/703.html)
   More Info: https://bandit.readthedocs.io/en/1.8.6/plugins/b101_assert_used.html
   Location: ./tests/test_reviewer_router_extended.py:89:12
88	            hermes = next((s for s in specs if s.name == "hermes"), None)
89	            assert hermes is None or hermes.enabled is False
90	

--------------------------------------------------
>> Issue: [B101:assert_used] Use of assert detected. The enclosed code will be removed when compiling to optimised byte code.
   Severity: Low   Confidence: High
   CWE: CWE-703 (https://cwe.mitre.org/data/definitions/703.html)
   More Info: https://bandit.readthedocs.io/en/1.8.6/plugins/b101_assert_used.html
   Location: ./tests/test_reviewer_router_extended.py:96:12
95	            gemini = next((s for s in specs if s.name == "gemini"), None)
96	            assert gemini is None or gemini.enabled is False
97	

--------------------------------------------------
>> Issue: [B101:assert_used] Use of assert detected. The enclosed code will be removed when compiling to optimised byte code.
   Severity: Low   Confidence: High
   CWE: CWE-703 (https://cwe.mitre.org/data/definitions/703.html)
   More Info: https://bandit.readthedocs.io/en/1.8.6/plugins/b101_assert_used.html
   Location: ./tests/test_reviewer_router_extended.py:102:8
101	        subagent = next(s for s in specs if s.name == "subagent")
102	        assert subagent.enabled is True
103	

--------------------------------------------------
>> Issue: [B101:assert_used] Use of assert detected. The enclosed code will be removed when compiling to optimised byte code.
   Severity: Low   Confidence: High
   CWE: CWE-703 (https://cwe.mitre.org/data/definitions/703.html)
   More Info: https://bandit.readthedocs.io/en/1.8.6/plugins/b101_assert_used.html
   Location: ./tests/test_reviewer_router_extended.py:107:8
106	        specs = _parse_chain("")
107	        assert specs[0].name == "subagent"
108	

--------------------------------------------------
>> Issue: [B101:assert_used] Use of assert detected. The enclosed code will be removed when compiling to optimised byte code.
   Severity: Low   Confidence: High
   CWE: CWE-703 (https://cwe.mitre.org/data/definitions/703.html)
   More Info: https://bandit.readthedocs.io/en/1.8.6/plugins/b101_assert_used.html
   Location: ./tests/test_reviewer_router_extended.py:121:8
120	        sections = r._extract_phase_sections(PHASE_PROMPT)
121	        assert len(sections) >= 2
122	        assert any("Phase" in k for k in sections)

--------------------------------------------------
>> Issue: [B101:assert_used] Use of assert detected. The enclosed code will be removed when compiling to optimised byte code.
   Severity: Low   Confidence: High
   CWE: CWE-703 (https://cwe.mitre.org/data/definitions/703.html)
   More Info: https://bandit.readthedocs.io/en/1.8.6/plugins/b101_assert_used.html
   Location: ./tests/test_reviewer_router_extended.py:122:8
121	        assert len(sections) >= 2
122	        assert any("Phase" in k for k in sections)
123	

--------------------------------------------------
>> Issue: [B101:assert_used] Use of assert detected. The enclosed code will be removed when compiling to optimised byte code.
   Severity: Low   Confidence: High
   CWE: CWE-703 (https://cwe.mitre.org/data/definitions/703.html)
   More Info: https://bandit.readthedocs.io/en/1.8.6/plugins/b101_assert_used.html
   Location: ./tests/test_reviewer_router_extended.py:127:8
126	        sections = r._extract_phase_sections("## Phase 1: Only\nSome content here.")
127	        assert sections == {}
128	

--------------------------------------------------
>> Issue: [B101:assert_used] Use of assert detected. The enclosed code will be removed when compiling to optimised byte code.
   Severity: Low   Confidence: High
   CWE: CWE-703 (https://cwe.mitre.org/data/definitions/703.html)
   More Info: https://bandit.readthedocs.io/en/1.8.6/plugins/b101_assert_used.html
   Location: ./tests/test_reviewer_router_extended.py:132:8
131	        sections = r._extract_fr_sections(FR_PROMPT)
132	        assert len(sections) >= 2
133	        assert any("FR-" in k for k in sections)

--------------------------------------------------
>> Issue: [B101:assert_used] Use of assert detected. The enclosed code will be removed when compiling to optimised byte code.
   Severity: Low   Confidence: High
   CWE: CWE-703 (https://cwe.mitre.org/data/definitions/703.html)
   More Info: https://bandit.readthedocs.io/en/1.8.6/plugins/b101_assert_used.html
   Location: ./tests/test_reviewer_router_extended.py:133:8
132	        assert len(sections) >= 2
133	        assert any("FR-" in k for k in sections)
134	

--------------------------------------------------
>> Issue: [B101:assert_used] Use of assert detected. The enclosed code will be removed when compiling to optimised byte code.
   Severity: Low   Confidence: High
   CWE: CWE-703 (https://cwe.mitre.org/data/definitions/703.html)
   More Info: https://bandit.readthedocs.io/en/1.8.6/plugins/b101_assert_used.html
   Location: ./tests/test_reviewer_router_extended.py:138:8
137	        sections = r._extract_fr_sections("Only FR-001 mentioned once.")
138	        assert sections == {}
139	

--------------------------------------------------
>> Issue: [B101:assert_used] Use of assert detected. The enclosed code will be removed when compiling to optimised byte code.
   Severity: Low   Confidence: High
   CWE: CWE-703 (https://cwe.mitre.org/data/definitions/703.html)
   More Info: https://bandit.readthedocs.io/en/1.8.6/plugins/b101_assert_used.html
   Location: ./tests/test_reviewer_router_extended.py:143:8
142	        sections = r._extract_heading_sections(HEADING_PROMPT)
143	        assert len(sections) >= 2
144	

--------------------------------------------------
>> Issue: [B101:assert_used] Use of assert detected. The enclosed code will be removed when compiling to optimised byte code.
   Severity: Low   Confidence: High
   CWE: CWE-703 (https://cwe.mitre.org/data/definitions/703.html)
   More Info: https://bandit.readthedocs.io/en/1.8.6/plugins/b101_assert_used.html
   Location: ./tests/test_reviewer_router_extended.py:148:8
147	        sections = r._extract_heading_sections("## §1.1 Only one section\nContent.")
148	        assert sections == {}
149	

--------------------------------------------------
>> Issue: [B101:assert_used] Use of assert detected. The enclosed code will be removed when compiling to optimised byte code.
   Severity: Low   Confidence: High
   CWE: CWE-703 (https://cwe.mitre.org/data/definitions/703.html)
   More Info: https://bandit.readthedocs.io/en/1.8.6/plugins/b101_assert_used.html
   Location: ./tests/test_reviewer_router_extended.py:153:8
152	        label = r._extract_label("## Phase 3 — Implementation\nContent.", "Phase")
153	        assert "Phase" in label and "3" in label
154	

--------------------------------------------------
>> Issue: [B101:assert_used] Use of assert detected. The enclosed code will be removed when compiling to optimised byte code.
   Severity: Low   Confidence: High
   CWE: CWE-703 (https://cwe.mitre.org/data/definitions/703.html)
   More Info: https://bandit.readthedocs.io/en/1.8.6/plugins/b101_assert_used.html
   Location: ./tests/test_reviewer_router_extended.py:158:8
157	        label = r._extract_label("No phase number here", "Phase")
158	        assert len(label) <= 30
159	

--------------------------------------------------
>> Issue: [B101:assert_used] Use of assert detected. The enclosed code will be removed when compiling to optimised byte code.
   Severity: Low   Confidence: High
   CWE: CWE-703 (https://cwe.mitre.org/data/definitions/703.html)
   More Info: https://bandit.readthedocs.io/en/1.8.6/plugins/b101_assert_used.html
   Location: ./tests/test_reviewer_router_extended.py:178:8
177	        )
178	        assert len(sections) == 3
179	

--------------------------------------------------
>> Issue: [B101:assert_used] Use of assert detected. The enclosed code will be removed when compiling to optimised byte code.
   Severity: Low   Confidence: High
   CWE: CWE-703 (https://cwe.mitre.org/data/definitions/703.html)
   More Info: https://bandit.readthedocs.io/en/1.8.6/plugins/b101_assert_used.html
   Location: ./tests/test_reviewer_router_extended.py:190:8
189	        )
190	        assert len(sections) == 2  # deduplicated by index suffix
191	

--------------------------------------------------
>> Issue: [B101:assert_used] Use of assert detected. The enclosed code will be removed when compiling to optimised byte code.
   Severity: Low   Confidence: High
   CWE: CWE-703 (https://cwe.mitre.org/data/definitions/703.html)
   More Info: https://bandit.readthedocs.io/en/1.8.6/plugins/b101_assert_used.html
   Location: ./tests/test_reviewer_router_extended.py:205:8
204	        result = r._paragraph_subtasks(big, "reviewer")
205	        assert isinstance(result, list)
206	        assert len(result) >= 1

--------------------------------------------------
>> Issue: [B101:assert_used] Use of assert detected. The enclosed code will be removed when compiling to optimised byte code.
   Severity: Low   Confidence: High
   CWE: CWE-703 (https://cwe.mitre.org/data/definitions/703.html)
   More Info: https://bandit.readthedocs.io/en/1.8.6/plugins/b101_assert_used.html
   Location: ./tests/test_reviewer_router_extended.py:206:8
205	        assert isinstance(result, list)
206	        assert len(result) >= 1
207	

--------------------------------------------------
>> Issue: [B101:assert_used] Use of assert detected. The enclosed code will be removed when compiling to optimised byte code.
   Severity: Low   Confidence: High
   CWE: CWE-703 (https://cwe.mitre.org/data/definitions/703.html)
   More Info: https://bandit.readthedocs.io/en/1.8.6/plugins/b101_assert_used.html
   Location: ./tests/test_reviewer_router_extended.py:213:12
212	        for st in result:
213	            assert hasattr(st, "content")
214	            assert hasattr(st, "label")

--------------------------------------------------
>> Issue: [B101:assert_used] Use of assert detected. The enclosed code will be removed when compiling to optimised byte code.
   Severity: Low   Confidence: High
   CWE: CWE-703 (https://cwe.mitre.org/data/definitions/703.html)
   More Info: https://bandit.readthedocs.io/en/1.8.6/plugins/b101_assert_used.html
   Location: ./tests/test_reviewer_router_extended.py:214:12
213	            assert hasattr(st, "content")
214	            assert hasattr(st, "label")
215	            assert st.total == len(result)

--------------------------------------------------
>> Issue: [B101:assert_used] Use of assert detected. The enclosed code will be removed when compiling to optimised byte code.
   Severity: Low   Confidence: High
   CWE: CWE-703 (https://cwe.mitre.org/data/definitions/703.html)
   More Info: https://bandit.readthedocs.io/en/1.8.6/plugins/b101_assert_used.html
   Location: ./tests/test_reviewer_router_extended.py:215:12
214	            assert hasattr(st, "label")
215	            assert st.total == len(result)
216	

--------------------------------------------------
>> Issue: [B101:assert_used] Use of assert detected. The enclosed code will be removed when compiling to optimised byte code.
   Severity: Low   Confidence: High
   CWE: CWE-703 (https://cwe.mitre.org/data/definitions/703.html)
   More Info: https://bandit.readthedocs.io/en/1.8.6/plugins/b101_assert_used.html
   Location: ./tests/test_reviewer_router_extended.py:220:8
219	        result = r._paragraph_subtasks("short paragraph", "reviewer")
220	        assert len(result) == 1
221	        assert result[0].index == 1

--------------------------------------------------
>> Issue: [B101:assert_used] Use of assert detected. The enclosed code will be removed when compiling to optimised byte code.
   Severity: Low   Confidence: High
   CWE: CWE-703 (https://cwe.mitre.org/data/definitions/703.html)
   More Info: https://bandit.readthedocs.io/en/1.8.6/plugins/b101_assert_used.html
   Location: ./tests/test_reviewer_router_extended.py:221:8
220	        assert len(result) == 1
221	        assert result[0].index == 1
222	

--------------------------------------------------
>> Issue: [B101:assert_used] Use of assert detected. The enclosed code will be removed when compiling to optimised byte code.
   Severity: Low   Confidence: High
   CWE: CWE-703 (https://cwe.mitre.org/data/definitions/703.html)
   More Info: https://bandit.readthedocs.io/en/1.8.6/plugins/b101_assert_used.html
   Location: ./tests/test_reviewer_router_extended.py:228:12
227	        if len(result) > 1:
228	            assert result[1].dependencies == ["part_1"]
229	

--------------------------------------------------
>> Issue: [B101:assert_used] Use of assert detected. The enclosed code will be removed when compiling to optimised byte code.
   Severity: Low   Confidence: High
   CWE: CWE-703 (https://cwe.mitre.org/data/definitions/703.html)
   More Info: https://bandit.readthedocs.io/en/1.8.6/plugins/b101_assert_used.html
   Location: ./tests/test_reviewer_router_extended.py:243:8
242	        deps = r._build_dep_graph(sections)
243	        assert deps["A"] == []
244	        assert deps["B"] == []

--------------------------------------------------
>> Issue: [B101:assert_used] Use of assert detected. The enclosed code will be removed when compiling to optimised byte code.
   Severity: Low   Confidence: High
   CWE: CWE-703 (https://cwe.mitre.org/data/definitions/703.html)
   More Info: https://bandit.readthedocs.io/en/1.8.6/plugins/b101_assert_used.html
   Location: ./tests/test_reviewer_router_extended.py:244:8
243	        assert deps["A"] == []
244	        assert deps["B"] == []
245	

--------------------------------------------------
>> Issue: [B101:assert_used] Use of assert detected. The enclosed code will be removed when compiling to optimised byte code.
   Severity: Low   Confidence: High
   CWE: CWE-703 (https://cwe.mitre.org/data/definitions/703.html)
   More Info: https://bandit.readthedocs.io/en/1.8.6/plugins/b101_assert_used.html
   Location: ./tests/test_reviewer_router_extended.py:250:8
249	        deps = r._build_dep_graph(sections)
250	        assert "B" in deps["A"]
251	

--------------------------------------------------
>> Issue: [B101:assert_used] Use of assert detected. The enclosed code will be removed when compiling to optimised byte code.
   Severity: Low   Confidence: High
   CWE: CWE-703 (https://cwe.mitre.org/data/definitions/703.html)
   More Info: https://bandit.readthedocs.io/en/1.8.6/plugins/b101_assert_used.html
   Location: ./tests/test_reviewer_router_extended.py:260:8
259	        deps = r._build_dep_graph(sections)
260	        assert "Phase-1" in deps["Phase-2"]
261	        assert "Phase-2" in deps["Phase-3"]

--------------------------------------------------
>> Issue: [B101:assert_used] Use of assert detected. The enclosed code will be removed when compiling to optimised byte code.
   Severity: Low   Confidence: High
   CWE: CWE-703 (https://cwe.mitre.org/data/definitions/703.html)
   More Info: https://bandit.readthedocs.io/en/1.8.6/plugins/b101_assert_used.html
   Location: ./tests/test_reviewer_router_extended.py:261:8
260	        assert "Phase-1" in deps["Phase-2"]
261	        assert "Phase-2" in deps["Phase-3"]
262	

--------------------------------------------------
>> Issue: [B101:assert_used] Use of assert detected. The enclosed code will be removed when compiling to optimised byte code.
   Severity: Low   Confidence: High
   CWE: CWE-703 (https://cwe.mitre.org/data/definitions/703.html)
   More Info: https://bandit.readthedocs.io/en/1.8.6/plugins/b101_assert_used.html
   Location: ./tests/test_reviewer_router_extended.py:267:8
266	        deps = r._build_dep_graph(sections)
267	        assert "A" not in deps["A"]
268	

--------------------------------------------------
>> Issue: [B101:assert_used] Use of assert detected. The enclosed code will be removed when compiling to optimised byte code.
   Severity: Low   Confidence: High
   CWE: CWE-703 (https://cwe.mitre.org/data/definitions/703.html)
   More Info: https://bandit.readthedocs.io/en/1.8.6/plugins/b101_assert_used.html
   Location: ./tests/test_reviewer_router_extended.py:282:8
281	        result = r._topological_sort(deps, ["A", "B", "C"])
282	        assert set(result) == {"A", "B", "C"}
283	

--------------------------------------------------
>> Issue: [B101:assert_used] Use of assert detected. The enclosed code will be removed when compiling to optimised byte code.
   Severity: Low   Confidence: High
   CWE: CWE-703 (https://cwe.mitre.org/data/definitions/703.html)
   More Info: https://bandit.readthedocs.io/en/1.8.6/plugins/b101_assert_used.html
   Location: ./tests/test_reviewer_router_extended.py:288:8
287	        result = r._topological_sort(deps, ["A", "B", "C"])
288	        assert result.index("B") < result.index("A")
289	

--------------------------------------------------
>> Issue: [B101:assert_used] Use of assert detected. The enclosed code will be removed when compiling to optimised byte code.
   Severity: Low   Confidence: High
   CWE: CWE-703 (https://cwe.mitre.org/data/definitions/703.html)
   More Info: https://bandit.readthedocs.io/en/1.8.6/plugins/b101_assert_used.html
   Location: ./tests/test_reviewer_router_extended.py:294:8
293	        result = r._topological_sort(deps, ["Phase-1", "Phase-2", "Phase-3"])
294	        assert result == ["Phase-1", "Phase-2", "Phase-3"]
295	

--------------------------------------------------
>> Issue: [B101:assert_used] Use of assert detected. The enclosed code will be removed when compiling to optimised byte code.
   Severity: Low   Confidence: High
   CWE: CWE-703 (https://cwe.mitre.org/data/definitions/703.html)
   More Info: https://bandit.readthedocs.io/en/1.8.6/plugins/b101_assert_used.html
   Location: ./tests/test_reviewer_router_extended.py:300:8
299	        result = r._topological_sort(deps, ["A", "B"])
300	        assert set(result) == {"A", "B"}  # all nodes present, no crash
301	

--------------------------------------------------
>> Issue: [B101:assert_used] Use of assert detected. The enclosed code will be removed when compiling to optimised byte code.
   Severity: Low   Confidence: High
   CWE: CWE-703 (https://cwe.mitre.org/data/definitions/703.html)
   More Info: https://bandit.readthedocs.io/en/1.8.6/plugins/b101_assert_used.html
   Location: ./tests/test_reviewer_router_extended.py:316:8
315	        result = r._enrich_with_context(st, [])
316	        assert result == "my content"
317	

--------------------------------------------------
>> Issue: [B101:assert_used] Use of assert detected. The enclosed code will be removed when compiling to optimised byte code.
   Severity: Low   Confidence: High
   CWE: CWE-703 (https://cwe.mitre.org/data/definitions/703.html)
   More Info: https://bandit.readthedocs.io/en/1.8.6/plugins/b101_assert_used.html
   Location: ./tests/test_reviewer_router_extended.py:323:8
322	        result = r._enrich_with_context(st, ["✅ [F1] looks good"])
323	        assert "Previously approved" in result
324	        assert "current task" in result

--------------------------------------------------
>> Issue: [B101:assert_used] Use of assert detected. The enclosed code will be removed when compiling to optimised byte code.
   Severity: Low   Confidence: High
   CWE: CWE-703 (https://cwe.mitre.org/data/definitions/703.html)
   More Info: https://bandit.readthedocs.io/en/1.8.6/plugins/b101_assert_used.html
   Location: ./tests/test_reviewer_router_extended.py:324:8
323	        assert "Previously approved" in result
324	        assert "current task" in result
325	

--------------------------------------------------
>> Issue: [B101:assert_used] Use of assert detected. The enclosed code will be removed when compiling to optimised byte code.
   Severity: Low   Confidence: High
   CWE: CWE-703 (https://cwe.mitre.org/data/definitions/703.html)
   More Info: https://bandit.readthedocs.io/en/1.8.6/plugins/b101_assert_used.html
   Location: ./tests/test_reviewer_router_extended.py:334:8
333	        count = result.count("✅")
334	        assert count <= MAX_CONTEXT_LINES
335	

--------------------------------------------------
>> Issue: [B101:assert_used] Use of assert detected. The enclosed code will be removed when compiling to optimised byte code.
   Severity: Low   Confidence: High
   CWE: CWE-703 (https://cwe.mitre.org/data/definitions/703.html)
   More Info: https://bandit.readthedocs.io/en/1.8.6/plugins/b101_assert_used.html
   Location: ./tests/test_reviewer_router_extended.py:341:8
340	        result = r._enrich_with_context(st, ["✅ [F1] ok"])
341	        assert "Dependencies:" in result
342	

--------------------------------------------------
>> Issue: [B101:assert_used] Use of assert detected. The enclosed code will be removed when compiling to optimised byte code.
   Severity: Low   Confidence: High
   CWE: CWE-703 (https://cwe.mitre.org/data/definitions/703.html)
   More Info: https://bandit.readthedocs.io/en/1.8.6/plugins/b101_assert_used.html
   Location: ./tests/test_reviewer_router_extended.py:355:8
354	        result = r._merge_results([])
355	        assert result["review_status"] == "REJECT"
356	

--------------------------------------------------
>> Issue: [B101:assert_used] Use of assert detected. The enclosed code will be removed when compiling to optimised byte code.
   Severity: Low   Confidence: High
   CWE: CWE-703 (https://cwe.mitre.org/data/definitions/703.html)
   More Info: https://bandit.readthedocs.io/en/1.8.6/plugins/b101_assert_used.html
   Location: ./tests/test_reviewer_router_extended.py:360:8
359	        result = r._merge_results([APPROVE_RESULT])
360	        assert result == APPROVE_RESULT
361	

--------------------------------------------------
>> Issue: [B101:assert_used] Use of assert detected. The enclosed code will be removed when compiling to optimised byte code.
   Severity: Low   Confidence: High
   CWE: CWE-703 (https://cwe.mitre.org/data/definitions/703.html)
   More Info: https://bandit.readthedocs.io/en/1.8.6/plugins/b101_assert_used.html
   Location: ./tests/test_reviewer_router_extended.py:365:8
364	        result = r._merge_results([APPROVE_RESULT, APPROVE_RESULT])
365	        assert result["review_status"] == "APPROVE"
366	

--------------------------------------------------
>> Issue: [B101:assert_used] Use of assert detected. The enclosed code will be removed when compiling to optimised byte code.
   Severity: Low   Confidence: High
   CWE: CWE-703 (https://cwe.mitre.org/data/definitions/703.html)
   More Info: https://bandit.readthedocs.io/en/1.8.6/plugins/b101_assert_used.html
   Location: ./tests/test_reviewer_router_extended.py:370:8
369	        result = r._merge_results([APPROVE_RESULT, REJECT_RESULT])
370	        assert result["review_status"] == "REJECT"
371	

--------------------------------------------------
>> Issue: [B101:assert_used] Use of assert detected. The enclosed code will be removed when compiling to optimised byte code.
   Severity: Low   Confidence: High
   CWE: CWE-703 (https://cwe.mitre.org/data/definitions/703.html)
   More Info: https://bandit.readthedocs.io/en/1.8.6/plugins/b101_assert_used.html
   Location: ./tests/test_reviewer_router_extended.py:377:8
376	        result = r._merge_results([r1, r2])
377	        assert result["confidence"] == 0.6
378	

--------------------------------------------------
>> Issue: [B101:assert_used] Use of assert detected. The enclosed code will be removed when compiling to optimised byte code.
   Severity: Low   Confidence: High
   CWE: CWE-703 (https://cwe.mitre.org/data/definitions/703.html)
   More Info: https://bandit.readthedocs.io/en/1.8.6/plugins/b101_assert_used.html
   Location: ./tests/test_reviewer_router_extended.py:384:8
383	        result = r._merge_results([r1, r2])
384	        assert "v1" in result["violations"]
385	        assert "v2" in result["violations"]

--------------------------------------------------
>> Issue: [B101:assert_used] Use of assert detected. The enclosed code will be removed when compiling to optimised byte code.
   Severity: Low   Confidence: High
   CWE: CWE-703 (https://cwe.mitre.org/data/definitions/703.html)
   More Info: https://bandit.readthedocs.io/en/1.8.6/plugins/b101_assert_used.html
   Location: ./tests/test_reviewer_router_extended.py:385:8
384	        assert "v1" in result["violations"]
385	        assert "v2" in result["violations"]
386	

--------------------------------------------------
>> Issue: [B101:assert_used] Use of assert detected. The enclosed code will be removed when compiling to optimised byte code.
   Severity: Low   Confidence: High
   CWE: CWE-703 (https://cwe.mitre.org/data/definitions/703.html)
   More Info: https://bandit.readthedocs.io/en/1.8.6/plugins/b101_assert_used.html
   Location: ./tests/test_reviewer_router_extended.py:392:8
391	        result = r._merge_results([r1, r2])
392	        assert "good1" in result["summary"]
393	        assert "good2" in result["summary"]

--------------------------------------------------
>> Issue: [B101:assert_used] Use of assert detected. The enclosed code will be removed when compiling to optimised byte code.
   Severity: Low   Confidence: High
   CWE: CWE-703 (https://cwe.mitre.org/data/definitions/703.html)
   More Info: https://bandit.readthedocs.io/en/1.8.6/plugins/b101_assert_used.html
   Location: ./tests/test_reviewer_router_extended.py:393:8
392	        assert "good1" in result["summary"]
393	        assert "good2" in result["summary"]
394	

--------------------------------------------------
>> Issue: [B101:assert_used] Use of assert detected. The enclosed code will be removed when compiling to optimised byte code.
   Severity: Low   Confidence: High
   CWE: CWE-703 (https://cwe.mitre.org/data/definitions/703.html)
   More Info: https://bandit.readthedocs.io/en/1.8.6/plugins/b101_assert_used.html
   Location: ./tests/test_reviewer_router_extended.py:398:8
397	        result = r._merge_results([APPROVE_RESULT, APPROVE_RESULT])
398	        assert result["_merged"] is True
399	        assert result["_subtask_count"] == 2

--------------------------------------------------
>> Issue: [B101:assert_used] Use of assert detected. The enclosed code will be removed when compiling to optimised byte code.
   Severity: Low   Confidence: High
   CWE: CWE-703 (https://cwe.mitre.org/data/definitions/703.html)
   More Info: https://bandit.readthedocs.io/en/1.8.6/plugins/b101_assert_used.html
   Location: ./tests/test_reviewer_router_extended.py:399:8
398	        assert result["_merged"] is True
399	        assert result["_subtask_count"] == 2
400	

--------------------------------------------------
>> Issue: [B101:assert_used] Use of assert detected. The enclosed code will be removed when compiling to optimised byte code.
   Severity: Low   Confidence: High
   CWE: CWE-703 (https://cwe.mitre.org/data/definitions/703.html)
   More Info: https://bandit.readthedocs.io/en/1.8.6/plugins/b101_assert_used.html
   Location: ./tests/test_reviewer_router_extended.py:405:8
404	        result = r._merge_results([r1, APPROVE_RESULT])
405	        assert result["_degraded"] is True
406	

--------------------------------------------------
>> Issue: [B101:assert_used] Use of assert detected. The enclosed code will be removed when compiling to optimised byte code.
   Severity: Low   Confidence: High
   CWE: CWE-703 (https://cwe.mitre.org/data/definitions/703.html)
   More Info: https://bandit.readthedocs.io/en/1.8.6/plugins/b101_assert_used.html
   Location: ./tests/test_reviewer_router_extended.py:419:8
418	        result = r._decompose_with_deps("short", "reviewer")
419	        assert len(result) == 1
420	        assert result[0].label == "full_task"

--------------------------------------------------
>> Issue: [B101:assert_used] Use of assert detected. The enclosed code will be removed when compiling to optimised byte code.
   Severity: Low   Confidence: High
   CWE: CWE-703 (https://cwe.mitre.org/data/definitions/703.html)
   More Info: https://bandit.readthedocs.io/en/1.8.6/plugins/b101_assert_used.html
   Location: ./tests/test_reviewer_router_extended.py:420:8
419	        assert len(result) == 1
420	        assert result[0].label == "full_task"
421	

--------------------------------------------------
>> Issue: [B101:assert_used] Use of assert detected. The enclosed code will be removed when compiling to optimised byte code.
   Severity: Low   Confidence: High
   CWE: CWE-703 (https://cwe.mitre.org/data/definitions/703.html)
   More Info: https://bandit.readthedocs.io/en/1.8.6/plugins/b101_assert_used.html
   Location: ./tests/test_reviewer_router_extended.py:426:8
425	        result = r._decompose_with_deps(big_fr, "reviewer")
426	        assert len(result) >= 2
427	

--------------------------------------------------
>> Issue: [B101:assert_used] Use of assert detected. The enclosed code will be removed when compiling to optimised byte code.
   Severity: Low   Confidence: High
   CWE: CWE-703 (https://cwe.mitre.org/data/definitions/703.html)
   More Info: https://bandit.readthedocs.io/en/1.8.6/plugins/b101_assert_used.html
   Location: ./tests/test_reviewer_router_extended.py:432:8
431	        result = r._decompose_with_deps(big, "reviewer")
432	        assert len(result) >= 2
433	

--------------------------------------------------
>> Issue: [B101:assert_used] Use of assert detected. The enclosed code will be removed when compiling to optimised byte code.
   Severity: Low   Confidence: High
   CWE: CWE-703 (https://cwe.mitre.org/data/definitions/703.html)
   More Info: https://bandit.readthedocs.io/en/1.8.6/plugins/b101_assert_used.html
   Location: ./tests/test_reviewer_router_extended.py:439:8
438	        result = r._decompose_with_deps(big, "reviewer")
439	        assert len(result) >= 1
440	

--------------------------------------------------
>> Issue: [B101:assert_used] Use of assert detected. The enclosed code will be removed when compiling to optimised byte code.
   Severity: Low   Confidence: High
   CWE: CWE-703 (https://cwe.mitre.org/data/definitions/703.html)
   More Info: https://bandit.readthedocs.io/en/1.8.6/plugins/b101_assert_used.html
   Location: ./tests/test_reviewer_router_extended.py:454:8
453	            result = r.review(role="reviewer", prompt="check this", phase=3)
454	        assert result["review_status"] == "APPROVE"
455	

--------------------------------------------------
>> Issue: [B101:assert_used] Use of assert detected. The enclosed code will be removed when compiling to optimised byte code.
   Severity: Low   Confidence: High
   CWE: CWE-703 (https://cwe.mitre.org/data/definitions/703.html)
   More Info: https://bandit.readthedocs.io/en/1.8.6/plugins/b101_assert_used.html
   Location: ./tests/test_reviewer_router_extended.py:475:8
474	        # First subtask REJECTED → merged result is REJECT
475	        assert result["review_status"] == "REJECT"
476	        assert call_count[0] == 1  # stopped after first

--------------------------------------------------
>> Issue: [B101:assert_used] Use of assert detected. The enclosed code will be removed when compiling to optimised byte code.
   Severity: Low   Confidence: High
   CWE: CWE-703 (https://cwe.mitre.org/data/definitions/703.html)
   More Info: https://bandit.readthedocs.io/en/1.8.6/plugins/b101_assert_used.html
   Location: ./tests/test_reviewer_router_extended.py:476:8
475	        assert result["review_status"] == "REJECT"
476	        assert call_count[0] == 1  # stopped after first
477	

--------------------------------------------------
>> Issue: [B101:assert_used] Use of assert detected. The enclosed code will be removed when compiling to optimised byte code.
   Severity: Low   Confidence: High
   CWE: CWE-703 (https://cwe.mitre.org/data/definitions/703.html)
   More Info: https://bandit.readthedocs.io/en/1.8.6/plugins/b101_assert_used.html
   Location: ./tests/test_reviewer_router_extended.py:489:8
488	                result = r.review(role="reviewer", prompt=big, phase=3)
489	        assert result["review_status"] == "APPROVE"
490	        assert result.get("_subtask_count") == 2

--------------------------------------------------
>> Issue: [B101:assert_used] Use of assert detected. The enclosed code will be removed when compiling to optimised byte code.
   Severity: Low   Confidence: High
   CWE: CWE-703 (https://cwe.mitre.org/data/definitions/703.html)
   More Info: https://bandit.readthedocs.io/en/1.8.6/plugins/b101_assert_used.html
   Location: ./tests/test_reviewer_router_extended.py:490:8
489	        assert result["review_status"] == "APPROVE"
490	        assert result.get("_subtask_count") == 2
491	

--------------------------------------------------
>> Issue: [B101:assert_used] Use of assert detected. The enclosed code will be removed when compiling to optimised byte code.
   Severity: Low   Confidence: High
   CWE: CWE-703 (https://cwe.mitre.org/data/definitions/703.html)
   More Info: https://bandit.readthedocs.io/en/1.8.6/plugins/b101_assert_used.html
   Location: ./tests/test_reviewer_router_extended.py:513:8
512	        # Context grows: subtask 1→0 context, subtask 2→1 context, subtask 3→2 context
513	        assert enriched_calls[0] == 0
514	        assert enriched_calls[1] == 1

--------------------------------------------------
>> Issue: [B101:assert_used] Use of assert detected. The enclosed code will be removed when compiling to optimised byte code.
   Severity: Low   Confidence: High
   CWE: CWE-703 (https://cwe.mitre.org/data/definitions/703.html)
   More Info: https://bandit.readthedocs.io/en/1.8.6/plugins/b101_assert_used.html
   Location: ./tests/test_reviewer_router_extended.py:514:8
513	        assert enriched_calls[0] == 0
514	        assert enriched_calls[1] == 1
515	        assert enriched_calls[2] == 2

--------------------------------------------------
>> Issue: [B101:assert_used] Use of assert detected. The enclosed code will be removed when compiling to optimised byte code.
   Severity: Low   Confidence: High
   CWE: CWE-703 (https://cwe.mitre.org/data/definitions/703.html)
   More Info: https://bandit.readthedocs.io/en/1.8.6/plugins/b101_assert_used.html
   Location: ./tests/test_reviewer_router_extended.py:515:8
514	        assert enriched_calls[1] == 1
515	        assert enriched_calls[2] == 2
516	

--------------------------------------------------
>> Issue: [B101:assert_used] Use of assert detected. The enclosed code will be removed when compiling to optimised byte code.
   Severity: Low   Confidence: High
   CWE: CWE-703 (https://cwe.mitre.org/data/definitions/703.html)
   More Info: https://bandit.readthedocs.io/en/1.8.6/plugins/b101_assert_used.html
   Location: ./tests/test_reviewer_router_extended.py:535:8
534	        mock_sub.assert_called_once()
535	        assert result["review_status"] == "APPROVE"
536	

--------------------------------------------------
>> Issue: [B101:assert_used] Use of assert detected. The enclosed code will be removed when compiling to optimised byte code.
   Severity: Low   Confidence: High
   CWE: CWE-703 (https://cwe.mitre.org/data/definitions/703.html)
   More Info: https://bandit.readthedocs.io/en/1.8.6/plugins/b101_assert_used.html
   Location: ./tests/test_reviewer_router_extended.py:545:8
544	                result = r._try_chain("reviewer", "prompt", 3, None, None)
545	        assert result.get("_degraded") is True
546	        assert "subagent" == result.get("_reviewer_used")

--------------------------------------------------
>> Issue: [B101:assert_used] Use of assert detected. The enclosed code will be removed when compiling to optimised byte code.
   Severity: Low   Confidence: High
   CWE: CWE-703 (https://cwe.mitre.org/data/definitions/703.html)
   More Info: https://bandit.readthedocs.io/en/1.8.6/plugins/b101_assert_used.html
   Location: ./tests/test_reviewer_router_extended.py:546:8
545	        assert result.get("_degraded") is True
546	        assert "subagent" == result.get("_reviewer_used")
547	

--------------------------------------------------
>> Issue: [B101:assert_used] Use of assert detected. The enclosed code will be removed when compiling to optimised byte code.
   Severity: Low   Confidence: High
   CWE: CWE-703 (https://cwe.mitre.org/data/definitions/703.html)
   More Info: https://bandit.readthedocs.io/en/1.8.6/plugins/b101_assert_used.html
   Location: ./tests/test_reviewer_router_extended.py:555:8
554	            result = r._try_chain("reviewer", "prompt", 3, None, None)
555	        assert result["_reviewer_used"] == "subagent"
556	

--------------------------------------------------
>> Issue: [B101:assert_used] Use of assert detected. The enclosed code will be removed when compiling to optimised byte code.
   Severity: Low   Confidence: High
   CWE: CWE-703 (https://cwe.mitre.org/data/definitions/703.html)
   More Info: https://bandit.readthedocs.io/en/1.8.6/plugins/b101_assert_used.html
   Location: ./tests/test_reviewer_router_extended.py:572:8
571	                result = r._try_subagent("reviewer", "prompt", 3, None)
572	        assert result.get("_emergency_fallback") is True
573	        assert result["confidence"] == 0.3

--------------------------------------------------
>> Issue: [B101:assert_used] Use of assert detected. The enclosed code will be removed when compiling to optimised byte code.
   Severity: Low   Confidence: High
   CWE: CWE-703 (https://cwe.mitre.org/data/definitions/703.html)
   More Info: https://bandit.readthedocs.io/en/1.8.6/plugins/b101_assert_used.html
   Location: ./tests/test_reviewer_router_extended.py:573:8
572	        assert result.get("_emergency_fallback") is True
573	        assert result["confidence"] == 0.3
574	

--------------------------------------------------
>> Issue: [B101:assert_used] Use of assert detected. The enclosed code will be removed when compiling to optimised byte code.
   Severity: Low   Confidence: High
   CWE: CWE-703 (https://cwe.mitre.org/data/definitions/703.html)
   More Info: https://bandit.readthedocs.io/en/1.8.6/plugins/b101_assert_used.html
   Location: ./tests/test_reviewer_router_extended.py:584:8
583	            result = r._try_subagent("reviewer", "prompt", 3, None)
584	        assert result["review_status"] == "APPROVE"
585	

--------------------------------------------------
>> Issue: [B101:assert_used] Use of assert detected. The enclosed code will be removed when compiling to optimised byte code.
   Severity: Low   Confidence: High
   CWE: CWE-703 (https://cwe.mitre.org/data/definitions/703.html)
   More Info: https://bandit.readthedocs.io/en/1.8.6/plugins/b101_assert_used.html
   Location: ./tests/test_reviewer_router_extended.py:595:8
594	            result = r._try_subagent("reviewer", "prompt", 3, None)
595	        assert "output" in result
596	

--------------------------------------------------
>> Issue: [B101:assert_used] Use of assert detected. The enclosed code will be removed when compiling to optimised byte code.
   Severity: Low   Confidence: High
   CWE: CWE-703 (https://cwe.mitre.org/data/definitions/703.html)
   More Info: https://bandit.readthedocs.io/en/1.8.6/plugins/b101_assert_used.html
   Location: ./tests/test_reviewer_router_extended.py:610:8
609	        result = r._clean_gemini_response(raw)
610	        assert "session-end-marker" not in result
611	        assert "Good review" in result

--------------------------------------------------
>> Issue: [B101:assert_used] Use of assert detected. The enclosed code will be removed when compiling to optimised byte code.
   Severity: Low   Confidence: High
   CWE: CWE-703 (https://cwe.mitre.org/data/definitions/703.html)
   More Info: https://bandit.readthedocs.io/en/1.8.6/plugins/b101_assert_used.html
   Location: ./tests/test_reviewer_router_extended.py:611:8
610	        assert "session-end-marker" not in result
611	        assert "Good review" in result
612	

--------------------------------------------------
>> Issue: [B101:assert_used] Use of assert detected. The enclosed code will be removed when compiling to optimised byte code.
   Severity: Low   Confidence: High
   CWE: CWE-703 (https://cwe.mitre.org/data/definitions/703.html)
   More Info: https://bandit.readthedocs.io/en/1.8.6/plugins/b101_assert_used.html
   Location: ./tests/test_reviewer_router_extended.py:617:8
616	        result = r._clean_gemini_response(raw)
617	        assert result == "Clean response text."
618	

--------------------------------------------------
>> Issue: [B101:assert_used] Use of assert detected. The enclosed code will be removed when compiling to optimised byte code.
   Severity: Low   Confidence: High
   CWE: CWE-703 (https://cwe.mitre.org/data/definitions/703.html)
   More Info: https://bandit.readthedocs.io/en/1.8.6/plugins/b101_assert_used.html
   Location: ./tests/test_reviewer_router_extended.py:623:8
622	        result = r._clean_gemini_response(raw)
623	        assert "plugin_root" not in result

--------------------------------------------------
>> Issue: [B101:assert_used] Use of assert detected. The enclosed code will be removed when compiling to optimised byte code.
   Severity: Low   Confidence: High
   CWE: CWE-703 (https://cwe.mitre.org/data/definitions/703.html)
   More Info: https://bandit.readthedocs.io/en/1.8.6/plugins/b101_assert_used.html
   Location: ./tests/test_spec_tracking_checker.py:8:4
7	    result = checker.check_completeness()
8	    assert result["complete"] is False
9	    assert "SPEC_TRACKING.md not found" in result["missing"]

--------------------------------------------------
>> Issue: [B101:assert_used] Use of assert detected. The enclosed code will be removed when compiling to optimised byte code.
   Severity: Low   Confidence: High
   CWE: CWE-703 (https://cwe.mitre.org/data/definitions/703.html)
   More Info: https://bandit.readthedocs.io/en/1.8.6/plugins/b101_assert_used.html
   Location: ./tests/test_spec_tracking_checker.py:9:4
8	    assert result["complete"] is False
9	    assert "SPEC_TRACKING.md not found" in result["missing"]
10	

--------------------------------------------------
>> Issue: [B101:assert_used] Use of assert detected. The enclosed code will be removed when compiling to optimised byte code.
   Severity: Low   Confidence: High
   CWE: CWE-703 (https://cwe.mitre.org/data/definitions/703.html)
   More Info: https://bandit.readthedocs.io/en/1.8.6/plugins/b101_assert_used.html
   Location: ./tests/test_spec_tracking_checker.py:29:4
28	    result = checker.check_completeness()
29	    assert result["complete"] is True
30	

--------------------------------------------------
>> Issue: [B101:assert_used] Use of assert detected. The enclosed code will be removed when compiling to optimised byte code.
   Severity: Low   Confidence: High
   CWE: CWE-703 (https://cwe.mitre.org/data/definitions/703.html)
   More Info: https://bandit.readthedocs.io/en/1.8.6/plugins/b101_assert_used.html
   Location: ./tests/test_spec_tracking_checker.py:40:4
39	    result = checker.check_completeness()
40	    assert result["complete"] is False
41	    assert "Core Features table" in result["missing"]

--------------------------------------------------
>> Issue: [B101:assert_used] Use of assert detected. The enclosed code will be removed when compiling to optimised byte code.
   Severity: Low   Confidence: High
   CWE: CWE-703 (https://cwe.mitre.org/data/definitions/703.html)
   More Info: https://bandit.readthedocs.io/en/1.8.6/plugins/b101_assert_used.html
   Location: ./tests/test_spec_tracking_checker.py:41:4
40	    assert result["complete"] is False
41	    assert "Core Features table" in result["missing"]

--------------------------------------------------
>> Issue: [B101:assert_used] Use of assert detected. The enclosed code will be removed when compiling to optimised byte code.
   Severity: Low   Confidence: High
   CWE: CWE-703 (https://cwe.mitre.org/data/definitions/703.html)
   More Info: https://bandit.readthedocs.io/en/1.8.6/plugins/b101_assert_used.html
   Location: ./tests/test_steering.py:80:8
79	        result = s.score(_OUT_A, _OUT_B)
80	        assert "A" in result and "B" in result
81	

--------------------------------------------------
>> Issue: [B101:assert_used] Use of assert detected. The enclosed code will be removed when compiling to optimised byte code.
   Severity: Low   Confidence: High
   CWE: CWE-703 (https://cwe.mitre.org/data/definitions/703.html)
   More Info: https://bandit.readthedocs.io/en/1.8.6/plugins/b101_assert_used.html
   Location: ./tests/test_steering.py:86:12
85	        for k in _DIM_KEYS:
86	            assert k in result["A"]
87	            assert k in result["B"]

--------------------------------------------------
>> Issue: [B101:assert_used] Use of assert detected. The enclosed code will be removed when compiling to optimised byte code.
   Severity: Low   Confidence: High
   CWE: CWE-703 (https://cwe.mitre.org/data/definitions/703.html)
   More Info: https://bandit.readthedocs.io/en/1.8.6/plugins/b101_assert_used.html
   Location: ./tests/test_steering.py:87:12
86	            assert k in result["A"]
87	            assert k in result["B"]
88	

--------------------------------------------------
>> Issue: [B101:assert_used] Use of assert detected. The enclosed code will be removed when compiling to optimised byte code.
   Severity: Low   Confidence: High
   CWE: CWE-703 (https://cwe.mitre.org/data/definitions/703.html)
   More Info: https://bandit.readthedocs.io/en/1.8.6/plugins/b101_assert_used.html
   Location: ./tests/test_steering.py:92:8
91	        s.score(_OUT_A, _OUT_B)
92	        assert s.provider.chat.call_count == 1
93	

--------------------------------------------------
>> Issue: [B101:assert_used] Use of assert detected. The enclosed code will be removed when compiling to optimised byte code.
   Severity: Low   Confidence: High
   CWE: CWE-703 (https://cwe.mitre.org/data/definitions/703.html)
   More Info: https://bandit.readthedocs.io/en/1.8.6/plugins/b101_assert_used.html
   Location: ./tests/test_steering.py:100:8
99	        result = s.score(_OUT_A, _OUT_B)
100	        assert result["A"]["correctness"] == 0.5
101	        assert result["B"]["correctness"] == 0.5

--------------------------------------------------
>> Issue: [B101:assert_used] Use of assert detected. The enclosed code will be removed when compiling to optimised byte code.
   Severity: Low   Confidence: High
   CWE: CWE-703 (https://cwe.mitre.org/data/definitions/703.html)
   More Info: https://bandit.readthedocs.io/en/1.8.6/plugins/b101_assert_used.html
   Location: ./tests/test_steering.py:101:8
100	        assert result["A"]["correctness"] == 0.5
101	        assert result["B"]["correctness"] == 0.5
102	

--------------------------------------------------
>> Issue: [B101:assert_used] Use of assert detected. The enclosed code will be removed when compiling to optimised byte code.
   Severity: Low   Confidence: High
   CWE: CWE-703 (https://cwe.mitre.org/data/definitions/703.html)
   More Info: https://bandit.readthedocs.io/en/1.8.6/plugins/b101_assert_used.html
   Location: ./tests/test_steering.py:109:8
108	        result = s.score(_OUT_A, _OUT_B)
109	        assert result["A"]["correctness"] == 0.5
110	

--------------------------------------------------
>> Issue: [B101:assert_used] Use of assert detected. The enclosed code will be removed when compiling to optimised byte code.
   Severity: Low   Confidence: High
   CWE: CWE-703 (https://cwe.mitre.org/data/definitions/703.html)
   More Info: https://bandit.readthedocs.io/en/1.8.6/plugins/b101_assert_used.html
   Location: ./tests/test_steering.py:117:8
116	        result = s.score(_OUT_A, _OUT_B)
117	        assert result["A"]["completeness"] == 0.5
118	

--------------------------------------------------
>> Issue: [B101:assert_used] Use of assert detected. The enclosed code will be removed when compiling to optimised byte code.
   Severity: Low   Confidence: High
   CWE: CWE-703 (https://cwe.mitre.org/data/definitions/703.html)
   More Info: https://bandit.readthedocs.io/en/1.8.6/plugins/b101_assert_used.html
   Location: ./tests/test_steering.py:123:8
122	                                 _SCORES_A_HIGH["A"], _SCORES_A_HIGH["B"], "A")
123	        assert fb["direction"] == "prefer_A"
124	

--------------------------------------------------
>> Issue: [B101:assert_used] Use of assert detected. The enclosed code will be removed when compiling to optimised byte code.
   Severity: Low   Confidence: High
   CWE: CWE-703 (https://cwe.mitre.org/data/definitions/703.html)
   More Info: https://bandit.readthedocs.io/en/1.8.6/plugins/b101_assert_used.html
   Location: ./tests/test_steering.py:129:8
128	                                 _SCORES_B_HIGH["A"], _SCORES_B_HIGH["B"], "B")
129	        assert fb["direction"] == "prefer_B"
130	

--------------------------------------------------
>> Issue: [B101:assert_used] Use of assert detected. The enclosed code will be removed when compiling to optimised byte code.
   Severity: Low   Confidence: High
   CWE: CWE-703 (https://cwe.mitre.org/data/definitions/703.html)
   More Info: https://bandit.readthedocs.io/en/1.8.6/plugins/b101_assert_used.html
   Location: ./tests/test_steering.py:136:8
135	        fb = s.generate_feedback(_OUT_A, _OUT_B, eq, eq, "A")
136	        assert "direction" in fb
137	

--------------------------------------------------
>> Issue: [B101:assert_used] Use of assert detected. The enclosed code will be removed when compiling to optimised byte code.
   Severity: Low   Confidence: High
   CWE: CWE-703 (https://cwe.mitre.org/data/definitions/703.html)
   More Info: https://bandit.readthedocs.io/en/1.8.6/plugins/b101_assert_used.html
   Location: ./tests/test_steering.py:145:8
144	                                 _SCORES_A_HIGH["A"], _SCORES_A_HIGH["B"], "A")
145	        assert "Manual review required" in fb["loser_improvements"]
146	

--------------------------------------------------
>> Issue: [B101:assert_used] Use of assert detected. The enclosed code will be removed when compiling to optimised byte code.
   Severity: Low   Confidence: High
   CWE: CWE-703 (https://cwe.mitre.org/data/definitions/703.html)
   More Info: https://bandit.readthedocs.io/en/1.8.6/plugins/b101_assert_used.html
   Location: ./tests/test_steering.py:150:8
149	        s = LLMJudgeScorer(MagicMock())
150	        assert s._extract_text("hello") == "hello"
151	

--------------------------------------------------
>> Issue: [B101:assert_used] Use of assert detected. The enclosed code will be removed when compiling to optimised byte code.
   Severity: Low   Confidence: High
   CWE: CWE-703 (https://cwe.mitre.org/data/definitions/703.html)
   More Info: https://bandit.readthedocs.io/en/1.8.6/plugins/b101_assert_used.html
   Location: ./tests/test_steering.py:155:8
154	        s = LLMJudgeScorer(MagicMock())
155	        assert s._extract_text({"text": "hi"}) == "hi"
156	

--------------------------------------------------
>> Issue: [B101:assert_used] Use of assert detected. The enclosed code will be removed when compiling to optimised byte code.
   Severity: Low   Confidence: High
   CWE: CWE-703 (https://cwe.mitre.org/data/definitions/703.html)
   More Info: https://bandit.readthedocs.io/en/1.8.6/plugins/b101_assert_used.html
   Location: ./tests/test_steering.py:160:8
159	        s = LLMJudgeScorer(MagicMock())
160	        assert s._extract_text({"content": "bye"}) == "bye"
161	

--------------------------------------------------
>> Issue: [B101:assert_used] Use of assert detected. The enclosed code will be removed when compiling to optimised byte code.
   Severity: Low   Confidence: High
   CWE: CWE-703 (https://cwe.mitre.org/data/definitions/703.html)
   More Info: https://bandit.readthedocs.io/en/1.8.6/plugins/b101_assert_used.html
   Location: ./tests/test_steering.py:166:8
165	        result = s._extract_text({"other": "val"})
166	        assert "other" in result
167	

--------------------------------------------------
>> Issue: [B101:assert_used] Use of assert detected. The enclosed code will be removed when compiling to optimised byte code.
   Severity: Low   Confidence: High
   CWE: CWE-703 (https://cwe.mitre.org/data/definitions/703.html)
   More Info: https://bandit.readthedocs.io/en/1.8.6/plugins/b101_assert_used.html
   Location: ./tests/test_steering.py:176:8
175	        c = SteeringConfig()
176	        assert c.max_iterations == 5
177	        assert c.min_iterations == 3

--------------------------------------------------
>> Issue: [B101:assert_used] Use of assert detected. The enclosed code will be removed when compiling to optimised byte code.
   Severity: Low   Confidence: High
   CWE: CWE-703 (https://cwe.mitre.org/data/definitions/703.html)
   More Info: https://bandit.readthedocs.io/en/1.8.6/plugins/b101_assert_used.html
   Location: ./tests/test_steering.py:177:8
176	        assert c.max_iterations == 5
177	        assert c.min_iterations == 3
178	        assert c.exploration_rounds == 2

--------------------------------------------------
>> Issue: [B101:assert_used] Use of assert detected. The enclosed code will be removed when compiling to optimised byte code.
   Severity: Low   Confidence: High
   CWE: CWE-703 (https://cwe.mitre.org/data/definitions/703.html)
   More Info: https://bandit.readthedocs.io/en/1.8.6/plugins/b101_assert_used.html
   Location: ./tests/test_steering.py:178:8
177	        assert c.min_iterations == 3
178	        assert c.exploration_rounds == 2
179	        assert c.convergence_threshold == 0.05

--------------------------------------------------
>> Issue: [B101:assert_used] Use of assert detected. The enclosed code will be removed when compiling to optimised byte code.
   Severity: Low   Confidence: High
   CWE: CWE-703 (https://cwe.mitre.org/data/definitions/703.html)
   More Info: https://bandit.readthedocs.io/en/1.8.6/plugins/b101_assert_used.html
   Location: ./tests/test_steering.py:179:8
178	        assert c.exploration_rounds == 2
179	        assert c.convergence_threshold == 0.05
180	        assert c.quality_threshold == 0.85

--------------------------------------------------
>> Issue: [B101:assert_used] Use of assert detected. The enclosed code will be removed when compiling to optimised byte code.
   Severity: Low   Confidence: High
   CWE: CWE-703 (https://cwe.mitre.org/data/definitions/703.html)
   More Info: https://bandit.readthedocs.io/en/1.8.6/plugins/b101_assert_used.html
   Location: ./tests/test_steering.py:180:8
179	        assert c.convergence_threshold == 0.05
180	        assert c.quality_threshold == 0.85
181	

--------------------------------------------------
>> Issue: [B101:assert_used] Use of assert detected. The enclosed code will be removed when compiling to optimised byte code.
   Severity: Low   Confidence: High
   CWE: CWE-703 (https://cwe.mitre.org/data/definitions/703.html)
   More Info: https://bandit.readthedocs.io/en/1.8.6/plugins/b101_assert_used.html
   Location: ./tests/test_steering.py:185:8
184	        c = SteeringConfig()
185	        assert set(c.weights.keys()) == {"quality", "efficiency", "clarity", "consistency"}
186	

--------------------------------------------------
>> Issue: [B101:assert_used] Use of assert detected. The enclosed code will be removed when compiling to optimised byte code.
   Severity: Low   Confidence: High
   CWE: CWE-703 (https://cwe.mitre.org/data/definitions/703.html)
   More Info: https://bandit.readthedocs.io/en/1.8.6/plugins/b101_assert_used.html
   Location: ./tests/test_steering.py:190:8
189	        c = SteeringConfig(max_iterations=10, quality_threshold=0.9)
190	        assert c.max_iterations == 10
191	        assert c.quality_threshold == 0.9

--------------------------------------------------
>> Issue: [B101:assert_used] Use of assert detected. The enclosed code will be removed when compiling to optimised byte code.
   Severity: Low   Confidence: High
   CWE: CWE-703 (https://cwe.mitre.org/data/definitions/703.html)
   More Info: https://bandit.readthedocs.io/en/1.8.6/plugins/b101_assert_used.html
   Location: ./tests/test_steering.py:191:8
190	        assert c.max_iterations == 10
191	        assert c.quality_threshold == 0.9
192	

--------------------------------------------------
>> Issue: [B101:assert_used] Use of assert detected. The enclosed code will be removed when compiling to optimised byte code.
   Severity: Low   Confidence: High
   CWE: CWE-703 (https://cwe.mitre.org/data/definitions/703.html)
   More Info: https://bandit.readthedocs.io/en/1.8.6/plugins/b101_assert_used.html
   Location: ./tests/test_steering.py:203:8
202	        # quality=0.5*0.4+0.5*0.2=0.3, clarity=0.5*0.2+0.5*0.1=0.15, consistency=0.5*0.2=0.1
203	        assert abs(result - 0.55) < 1e-9
204	

--------------------------------------------------
>> Issue: [B101:assert_used] Use of assert detected. The enclosed code will be removed when compiling to optimised byte code.
   Severity: Low   Confidence: High
   CWE: CWE-703 (https://cwe.mitre.org/data/definitions/703.html)
   More Info: https://bandit.readthedocs.io/en/1.8.6/plugins/b101_assert_used.html
   Location: ./tests/test_steering.py:211:8
210	        # quality = 1.0*0.4 = 0.4, rest=0
211	        assert abs(result - 0.4) < 1e-9
212	

--------------------------------------------------
>> Issue: [B101:assert_used] Use of assert detected. The enclosed code will be removed when compiling to optimised byte code.
   Severity: Low   Confidence: High
   CWE: CWE-703 (https://cwe.mitre.org/data/definitions/703.html)
   More Info: https://bandit.readthedocs.io/en/1.8.6/plugins/b101_assert_used.html
   Location: ./tests/test_steering.py:217:8
216	        sb = loop._compute_weighted_score(_SCORES_A_HIGH["B"])
217	        assert sa > sb
218	

--------------------------------------------------
>> Issue: [B101:assert_used] Use of assert detected. The enclosed code will be removed when compiling to optimised byte code.
   Severity: Low   Confidence: High
   CWE: CWE-703 (https://cwe.mitre.org/data/definitions/703.html)
   More Info: https://bandit.readthedocs.io/en/1.8.6/plugins/b101_assert_used.html
   Location: ./tests/test_steering.py:222:8
221	        result = loop._compute_weighted_score({})   # all missing
222	        assert abs(result - 0.55) < 1e-9
223	

--------------------------------------------------
>> Issue: [B101:assert_used] Use of assert detected. The enclosed code will be removed when compiling to optimised byte code.
   Severity: Low   Confidence: High
   CWE: CWE-703 (https://cwe.mitre.org/data/definitions/703.html)
   More Info: https://bandit.readthedocs.io/en/1.8.6/plugins/b101_assert_used.html
   Location: ./tests/test_steering.py:233:8
232	        loop._update_stage(1)
233	        assert loop.stage == IterationStage.EXPLORATION
234	

--------------------------------------------------
>> Issue: [B101:assert_used] Use of assert detected. The enclosed code will be removed when compiling to optimised byte code.
   Severity: Low   Confidence: High
   CWE: CWE-703 (https://cwe.mitre.org/data/definitions/703.html)
   More Info: https://bandit.readthedocs.io/en/1.8.6/plugins/b101_assert_used.html
   Location: ./tests/test_steering.py:239:8
238	        loop._update_stage(2)
239	        assert loop.stage == IterationStage.EXPLORATION
240	

--------------------------------------------------
>> Issue: [B101:assert_used] Use of assert detected. The enclosed code will be removed when compiling to optimised byte code.
   Severity: Low   Confidence: High
   CWE: CWE-703 (https://cwe.mitre.org/data/definitions/703.html)
   More Info: https://bandit.readthedocs.io/en/1.8.6/plugins/b101_assert_used.html
   Location: ./tests/test_steering.py:245:8
244	        loop._update_stage(3)
245	        assert loop.stage == IterationStage.COMPETITION
246	

--------------------------------------------------
>> Issue: [B101:assert_used] Use of assert detected. The enclosed code will be removed when compiling to optimised byte code.
   Severity: Low   Confidence: High
   CWE: CWE-703 (https://cwe.mitre.org/data/definitions/703.html)
   More Info: https://bandit.readthedocs.io/en/1.8.6/plugins/b101_assert_used.html
   Location: ./tests/test_steering.py:251:8
250	        loop._update_stage(4)
251	        assert loop.stage == IterationStage.CONVERGENCE
252	

--------------------------------------------------
>> Issue: [B101:assert_used] Use of assert detected. The enclosed code will be removed when compiling to optimised byte code.
   Severity: Low   Confidence: High
   CWE: CWE-703 (https://cwe.mitre.org/data/definitions/703.html)
   More Info: https://bandit.readthedocs.io/en/1.8.6/plugins/b101_assert_used.html
   Location: ./tests/test_steering.py:257:8
256	        loop._update_stage(5)
257	        assert loop.stage == IterationStage.CONVERGENCE
258	

--------------------------------------------------
>> Issue: [B101:assert_used] Use of assert detected. The enclosed code will be removed when compiling to optimised byte code.
   Severity: Low   Confidence: High
   CWE: CWE-703 (https://cwe.mitre.org/data/definitions/703.html)
   More Info: https://bandit.readthedocs.io/en/1.8.6/plugins/b101_assert_used.html
   Location: ./tests/test_steering.py:266:8
265	        loop = _loop()
266	        assert loop._calc_convergence_score() == 1.0
267	

--------------------------------------------------
>> Issue: [B101:assert_used] Use of assert detected. The enclosed code will be removed when compiling to optimised byte code.
   Severity: Low   Confidence: High
   CWE: CWE-703 (https://cwe.mitre.org/data/definitions/703.html)
   More Info: https://bandit.readthedocs.io/en/1.8.6/plugins/b101_assert_used.html
   Location: ./tests/test_steering.py:272:8
271	        # After 1 iteration, len < 2 so returns 1.0
272	        assert loop._calc_convergence_score() == 1.0
273	

--------------------------------------------------
>> Issue: [B101:assert_used] Use of assert detected. The enclosed code will be removed when compiling to optimised byte code.
   Severity: Low   Confidence: High
   CWE: CWE-703 (https://cwe.mitre.org/data/definitions/703.html)
   More Info: https://bandit.readthedocs.io/en/1.8.6/plugins/b101_assert_used.html
   Location: ./tests/test_steering.py:279:8
278	        score = loop._calc_convergence_score()
279	        assert 0.0 <= score <= 1.0
280	

--------------------------------------------------
>> Issue: [B101:assert_used] Use of assert detected. The enclosed code will be removed when compiling to optimised byte code.
   Severity: Low   Confidence: High
   CWE: CWE-703 (https://cwe.mitre.org/data/definitions/703.html)
   More Info: https://bandit.readthedocs.io/en/1.8.6/plugins/b101_assert_used.html
   Location: ./tests/test_steering.py:287:8
286	        # near-equal scores → small delta → small convergence score
287	        assert score < 0.5
288	

--------------------------------------------------
>> Issue: [B101:assert_used] Use of assert detected. The enclosed code will be removed when compiling to optimised byte code.
   Severity: Low   Confidence: High
   CWE: CWE-703 (https://cwe.mitre.org/data/definitions/703.html)
   More Info: https://bandit.readthedocs.io/en/1.8.6/plugins/b101_assert_used.html
   Location: ./tests/test_steering.py:298:8
297	        r = loop.iterate(_OUT_A, _OUT_B)
298	        assert isinstance(r, IterationResult)
299	

--------------------------------------------------
>> Issue: [B101:assert_used] Use of assert detected. The enclosed code will be removed when compiling to optimised byte code.
   Severity: Low   Confidence: High
   CWE: CWE-703 (https://cwe.mitre.org/data/definitions/703.html)
   More Info: https://bandit.readthedocs.io/en/1.8.6/plugins/b101_assert_used.html
   Location: ./tests/test_steering.py:304:8
303	        r2 = loop.iterate(_OUT_A, _OUT_B)
304	        assert r1.iteration == 1
305	        assert r2.iteration == 2

--------------------------------------------------
>> Issue: [B101:assert_used] Use of assert detected. The enclosed code will be removed when compiling to optimised byte code.
   Severity: Low   Confidence: High
   CWE: CWE-703 (https://cwe.mitre.org/data/definitions/703.html)
   More Info: https://bandit.readthedocs.io/en/1.8.6/plugins/b101_assert_used.html
   Location: ./tests/test_steering.py:305:8
304	        assert r1.iteration == 1
305	        assert r2.iteration == 2
306	

--------------------------------------------------
>> Issue: [B101:assert_used] Use of assert detected. The enclosed code will be removed when compiling to optimised byte code.
   Severity: Low   Confidence: High
   CWE: CWE-703 (https://cwe.mitre.org/data/definitions/703.html)
   More Info: https://bandit.readthedocs.io/en/1.8.6/plugins/b101_assert_used.html
   Location: ./tests/test_steering.py:310:8
309	        r = loop.iterate(_OUT_A, _OUT_B)
310	        assert r.winner == "A"
311	

--------------------------------------------------
>> Issue: [B101:assert_used] Use of assert detected. The enclosed code will be removed when compiling to optimised byte code.
   Severity: Low   Confidence: High
   CWE: CWE-703 (https://cwe.mitre.org/data/definitions/703.html)
   More Info: https://bandit.readthedocs.io/en/1.8.6/plugins/b101_assert_used.html
   Location: ./tests/test_steering.py:315:8
314	        r = loop.iterate(_OUT_A, _OUT_B)
315	        assert r.winner == "B"
316	

--------------------------------------------------
>> Issue: [B101:assert_used] Use of assert detected. The enclosed code will be removed when compiling to optimised byte code.
   Severity: Low   Confidence: High
   CWE: CWE-703 (https://cwe.mitre.org/data/definitions/703.html)
   More Info: https://bandit.readthedocs.io/en/1.8.6/plugins/b101_assert_used.html
   Location: ./tests/test_steering.py:320:8
319	        r = loop.iterate(_OUT_A, _OUT_B)
320	        assert r.score_delta >= 0.0
321	

--------------------------------------------------
>> Issue: [B101:assert_used] Use of assert detected. The enclosed code will be removed when compiling to optimised byte code.
   Severity: Low   Confidence: High
   CWE: CWE-703 (https://cwe.mitre.org/data/definitions/703.html)
   More Info: https://bandit.readthedocs.io/en/1.8.6/plugins/b101_assert_used.html
   Location: ./tests/test_steering.py:326:8
325	        loop.iterate(_OUT_A, _OUT_B)
326	        assert isinstance(loop.best_output, ScoredOutput)
327	

--------------------------------------------------
>> Issue: [B101:assert_used] Use of assert detected. The enclosed code will be removed when compiling to optimised byte code.
   Severity: Low   Confidence: High
   CWE: CWE-703 (https://cwe.mitre.org/data/definitions/703.html)
   More Info: https://bandit.readthedocs.io/en/1.8.6/plugins/b101_assert_used.html
   Location: ./tests/test_steering.py:344:8
343	        # best should remain the high score
344	        assert loop.best_output.total_score >= first_best
345	

--------------------------------------------------
>> Issue: [B101:assert_used] Use of assert detected. The enclosed code will be removed when compiling to optimised byte code.
   Severity: Low   Confidence: High
   CWE: CWE-703 (https://cwe.mitre.org/data/definitions/703.html)
   More Info: https://bandit.readthedocs.io/en/1.8.6/plugins/b101_assert_used.html
   Location: ./tests/test_steering.py:349:8
348	        r = loop.iterate(_OUT_A, _OUT_B)
349	        assert r.feedback.get("direction") == "prefer_A"
350	

--------------------------------------------------
>> Issue: [B101:assert_used] Use of assert detected. The enclosed code will be removed when compiling to optimised byte code.
   Severity: Low   Confidence: High
   CWE: CWE-703 (https://cwe.mitre.org/data/definitions/703.html)
   More Info: https://bandit.readthedocs.io/en/1.8.6/plugins/b101_assert_used.html
   Location: ./tests/test_steering.py:355:8
354	        r = loop.iterate(_OUT_A, _OUT_B)
355	        assert isinstance(r.best_so_far, ScoredOutput)
356	

--------------------------------------------------
>> Issue: [B101:assert_used] Use of assert detected. The enclosed code will be removed when compiling to optimised byte code.
   Severity: Low   Confidence: High
   CWE: CWE-703 (https://cwe.mitre.org/data/definitions/703.html)
   More Info: https://bandit.readthedocs.io/en/1.8.6/plugins/b101_assert_used.html
   Location: ./tests/test_steering.py:361:8
360	        r = loop.iterate(_OUT_A, _OUT_B)
361	        assert r.stage == IterationStage.EXPLORATION
362	

--------------------------------------------------
>> Issue: [B101:assert_used] Use of assert detected. The enclosed code will be removed when compiling to optimised byte code.
   Severity: Low   Confidence: High
   CWE: CWE-703 (https://cwe.mitre.org/data/definitions/703.html)
   More Info: https://bandit.readthedocs.io/en/1.8.6/plugins/b101_assert_used.html
   Location: ./tests/test_steering.py:366:8
365	        r = loop.iterate("text A", "text B")
366	        assert r.iteration == 1
367	

--------------------------------------------------
>> Issue: [B101:assert_used] Use of assert detected. The enclosed code will be removed when compiling to optimised byte code.
   Severity: Low   Confidence: High
   CWE: CWE-703 (https://cwe.mitre.org/data/definitions/703.html)
   More Info: https://bandit.readthedocs.io/en/1.8.6/plugins/b101_assert_used.html
   Location: ./tests/test_steering.py:377:8
376	        cont, reason = loop.should_continue()
377	        assert cont is True
378	        assert reason == "min_iterations_not_reached"

--------------------------------------------------
>> Issue: [B101:assert_used] Use of assert detected. The enclosed code will be removed when compiling to optimised byte code.
   Severity: Low   Confidence: High
   CWE: CWE-703 (https://cwe.mitre.org/data/definitions/703.html)
   More Info: https://bandit.readthedocs.io/en/1.8.6/plugins/b101_assert_used.html
   Location: ./tests/test_steering.py:378:8
377	        assert cont is True
378	        assert reason == "min_iterations_not_reached"
379	

--------------------------------------------------
>> Issue: [B101:assert_used] Use of assert detected. The enclosed code will be removed when compiling to optimised byte code.
   Severity: Low   Confidence: High
   CWE: CWE-703 (https://cwe.mitre.org/data/definitions/703.html)
   More Info: https://bandit.readthedocs.io/en/1.8.6/plugins/b101_assert_used.html
   Location: ./tests/test_steering.py:387:8
386	        # best_score=0.90 >= quality_threshold=0.85
387	        assert cont is False
388	        assert reason == "quality_threshold_reached"

--------------------------------------------------
>> Issue: [B101:assert_used] Use of assert detected. The enclosed code will be removed when compiling to optimised byte code.
   Severity: Low   Confidence: High
   CWE: CWE-703 (https://cwe.mitre.org/data/definitions/703.html)
   More Info: https://bandit.readthedocs.io/en/1.8.6/plugins/b101_assert_used.html
   Location: ./tests/test_steering.py:388:8
387	        assert cont is False
388	        assert reason == "quality_threshold_reached"
389	

--------------------------------------------------
>> Issue: [B101:assert_used] Use of assert detected. The enclosed code will be removed when compiling to optimised byte code.
   Severity: Low   Confidence: High
   CWE: CWE-703 (https://cwe.mitre.org/data/definitions/703.html)
   More Info: https://bandit.readthedocs.io/en/1.8.6/plugins/b101_assert_used.html
   Location: ./tests/test_steering.py:396:8
395	        cont, reason = loop.should_continue()
396	        assert cont is False
397	        assert reason == "max_iterations_reached"

--------------------------------------------------
>> Issue: [B101:assert_used] Use of assert detected. The enclosed code will be removed when compiling to optimised byte code.
   Severity: Low   Confidence: High
   CWE: CWE-703 (https://cwe.mitre.org/data/definitions/703.html)
   More Info: https://bandit.readthedocs.io/en/1.8.6/plugins/b101_assert_used.html
   Location: ./tests/test_steering.py:397:8
396	        assert cont is False
397	        assert reason == "max_iterations_reached"
398	

--------------------------------------------------
>> Issue: [B101:assert_used] Use of assert detected. The enclosed code will be removed when compiling to optimised byte code.
   Severity: Low   Confidence: High
   CWE: CWE-703 (https://cwe.mitre.org/data/definitions/703.html)
   More Info: https://bandit.readthedocs.io/en/1.8.6/plugins/b101_assert_used.html
   Location: ./tests/test_steering.py:417:8
416	        cont, reason = loop.should_continue()
417	        assert cont is False
418	        assert reason == "converged"

--------------------------------------------------
>> Issue: [B101:assert_used] Use of assert detected. The enclosed code will be removed when compiling to optimised byte code.
   Severity: Low   Confidence: High
   CWE: CWE-703 (https://cwe.mitre.org/data/definitions/703.html)
   More Info: https://bandit.readthedocs.io/en/1.8.6/plugins/b101_assert_used.html
   Location: ./tests/test_steering.py:418:8
417	        assert cont is False
418	        assert reason == "converged"
419	

--------------------------------------------------
>> Issue: [B101:assert_used] Use of assert detected. The enclosed code will be removed when compiling to optimised byte code.
   Severity: Low   Confidence: High
   CWE: CWE-703 (https://cwe.mitre.org/data/definitions/703.html)
   More Info: https://bandit.readthedocs.io/en/1.8.6/plugins/b101_assert_used.html
   Location: ./tests/test_steering.py:433:8
432	        cont, reason = loop.should_continue()
433	        assert cont is True
434	        assert reason == "continue_iterating"

--------------------------------------------------
>> Issue: [B101:assert_used] Use of assert detected. The enclosed code will be removed when compiling to optimised byte code.
   Severity: Low   Confidence: High
   CWE: CWE-703 (https://cwe.mitre.org/data/definitions/703.html)
   More Info: https://bandit.readthedocs.io/en/1.8.6/plugins/b101_assert_used.html
   Location: ./tests/test_steering.py:434:8
433	        assert cont is True
434	        assert reason == "continue_iterating"
435	

--------------------------------------------------
>> Issue: [B101:assert_used] Use of assert detected. The enclosed code will be removed when compiling to optimised byte code.
   Severity: Low   Confidence: High
   CWE: CWE-703 (https://cwe.mitre.org/data/definitions/703.html)
   More Info: https://bandit.readthedocs.io/en/1.8.6/plugins/b101_assert_used.html
   Location: ./tests/test_steering.py:446:8
445	        loop.iterate(_OUT_A, _OUT_B)
446	        assert Path(dest).exists()
447	        data = json.loads(Path(dest).read_text())

--------------------------------------------------
>> Issue: [B101:assert_used] Use of assert detected. The enclosed code will be removed when compiling to optimised byte code.
   Severity: Low   Confidence: High
   CWE: CWE-703 (https://cwe.mitre.org/data/definitions/703.html)
   More Info: https://bandit.readthedocs.io/en/1.8.6/plugins/b101_assert_used.html
   Location: ./tests/test_steering.py:448:8
447	        data = json.loads(Path(dest).read_text())
448	        assert "iterations" in data
449	        assert len(data["iterations"]) == 1

--------------------------------------------------
>> Issue: [B101:assert_used] Use of assert detected. The enclosed code will be removed when compiling to optimised byte code.
   Severity: Low   Confidence: High
   CWE: CWE-703 (https://cwe.mitre.org/data/definitions/703.html)
   More Info: https://bandit.readthedocs.io/en/1.8.6/plugins/b101_assert_used.html
   Location: ./tests/test_steering.py:449:8
448	        assert "iterations" in data
449	        assert len(data["iterations"]) == 1
450	

--------------------------------------------------
>> Issue: [B101:assert_used] Use of assert detected. The enclosed code will be removed when compiling to optimised byte code.
   Severity: Low   Confidence: High
   CWE: CWE-703 (https://cwe.mitre.org/data/definitions/703.html)
   More Info: https://bandit.readthedocs.io/en/1.8.6/plugins/b101_assert_used.html
   Location: ./tests/test_steering.py:455:8
454	        # No file created anywhere under tmp_path
455	        assert not list(tmp_path.rglob("*.json"))
456	

--------------------------------------------------
>> Issue: [B101:assert_used] Use of assert detected. The enclosed code will be removed when compiling to optimised byte code.
   Severity: Low   Confidence: High
   CWE: CWE-703 (https://cwe.mitre.org/data/definitions/703.html)
   More Info: https://bandit.readthedocs.io/en/1.8.6/plugins/b101_assert_used.html
   Location: ./tests/test_steering.py:464:8
463	        entry = data["iterations"][0]
464	        assert entry["winner"] == "A"
465	        assert "stage" in entry

--------------------------------------------------
>> Issue: [B101:assert_used] Use of assert detected. The enclosed code will be removed when compiling to optimised byte code.
   Severity: Low   Confidence: High
   CWE: CWE-703 (https://cwe.mitre.org/data/definitions/703.html)
   More Info: https://bandit.readthedocs.io/en/1.8.6/plugins/b101_assert_used.html
   Location: ./tests/test_steering.py:465:8
464	        assert entry["winner"] == "A"
465	        assert "stage" in entry
466	

--------------------------------------------------
>> Issue: [B101:assert_used] Use of assert detected. The enclosed code will be removed when compiling to optimised byte code.
   Severity: Low   Confidence: High
   CWE: CWE-703 (https://cwe.mitre.org/data/definitions/703.html)
   More Info: https://bandit.readthedocs.io/en/1.8.6/plugins/b101_assert_used.html
   Location: ./tests/test_steering.py:475:8
474	        s = loop.get_summary()
475	        assert s["total_iterations"] == 0
476	        assert s["final_winner"] is None

--------------------------------------------------
>> Issue: [B101:assert_used] Use of assert detected. The enclosed code will be removed when compiling to optimised byte code.
   Severity: Low   Confidence: High
   CWE: CWE-703 (https://cwe.mitre.org/data/definitions/703.html)
   More Info: https://bandit.readthedocs.io/en/1.8.6/plugins/b101_assert_used.html
   Location: ./tests/test_steering.py:476:8
475	        assert s["total_iterations"] == 0
476	        assert s["final_winner"] is None
477	        assert s["best_score"] is None

--------------------------------------------------
>> Issue: [B101:assert_used] Use of assert detected. The enclosed code will be removed when compiling to optimised byte code.
   Severity: Low   Confidence: High
   CWE: CWE-703 (https://cwe.mitre.org/data/definitions/703.html)
   More Info: https://bandit.readthedocs.io/en/1.8.6/plugins/b101_assert_used.html
   Location: ./tests/test_steering.py:477:8
476	        assert s["final_winner"] is None
477	        assert s["best_score"] is None
478	

--------------------------------------------------
>> Issue: [B101:assert_used] Use of assert detected. The enclosed code will be removed when compiling to optimised byte code.
   Severity: Low   Confidence: High
   CWE: CWE-703 (https://cwe.mitre.org/data/definitions/703.html)
   More Info: https://bandit.readthedocs.io/en/1.8.6/plugins/b101_assert_used.html
   Location: ./tests/test_steering.py:483:8
482	        s = loop.get_summary()
483	        assert s["total_iterations"] == 1
484	        assert s["final_winner"] in ("A", "B")

--------------------------------------------------
>> Issue: [B101:assert_used] Use of assert detected. The enclosed code will be removed when compiling to optimised byte code.
   Severity: Low   Confidence: High
   CWE: CWE-703 (https://cwe.mitre.org/data/definitions/703.html)
   More Info: https://bandit.readthedocs.io/en/1.8.6/plugins/b101_assert_used.html
   Location: ./tests/test_steering.py:484:8
483	        assert s["total_iterations"] == 1
484	        assert s["final_winner"] in ("A", "B")
485	        assert s["best_score"] is not None

--------------------------------------------------
>> Issue: [B101:assert_used] Use of assert detected. The enclosed code will be removed when compiling to optimised byte code.
   Severity: Low   Confidence: High
   CWE: CWE-703 (https://cwe.mitre.org/data/definitions/703.html)
   More Info: https://bandit.readthedocs.io/en/1.8.6/plugins/b101_assert_used.html
   Location: ./tests/test_steering.py:485:8
484	        assert s["final_winner"] in ("A", "B")
485	        assert s["best_score"] is not None
486	

--------------------------------------------------
>> Issue: [B101:assert_used] Use of assert detected. The enclosed code will be removed when compiling to optimised byte code.
   Severity: Low   Confidence: High
   CWE: CWE-703 (https://cwe.mitre.org/data/definitions/703.html)
   More Info: https://bandit.readthedocs.io/en/1.8.6/plugins/b101_assert_used.html
   Location: ./tests/test_steering.py:490:8
489	        s = loop.get_summary()
490	        assert isinstance(s["should_continue"], bool)
491	

--------------------------------------------------
>> Issue: [B101:assert_used] Use of assert detected. The enclosed code will be removed when compiling to optimised byte code.
   Severity: Low   Confidence: High
   CWE: CWE-703 (https://cwe.mitre.org/data/definitions/703.html)
   More Info: https://bandit.readthedocs.io/en/1.8.6/plugins/b101_assert_used.html
   Location: ./tests/test_steering.py:501:8
500	        result = loop.run_until_converge(lambda: (_OUT_A, _OUT_B))
501	        assert isinstance(result, IterationResult)
502	

--------------------------------------------------
>> Issue: [B101:assert_used] Use of assert detected. The enclosed code will be removed when compiling to optimised byte code.
   Severity: Low   Confidence: High
   CWE: CWE-703 (https://cwe.mitre.org/data/definitions/703.html)
   More Info: https://bandit.readthedocs.io/en/1.8.6/plugins/b101_assert_used.html
   Location: ./tests/test_steering.py:507:8
506	        loop.run_until_converge(lambda: (_OUT_A, _OUT_B))
507	        assert len(loop.iterations) <= loop.config.max_iterations
508	

--------------------------------------------------
>> Issue: [B101:assert_used] Use of assert detected. The enclosed code will be removed when compiling to optimised byte code.
   Severity: Low   Confidence: High
   CWE: CWE-703 (https://cwe.mitre.org/data/definitions/703.html)
   More Info: https://bandit.readthedocs.io/en/1.8.6/plugins/b101_assert_used.html
   Location: ./tests/test_steering.py:514:8
513	        loop.run_until_converge(lambda: (_OUT_A, _OUT_B), max_rounds=2)
514	        assert len(loop.iterations) == 2
515	

--------------------------------------------------
>> Issue: [B101:assert_used] Use of assert detected. The enclosed code will be removed when compiling to optimised byte code.
   Severity: Low   Confidence: High
   CWE: CWE-703 (https://cwe.mitre.org/data/definitions/703.html)
   More Info: https://bandit.readthedocs.io/en/1.8.6/plugins/b101_assert_used.html
   Location: ./tests/test_steering.py:523:8
522	        loop.run_until_converge(pair_fn)
523	        assert counter[0] >= 1
524	

--------------------------------------------------
>> Issue: [B108:hardcoded_tmp_directory] Probable insecure usage of temp file/directory.
   Severity: Medium   Confidence: Medium
   CWE: CWE-377 (https://cwe.mitre.org/data/definitions/377.html)
   More Info: https://bandit.readthedocs.io/en/1.8.6/plugins/b108_hardcoded_tmp_directory.html
   Location: ./tests/test_steering.py:552:36
551	        from steering.integrations import SteeringBVSIntegrator
552	        bvs = SteeringBVSIntegrator("/tmp", self._bvs_runner(passed=True, violations=0))
553	        result = bvs.check_phase_invariants(self._steering_result(), {})

--------------------------------------------------
>> Issue: [B101:assert_used] Use of assert detected. The enclosed code will be removed when compiling to optimised byte code.
   Severity: Low   Confidence: High
   CWE: CWE-703 (https://cwe.mitre.org/data/definitions/703.html)
   More Info: https://bandit.readthedocs.io/en/1.8.6/plugins/b101_assert_used.html
   Location: ./tests/test_steering.py:554:8
553	        result = bvs.check_phase_invariants(self._steering_result(), {})
554	        assert result.hr_compliant is True
555	

--------------------------------------------------
>> Issue: [B108:hardcoded_tmp_directory] Probable insecure usage of temp file/directory.
   Severity: Medium   Confidence: Medium
   CWE: CWE-377 (https://cwe.mitre.org/data/definitions/377.html)
   More Info: https://bandit.readthedocs.io/en/1.8.6/plugins/b108_hardcoded_tmp_directory.html
   Location: ./tests/test_steering.py:558:36
557	        from steering.integrations import SteeringBVSIntegrator
558	        bvs = SteeringBVSIntegrator("/tmp", self._bvs_runner(passed=False, violations=3))
559	        result = bvs.check_phase_invariants(self._steering_result(), {})

--------------------------------------------------
>> Issue: [B101:assert_used] Use of assert detected. The enclosed code will be removed when compiling to optimised byte code.
   Severity: Low   Confidence: High
   CWE: CWE-703 (https://cwe.mitre.org/data/definitions/703.html)
   More Info: https://bandit.readthedocs.io/en/1.8.6/plugins/b101_assert_used.html
   Location: ./tests/test_steering.py:560:8
559	        result = bvs.check_phase_invariants(self._steering_result(), {})
560	        assert result.hr_compliant is False
561	

--------------------------------------------------
>> Issue: [B108:hardcoded_tmp_directory] Probable insecure usage of temp file/directory.
   Severity: Medium   Confidence: Medium
   CWE: CWE-377 (https://cwe.mitre.org/data/definitions/377.html)
   More Info: https://bandit.readthedocs.io/en/1.8.6/plugins/b108_hardcoded_tmp_directory.html
   Location: ./tests/test_steering.py:564:36
563	        from steering.integrations import SteeringBVSIntegrator
564	        bvs = SteeringBVSIntegrator("/tmp", self._bvs_runner(passed=False, violations=2))
565	        result = bvs.check_phase_invariants(self._steering_result(), {})

--------------------------------------------------
>> Issue: [B101:assert_used] Use of assert detected. The enclosed code will be removed when compiling to optimised byte code.
   Severity: Low   Confidence: High
   CWE: CWE-703 (https://cwe.mitre.org/data/definitions/703.html)
   More Info: https://bandit.readthedocs.io/en/1.8.6/plugins/b101_assert_used.html
   Location: ./tests/test_steering.py:566:8
565	        result = bvs.check_phase_invariants(self._steering_result(), {})
566	        assert any("BVS" in v for v in result.violations)
567	

--------------------------------------------------
>> Issue: [B108:hardcoded_tmp_directory] Probable insecure usage of temp file/directory.
   Severity: Medium   Confidence: Medium
   CWE: CWE-377 (https://cwe.mitre.org/data/definitions/377.html)
   More Info: https://bandit.readthedocs.io/en/1.8.6/plugins/b108_hardcoded_tmp_directory.html
   Location: ./tests/test_steering.py:570:36
569	        from steering.integrations import SteeringBVSIntegrator
570	        bvs = SteeringBVSIntegrator("/tmp", self._bvs_runner(passed=True))
571	        result = bvs.check_phase_invariants(self._steering_result(), {})

--------------------------------------------------
>> Issue: [B101:assert_used] Use of assert detected. The enclosed code will be removed when compiling to optimised byte code.
   Severity: Low   Confidence: High
   CWE: CWE-703 (https://cwe.mitre.org/data/definitions/703.html)
   More Info: https://bandit.readthedocs.io/en/1.8.6/plugins/b101_assert_used.html
   Location: ./tests/test_steering.py:572:8
571	        result = bvs.check_phase_invariants(self._steering_result(), {})
572	        assert "bvs_violations" in result.metrics
573	        assert "steering_iterations" in result.metrics

--------------------------------------------------
>> Issue: [B101:assert_used] Use of assert detected. The enclosed code will be removed when compiling to optimised byte code.
   Severity: Low   Confidence: High
   CWE: CWE-703 (https://cwe.mitre.org/data/definitions/703.html)
   More Info: https://bandit.readthedocs.io/en/1.8.6/plugins/b101_assert_used.html
   Location: ./tests/test_steering.py:573:8
572	        assert "bvs_violations" in result.metrics
573	        assert "steering_iterations" in result.metrics
574	

--------------------------------------------------
>> Issue: [B108:hardcoded_tmp_directory] Probable insecure usage of temp file/directory.
   Severity: Medium   Confidence: Medium
   CWE: CWE-377 (https://cwe.mitre.org/data/definitions/377.html)
   More Info: https://bandit.readthedocs.io/en/1.8.6/plugins/b108_hardcoded_tmp_directory.html
   Location: ./tests/test_steering.py:577:36
576	        from steering.integrations import SteeringBVSIntegrator
577	        bvs = SteeringBVSIntegrator("/tmp", self._bvs_runner(passed=True))
578	        result = bvs.check_phase_invariants(self._steering_result(winner="A"), {})

--------------------------------------------------
>> Issue: [B101:assert_used] Use of assert detected. The enclosed code will be removed when compiling to optimised byte code.
   Severity: Low   Confidence: High
   CWE: CWE-703 (https://cwe.mitre.org/data/definitions/703.html)
   More Info: https://bandit.readthedocs.io/en/1.8.6/plugins/b101_assert_used.html
   Location: ./tests/test_steering.py:579:8
578	        result = bvs.check_phase_invariants(self._steering_result(winner="A"), {})
579	        assert result.details["steering_winner"] == "A"
580	

--------------------------------------------------
>> Issue: [B108:hardcoded_tmp_directory] Probable insecure usage of temp file/directory.
   Severity: Medium   Confidence: Medium
   CWE: CWE-377 (https://cwe.mitre.org/data/definitions/377.html)
   More Info: https://bandit.readthedocs.io/en/1.8.6/plugins/b108_hardcoded_tmp_directory.html
   Location: ./tests/test_steering.py:583:36
582	        from steering.integrations import SteeringBVSIntegrator
583	        bvs = SteeringBVSIntegrator("/tmp", self._bvs_runner(passed=True))
584	        # convergence_score=0.5 > 0.10 threshold

--------------------------------------------------
>> Issue: [B101:assert_used] Use of assert detected. The enclosed code will be removed when compiling to optimised byte code.
   Severity: Low   Confidence: High
   CWE: CWE-703 (https://cwe.mitre.org/data/definitions/703.html)
   More Info: https://bandit.readthedocs.io/en/1.8.6/plugins/b101_assert_used.html
   Location: ./tests/test_steering.py:586:8
585	        result = bvs.check_phase_invariants(self._steering_result(convergence=0.5), {})
586	        assert result.hr_compliant is False
587	

--------------------------------------------------
>> Issue: [B101:assert_used] Use of assert detected. The enclosed code will be removed when compiling to optimised byte code.
   Severity: Low   Confidence: High
   CWE: CWE-703 (https://cwe.mitre.org/data/definitions/703.html)
   More Info: https://bandit.readthedocs.io/en/1.8.6/plugins/b101_assert_used.html
   Location: ./tests/test_steering.py:606:8
605	        # Should not raise; hr_compliant depends on violations
606	        assert hasattr(result, "hr_compliant")
607	

--------------------------------------------------
>> Issue: [B101:assert_used] Use of assert detected. The enclosed code will be removed when compiling to optimised byte code.
   Severity: Low   Confidence: High
   CWE: CWE-703 (https://cwe.mitre.org/data/definitions/703.html)
   More Info: https://bandit.readthedocs.io/en/1.8.6/plugins/b101_assert_used.html
   Location: ./tests/test_steering.py:611:8
610	        result = intg.check_output_compliance(12345, phase=1)
611	        assert result.hr_compliant is False
612	        assert any("TypeError" in v for v in result.violations)

--------------------------------------------------
>> Issue: [B101:assert_used] Use of assert detected. The enclosed code will be removed when compiling to optimised byte code.
   Severity: Low   Confidence: High
   CWE: CWE-703 (https://cwe.mitre.org/data/definitions/703.html)
   More Info: https://bandit.readthedocs.io/en/1.8.6/plugins/b101_assert_used.html
   Location: ./tests/test_steering.py:612:8
611	        assert result.hr_compliant is False
612	        assert any("TypeError" in v for v in result.violations)
613	

--------------------------------------------------
>> Issue: [B101:assert_used] Use of assert detected. The enclosed code will be removed when compiling to optimised byte code.
   Severity: Low   Confidence: High
   CWE: CWE-703 (https://cwe.mitre.org/data/definitions/703.html)
   More Info: https://bandit.readthedocs.io/en/1.8.6/plugins/b101_assert_used.html
   Location: ./tests/test_steering.py:618:8
617	        result = intg.check_output_compliance({"text": "short"}, phase=1)
618	        assert not any("HR-07" in v for v in result.violations)
619	

--------------------------------------------------
>> Issue: [B101:assert_used] Use of assert detected. The enclosed code will be removed when compiling to optimised byte code.
   Severity: Low   Confidence: High
   CWE: CWE-703 (https://cwe.mitre.org/data/definitions/703.html)
   More Info: https://bandit.readthedocs.io/en/1.8.6/plugins/b101_assert_used.html
   Location: ./tests/test_steering.py:624:8
623	        result = intg.check_output_compliance(long_output, phase=1)
624	        assert any("HR-07" in v for v in result.violations)
625	

--------------------------------------------------
>> Issue: [B101:assert_used] Use of assert detected. The enclosed code will be removed when compiling to optimised byte code.
   Severity: Low   Confidence: High
   CWE: CWE-703 (https://cwe.mitre.org/data/definitions/703.html)
   More Info: https://bandit.readthedocs.io/en/1.8.6/plugins/b101_assert_used.html
   Location: ./tests/test_steering.py:630:8
629	        result = intg.check_output_compliance({"text": "text"}, phase=1)
630	        assert not any("HR-09" in v for v in result.violations)
631	

--------------------------------------------------
>> Issue: [B101:assert_used] Use of assert detected. The enclosed code will be removed when compiling to optimised byte code.
   Severity: Low   Confidence: High
   CWE: CWE-703 (https://cwe.mitre.org/data/definitions/703.html)
   More Info: https://bandit.readthedocs.io/en/1.8.6/plugins/b101_assert_used.html
   Location: ./tests/test_steering.py:636:8
635	        result = intg.check_output_compliance({"text": "text"}, phase=1)
636	        assert any("HR-09" in v for v in result.violations)
637	

--------------------------------------------------
>> Issue: [B101:assert_used] Use of assert detected. The enclosed code will be removed when compiling to optimised byte code.
   Severity: Low   Confidence: High
   CWE: CWE-703 (https://cwe.mitre.org/data/definitions/703.html)
   More Info: https://bandit.readthedocs.io/en/1.8.6/plugins/b101_assert_used.html
   Location: ./tests/test_steering.py:641:8
640	        result = intg.check_output_compliance({"text": "text"}, phase=3)
641	        assert any("HR-15" in w for w in result.warnings)
642	

--------------------------------------------------
>> Issue: [B101:assert_used] Use of assert detected. The enclosed code will be removed when compiling to optimised byte code.
   Severity: Low   Confidence: High
   CWE: CWE-703 (https://cwe.mitre.org/data/definitions/703.html)
   More Info: https://bandit.readthedocs.io/en/1.8.6/plugins/b101_assert_used.html
   Location: ./tests/test_steering.py:646:8
645	        result = intg.check_output_compliance({"text": "text"}, phase=2)
646	        assert not any("HR-15" in w for w in result.warnings)
647	

--------------------------------------------------
>> Issue: [B101:assert_used] Use of assert detected. The enclosed code will be removed when compiling to optimised byte code.
   Severity: Low   Confidence: High
   CWE: CWE-703 (https://cwe.mitre.org/data/definitions/703.html)
   More Info: https://bandit.readthedocs.io/en/1.8.6/plugins/b101_assert_used.html
   Location: ./tests/test_steering.py:651:8
650	        result = intg.check_output_compliance({"text": "text"}, phase=1)
651	        assert result.metrics["citation_count"] == 2
652	

--------------------------------------------------
>> Issue: [B101:assert_used] Use of assert detected. The enclosed code will be removed when compiling to optimised byte code.
   Severity: Low   Confidence: High
   CWE: CWE-703 (https://cwe.mitre.org/data/definitions/703.html)
   More Info: https://bandit.readthedocs.io/en/1.8.6/plugins/b101_assert_used.html
   Location: ./tests/test_steering.py:658:8
657	        )
658	        assert result.hr_compliant is True
659	

--------------------------------------------------
>> Issue: [B101:assert_used] Use of assert detected. The enclosed code will be removed when compiling to optimised byte code.
   Severity: Low   Confidence: High
   CWE: CWE-703 (https://cwe.mitre.org/data/definitions/703.html)
   More Info: https://bandit.readthedocs.io/en/1.8.6/plugins/b101_assert_used.html
   Location: ./tests/test_steering.py:663:8
662	        s = SteeringConstitutionIntegrator(MagicMock(), MagicMock())
663	        assert s._extract_text({"content": "hello"}) == "hello"
664	

--------------------------------------------------
>> Issue: [B101:assert_used] Use of assert detected. The enclosed code will be removed when compiling to optimised byte code.
   Severity: Low   Confidence: High
   CWE: CWE-703 (https://cwe.mitre.org/data/definitions/703.html)
   More Info: https://bandit.readthedocs.io/en/1.8.6/plugins/b101_assert_used.html
   Location: ./tests/test_steering.py:668:8
667	        s = SteeringConstitutionIntegrator(MagicMock(), MagicMock())
668	        assert s._extract_text("raw") == "raw"
669	

--------------------------------------------------
>> Issue: [B101:assert_used] Use of assert detected. The enclosed code will be removed when compiling to optimised byte code.
   Severity: Low   Confidence: High
   CWE: CWE-703 (https://cwe.mitre.org/data/definitions/703.html)
   More Info: https://bandit.readthedocs.io/en/1.8.6/plugins/b101_assert_used.html
   Location: ./tests/test_steering.py:679:8
678	        result = cqg.measure_code_quality({"text": "some text"})
679	        assert result == {"quality": 0.5, "complexity": 0.5, "readability": 0.5}
680	

--------------------------------------------------
>> Issue: [B101:assert_used] Use of assert detected. The enclosed code will be removed when compiling to optimised byte code.
   Severity: Low   Confidence: High
   CWE: CWE-703 (https://cwe.mitre.org/data/definitions/703.html)
   More Info: https://bandit.readthedocs.io/en/1.8.6/plugins/b101_assert_used.html
   Location: ./tests/test_steering.py:686:8
685	        result = cqg.measure_code_quality({"text": "no code blocks here"})
686	        assert result["quality"] == 0.5
687	

--------------------------------------------------
>> Issue: [B101:assert_used] Use of assert detected. The enclosed code will be removed when compiling to optimised byte code.
   Severity: Low   Confidence: High
   CWE: CWE-703 (https://cwe.mitre.org/data/definitions/703.html)
   More Info: https://bandit.readthedocs.io/en/1.8.6/plugins/b101_assert_used.html
   Location: ./tests/test_steering.py:695:8
694	        result = cqg.measure_code_quality({"text": text})
695	        assert result["quality"] == pytest.approx(0.9)
696	        checker.check.assert_called_once()

--------------------------------------------------
>> Issue: [B101:assert_used] Use of assert detected. The enclosed code will be removed when compiling to optimised byte code.
   Severity: Low   Confidence: High
   CWE: CWE-703 (https://cwe.mitre.org/data/definitions/703.html)
   More Info: https://bandit.readthedocs.io/en/1.8.6/plugins/b101_assert_used.html
   Location: ./tests/test_steering.py:705:8
704	        result = cqg.measure_code_quality({"text": text})
705	        assert result["quality"] == pytest.approx(0.5)
706	

--------------------------------------------------
>> Issue: [B101:assert_used] Use of assert detected. The enclosed code will be removed when compiling to optimised byte code.
   Severity: Low   Confidence: High
   CWE: CWE-703 (https://cwe.mitre.org/data/definitions/703.html)
   More Info: https://bandit.readthedocs.io/en/1.8.6/plugins/b101_assert_used.html
   Location: ./tests/test_steering.py:712:8
711	        result = cqg.integrate_cqg_into_steering_score(0.8, {"quality": 1.0})
712	        assert abs(result - 0.83) < 1e-9
713	

--------------------------------------------------
>> Issue: [B101:assert_used] Use of assert detected. The enclosed code will be removed when compiling to optimised byte code.
   Severity: Low   Confidence: High
   CWE: CWE-703 (https://cwe.mitre.org/data/definitions/703.html)
   More Info: https://bandit.readthedocs.io/en/1.8.6/plugins/b101_assert_used.html
   Location: ./tests/test_steering.py:720:8
719	        # 0.8*0.85 + 0.5*0.15 = 0.68 + 0.075 = 0.755
720	        assert abs(result - 0.755) < 1e-9
721	

--------------------------------------------------
>> Issue: [B101:assert_used] Use of assert detected. The enclosed code will be removed when compiling to optimised byte code.
   Severity: Low   Confidence: High
   CWE: CWE-703 (https://cwe.mitre.org/data/definitions/703.html)
   More Info: https://bandit.readthedocs.io/en/1.8.6/plugins/b101_assert_used.html
   Location: ./tests/test_steering.py:725:8
724	        cqg = SteeringCQGIntegrator()
725	        assert cqg._extract_code_blocks("no code here") == []
726	

--------------------------------------------------
>> Issue: [B101:assert_used] Use of assert detected. The enclosed code will be removed when compiling to optimised byte code.
   Severity: Low   Confidence: High
   CWE: CWE-703 (https://cwe.mitre.org/data/definitions/703.html)
   More Info: https://bandit.readthedocs.io/en/1.8.6/plugins/b101_assert_used.html
   Location: ./tests/test_steering.py:732:8
731	        blocks = cqg._extract_code_blocks(text)
732	        assert len(blocks) == 1
733	        assert "x = 1" in blocks[0]

--------------------------------------------------
>> Issue: [B101:assert_used] Use of assert detected. The enclosed code will be removed when compiling to optimised byte code.
   Severity: Low   Confidence: High
   CWE: CWE-703 (https://cwe.mitre.org/data/definitions/703.html)
   More Info: https://bandit.readthedocs.io/en/1.8.6/plugins/b101_assert_used.html
   Location: ./tests/test_steering.py:733:8
732	        assert len(blocks) == 1
733	        assert "x = 1" in blocks[0]
734	

--------------------------------------------------
>> Issue: [B101:assert_used] Use of assert detected. The enclosed code will be removed when compiling to optimised byte code.
   Severity: Low   Confidence: High
   CWE: CWE-703 (https://cwe.mitre.org/data/definitions/703.html)
   More Info: https://bandit.readthedocs.io/en/1.8.6/plugins/b101_assert_used.html
   Location: ./tests/test_steering.py:740:8
739	        blocks = cqg._extract_code_blocks(text)
740	        assert len(blocks) == 2
741	

--------------------------------------------------
>> Issue: [B101:assert_used] Use of assert detected. The enclosed code will be removed when compiling to optimised byte code.
   Severity: Low   Confidence: High
   CWE: CWE-703 (https://cwe.mitre.org/data/definitions/703.html)
   More Info: https://bandit.readthedocs.io/en/1.8.6/plugins/b101_assert_used.html
   Location: ./tests/test_steering.py:751:8
750	        stop, reason = r.should_stop(current_round=5, score_delta=0.5)
751	        assert stop is True
752	        assert reason == "hr12_max_iterations"

--------------------------------------------------
>> Issue: [B101:assert_used] Use of assert detected. The enclosed code will be removed when compiling to optimised byte code.
   Severity: Low   Confidence: High
   CWE: CWE-703 (https://cwe.mitre.org/data/definitions/703.html)
   More Info: https://bandit.readthedocs.io/en/1.8.6/plugins/b101_assert_used.html
   Location: ./tests/test_steering.py:752:8
751	        assert stop is True
752	        assert reason == "hr12_max_iterations"
753	

--------------------------------------------------
>> Issue: [B101:assert_used] Use of assert detected. The enclosed code will be removed when compiling to optimised byte code.
   Severity: Low   Confidence: High
   CWE: CWE-703 (https://cwe.mitre.org/data/definitions/703.html)
   More Info: https://bandit.readthedocs.io/en/1.8.6/plugins/b101_assert_used.html
   Location: ./tests/test_steering.py:758:8
757	        stop, reason = r.should_stop(current_round=2, score_delta=0.0)
758	        assert stop is False
759	        assert reason == "min_rounds_not_reached"

--------------------------------------------------
>> Issue: [B101:assert_used] Use of assert detected. The enclosed code will be removed when compiling to optimised byte code.
   Severity: Low   Confidence: High
   CWE: CWE-703 (https://cwe.mitre.org/data/definitions/703.html)
   More Info: https://bandit.readthedocs.io/en/1.8.6/plugins/b101_assert_used.html
   Location: ./tests/test_steering.py:759:8
758	        assert stop is False
759	        assert reason == "min_rounds_not_reached"
760	

--------------------------------------------------
>> Issue: [B101:assert_used] Use of assert detected. The enclosed code will be removed when compiling to optimised byte code.
   Severity: Low   Confidence: High
   CWE: CWE-703 (https://cwe.mitre.org/data/definitions/703.html)
   More Info: https://bandit.readthedocs.io/en/1.8.6/plugins/b101_assert_used.html
   Location: ./tests/test_steering.py:766:8
765	                                      has_converged_early=True)
766	        assert stop is True
767	        assert reason == "converged"

--------------------------------------------------
>> Issue: [B101:assert_used] Use of assert detected. The enclosed code will be removed when compiling to optimised byte code.
   Severity: Low   Confidence: High
   CWE: CWE-703 (https://cwe.mitre.org/data/definitions/703.html)
   More Info: https://bandit.readthedocs.io/en/1.8.6/plugins/b101_assert_used.html
   Location: ./tests/test_steering.py:767:8
766	        assert stop is True
767	        assert reason == "converged"
768	

--------------------------------------------------
>> Issue: [B101:assert_used] Use of assert detected. The enclosed code will be removed when compiling to optimised byte code.
   Severity: Low   Confidence: High
   CWE: CWE-703 (https://cwe.mitre.org/data/definitions/703.html)
   More Info: https://bandit.readthedocs.io/en/1.8.6/plugins/b101_assert_used.html
   Location: ./tests/test_steering.py:773:8
772	        stop, reason = r.should_stop(current_round=3, score_delta=0.02)
773	        assert stop is True
774	        assert reason == "converged"

--------------------------------------------------
>> Issue: [B101:assert_used] Use of assert detected. The enclosed code will be removed when compiling to optimised byte code.
   Severity: Low   Confidence: High
   CWE: CWE-703 (https://cwe.mitre.org/data/definitions/703.html)
   More Info: https://bandit.readthedocs.io/en/1.8.6/plugins/b101_assert_used.html
   Location: ./tests/test_steering.py:774:8
773	        assert stop is True
774	        assert reason == "converged"
775	

--------------------------------------------------
>> Issue: [B101:assert_used] Use of assert detected. The enclosed code will be removed when compiling to optimised byte code.
   Severity: Low   Confidence: High
   CWE: CWE-703 (https://cwe.mitre.org/data/definitions/703.html)
   More Info: https://bandit.readthedocs.io/en/1.8.6/plugins/b101_assert_used.html
   Location: ./tests/test_steering.py:781:8
780	        stop, reason = r.should_stop(current_round=3, score_delta=0.3)
781	        assert stop is False
782	        assert reason == "continue"

--------------------------------------------------
>> Issue: [B101:assert_used] Use of assert detected. The enclosed code will be removed when compiling to optimised byte code.
   Severity: Low   Confidence: High
   CWE: CWE-703 (https://cwe.mitre.org/data/definitions/703.html)
   More Info: https://bandit.readthedocs.io/en/1.8.6/plugins/b101_assert_used.html
   Location: ./tests/test_steering.py:782:8
781	        assert stop is False
782	        assert reason == "continue"
783	

--------------------------------------------------
>> Issue: [B101:assert_used] Use of assert detected. The enclosed code will be removed when compiling to optimised byte code.
   Severity: Low   Confidence: High
   CWE: CWE-703 (https://cwe.mitre.org/data/definitions/703.html)
   More Info: https://bandit.readthedocs.io/en/1.8.6/plugins/b101_assert_used.html
   Location: ./tests/test_steering.py:788:8
787	                                        current_round=5, score_delta=0.3)
788	        assert result["should_stop"] is True
789	        assert result["reason"] == "max_iterations_reached"

--------------------------------------------------
>> Issue: [B101:assert_used] Use of assert detected. The enclosed code will be removed when compiling to optimised byte code.
   Severity: Low   Confidence: High
   CWE: CWE-703 (https://cwe.mitre.org/data/definitions/703.html)
   More Info: https://bandit.readthedocs.io/en/1.8.6/plugins/b101_assert_used.html
   Location: ./tests/test_steering.py:789:8
788	        assert result["should_stop"] is True
789	        assert result["reason"] == "max_iterations_reached"
790	        assert result["hr12_compliant"] is True

--------------------------------------------------
>> Issue: [B101:assert_used] Use of assert detected. The enclosed code will be removed when compiling to optimised byte code.
   Severity: Low   Confidence: High
   CWE: CWE-703 (https://cwe.mitre.org/data/definitions/703.html)
   More Info: https://bandit.readthedocs.io/en/1.8.6/plugins/b101_assert_used.html
   Location: ./tests/test_steering.py:790:8
789	        assert result["reason"] == "max_iterations_reached"
790	        assert result["hr12_compliant"] is True
791	

--------------------------------------------------
>> Issue: [B101:assert_used] Use of assert detected. The enclosed code will be removed when compiling to optimised byte code.
   Severity: Low   Confidence: High
   CWE: CWE-703 (https://cwe.mitre.org/data/definitions/703.html)
   More Info: https://bandit.readthedocs.io/en/1.8.6/plugins/b101_assert_used.html
   Location: ./tests/test_steering.py:796:8
795	                                        current_round=2, score_delta=0.0)
796	        assert result["should_stop"] is False
797	        assert result["reason"] == "min_iterations_not_reached"

--------------------------------------------------
>> Issue: [B101:assert_used] Use of assert detected. The enclosed code will be removed when compiling to optimised byte code.
   Severity: Low   Confidence: High
   CWE: CWE-703 (https://cwe.mitre.org/data/definitions/703.html)
   More Info: https://bandit.readthedocs.io/en/1.8.6/plugins/b101_assert_used.html
   Location: ./tests/test_steering.py:797:8
796	        assert result["should_stop"] is False
797	        assert result["reason"] == "min_iterations_not_reached"
798	

--------------------------------------------------
>> Issue: [B101:assert_used] Use of assert detected. The enclosed code will be removed when compiling to optimised byte code.
   Severity: Low   Confidence: High
   CWE: CWE-703 (https://cwe.mitre.org/data/definitions/703.html)
   More Info: https://bandit.readthedocs.io/en/1.8.6/plugins/b101_assert_used.html
   Location: ./tests/test_steering.py:804:8
803	                                        convergence_threshold=0.05)
804	        assert result["should_stop"] is True
805	        assert result["reason"] == "converged"

--------------------------------------------------
>> Issue: [B101:assert_used] Use of assert detected. The enclosed code will be removed when compiling to optimised byte code.
   Severity: Low   Confidence: High
   CWE: CWE-703 (https://cwe.mitre.org/data/definitions/703.html)
   More Info: https://bandit.readthedocs.io/en/1.8.6/plugins/b101_assert_used.html
   Location: ./tests/test_steering.py:805:8
804	        assert result["should_stop"] is True
805	        assert result["reason"] == "converged"
806	

--------------------------------------------------
>> Issue: [B101:assert_used] Use of assert detected. The enclosed code will be removed when compiling to optimised byte code.
   Severity: Low   Confidence: High
   CWE: CWE-703 (https://cwe.mitre.org/data/definitions/703.html)
   More Info: https://bandit.readthedocs.io/en/1.8.6/plugins/b101_assert_used.html
   Location: ./tests/test_steering.py:812:8
811	                                        convergence_threshold=0.05)
812	        assert result["should_stop"] is False
813	        assert result["reason"] == "continue_iterating"

--------------------------------------------------
>> Issue: [B101:assert_used] Use of assert detected. The enclosed code will be removed when compiling to optimised byte code.
   Severity: Low   Confidence: High
   CWE: CWE-703 (https://cwe.mitre.org/data/definitions/703.html)
   More Info: https://bandit.readthedocs.io/en/1.8.6/plugins/b101_assert_used.html
   Location: ./tests/test_steering.py:813:8
812	        assert result["should_stop"] is False
813	        assert result["reason"] == "continue_iterating"
814	

--------------------------------------------------
>> Issue: [B101:assert_used] Use of assert detected. The enclosed code will be removed when compiling to optimised byte code.
   Severity: Low   Confidence: High
   CWE: CWE-703 (https://cwe.mitre.org/data/definitions/703.html)
   More Info: https://bandit.readthedocs.io/en/1.8.6/plugins/b101_assert_used.html
   Location: ./tests/test_steering.py:819:12
818	            result = HR12Resolution.resolve(5, 3, round_n, delta)
819	            assert result["hr12_compliant"] is True
820	

--------------------------------------------------
>> Issue: [B101:assert_used] Use of assert detected. The enclosed code will be removed when compiling to optimised byte code.
   Severity: Low   Confidence: High
   CWE: CWE-703 (https://cwe.mitre.org/data/definitions/703.html)
   More Info: https://bandit.readthedocs.io/en/1.8.6/plugins/b101_assert_used.html
   Location: ./tests/test_steering.py:829:8
828	        hr = HRConstraints()
829	        assert hr.max_iterations == 5
830	        assert hr.min_iterations == 3

--------------------------------------------------
>> Issue: [B101:assert_used] Use of assert detected. The enclosed code will be removed when compiling to optimised byte code.
   Severity: Low   Confidence: High
   CWE: CWE-703 (https://cwe.mitre.org/data/definitions/703.html)
   More Info: https://bandit.readthedocs.io/en/1.8.6/plugins/b101_assert_used.html
   Location: ./tests/test_steering.py:830:8
829	        assert hr.max_iterations == 5
830	        assert hr.min_iterations == 3
831	        assert hr.efficiency_target == 0.30

--------------------------------------------------
>> Issue: [B101:assert_used] Use of assert detected. The enclosed code will be removed when compiling to optimised byte code.
   Severity: Low   Confidence: High
   CWE: CWE-703 (https://cwe.mitre.org/data/definitions/703.html)
   More Info: https://bandit.readthedocs.io/en/1.8.6/plugins/b101_assert_used.html
   Location: ./tests/test_steering.py:831:8
830	        assert hr.min_iterations == 3
831	        assert hr.efficiency_target == 0.30
832	        assert hr.require_citation is True

--------------------------------------------------
>> Issue: [B101:assert_used] Use of assert detected. The enclosed code will be removed when compiling to optimised byte code.
   Severity: Low   Confidence: High
   CWE: CWE-703 (https://cwe.mitre.org/data/definitions/703.html)
   More Info: https://bandit.readthedocs.io/en/1.8.6/plugins/b101_assert_used.html
   Location: ./tests/test_steering.py:832:8
831	        assert hr.efficiency_target == 0.30
832	        assert hr.require_citation is True
833	

--------------------------------------------------
>> Issue: [B101:assert_used] Use of assert detected. The enclosed code will be removed when compiling to optimised byte code.
   Severity: Low   Confidence: High
   CWE: CWE-703 (https://cwe.mitre.org/data/definitions/703.html)
   More Info: https://bandit.readthedocs.io/en/1.8.6/plugins/b101_assert_used.html
   Location: ./tests/test_steering.py:837:8
836	        hr = HRConstraints(max_iterations=10, efficiency_target=0.5)
837	        assert hr.max_iterations == 10
838	        assert hr.efficiency_target == 0.5

--------------------------------------------------
>> Issue: [B101:assert_used] Use of assert detected. The enclosed code will be removed when compiling to optimised byte code.
   Severity: Low   Confidence: High
   CWE: CWE-703 (https://cwe.mitre.org/data/definitions/703.html)
   More Info: https://bandit.readthedocs.io/en/1.8.6/plugins/b101_assert_used.html
   Location: ./tests/test_steering.py:838:8
837	        assert hr.max_iterations == 10
838	        assert hr.efficiency_target == 0.5
839	

--------------------------------------------------
>> Issue: [B101:assert_used] Use of assert detected. The enclosed code will be removed when compiling to optimised byte code.
   Severity: Low   Confidence: High
   CWE: CWE-703 (https://cwe.mitre.org/data/definitions/703.html)
   More Info: https://bandit.readthedocs.io/en/1.8.6/plugins/b101_assert_used.html
   Location: ./tests/test_steering.py:849:8
848	        )
849	        assert r.hr_compliant is True
850	        assert r.metrics["a"] == 1.0

--------------------------------------------------
>> Issue: [B101:assert_used] Use of assert detected. The enclosed code will be removed when compiling to optimised byte code.
   Severity: Low   Confidence: High
   CWE: CWE-703 (https://cwe.mitre.org/data/definitions/703.html)
   More Info: https://bandit.readthedocs.io/en/1.8.6/plugins/b101_assert_used.html
   Location: ./tests/test_steering.py:850:8
849	        assert r.hr_compliant is True
850	        assert r.metrics["a"] == 1.0
851	

--------------------------------------------------
>> Issue: [B108:hardcoded_tmp_directory] Probable insecure usage of temp file/directory.
   Severity: Medium   Confidence: Medium
   CWE: CWE-377 (https://cwe.mitre.org/data/definitions/377.html)
   More Info: https://bandit.readthedocs.io/en/1.8.6/plugins/b108_hardcoded_tmp_directory.html
   Location: ./tests/test_steering.py:860:50
859	        p = _provider(scores)
860	        return SteeringIntegrator(p, project_path="/tmp", phase=3, config=config)
861	

--------------------------------------------------
>> Issue: [B101:assert_used] Use of assert detected. The enclosed code will be removed when compiling to optimised byte code.
   Severity: Low   Confidence: High
   CWE: CWE-703 (https://cwe.mitre.org/data/definitions/703.html)
   More Info: https://bandit.readthedocs.io/en/1.8.6/plugins/b101_assert_used.html
   Location: ./tests/test_steering.py:865:8
864	        si = self._integrator()
865	        assert isinstance(si.steering, SteeringLoop)
866	

--------------------------------------------------
>> Issue: [B101:assert_used] Use of assert detected. The enclosed code will be removed when compiling to optimised byte code.
   Severity: Low   Confidence: High
   CWE: CWE-703 (https://cwe.mitre.org/data/definitions/703.html)
   More Info: https://bandit.readthedocs.io/en/1.8.6/plugins/b101_assert_used.html
   Location: ./tests/test_steering.py:870:8
869	        si = self._integrator()
870	        assert isinstance(si.hr, HRConstraints)
871	

--------------------------------------------------
>> Issue: [B101:assert_used] Use of assert detected. The enclosed code will be removed when compiling to optimised byte code.
   Severity: Low   Confidence: High
   CWE: CWE-703 (https://cwe.mitre.org/data/definitions/703.html)
   More Info: https://bandit.readthedocs.io/en/1.8.6/plugins/b101_assert_used.html
   Location: ./tests/test_steering.py:877:8
876	        )
877	        assert result.iteration == 1
878	        assert checks == []

--------------------------------------------------
>> Issue: [B101:assert_used] Use of assert detected. The enclosed code will be removed when compiling to optimised byte code.
   Severity: Low   Confidence: High
   CWE: CWE-703 (https://cwe.mitre.org/data/definitions/703.html)
   More Info: https://bandit.readthedocs.io/en/1.8.6/plugins/b101_assert_used.html
   Location: ./tests/test_steering.py:878:8
877	        assert result.iteration == 1
878	        assert checks == []
879	

--------------------------------------------------
>> Issue: [B101:assert_used] Use of assert detected. The enclosed code will be removed when compiling to optimised byte code.
   Severity: Low   Confidence: High
   CWE: CWE-703 (https://cwe.mitre.org/data/definitions/703.html)
   More Info: https://bandit.readthedocs.io/en/1.8.6/plugins/b101_assert_used.html
   Location: ./tests/test_steering.py:888:8
887	            )
888	        assert len(checks) == 1
889	        assert any("BVS" in w for c in checks for w in c.warnings)

--------------------------------------------------
>> Issue: [B101:assert_used] Use of assert detected. The enclosed code will be removed when compiling to optimised byte code.
   Severity: Low   Confidence: High
   CWE: CWE-703 (https://cwe.mitre.org/data/definitions/703.html)
   More Info: https://bandit.readthedocs.io/en/1.8.6/plugins/b101_assert_used.html
   Location: ./tests/test_steering.py:889:8
888	        assert len(checks) == 1
889	        assert any("BVS" in w for c in checks for w in c.warnings)
890	

--------------------------------------------------
>> Issue: [B101:assert_used] Use of assert detected. The enclosed code will be removed when compiling to optimised byte code.
   Severity: Low   Confidence: High
   CWE: CWE-703 (https://cwe.mitre.org/data/definitions/703.html)
   More Info: https://bandit.readthedocs.io/en/1.8.6/plugins/b101_assert_used.html
   Location: ./tests/test_steering.py:899:8
898	            )
899	        assert len(checks) == 1
900	        assert any("Constitution" in w for c in checks for w in c.warnings)

--------------------------------------------------
>> Issue: [B101:assert_used] Use of assert detected. The enclosed code will be removed when compiling to optimised byte code.
   Severity: Low   Confidence: High
   CWE: CWE-703 (https://cwe.mitre.org/data/definitions/703.html)
   More Info: https://bandit.readthedocs.io/en/1.8.6/plugins/b101_assert_used.html
   Location: ./tests/test_steering.py:900:8
899	        assert len(checks) == 1
900	        assert any("Constitution" in w for c in checks for w in c.warnings)
901	

--------------------------------------------------
>> Issue: [B101:assert_used] Use of assert detected. The enclosed code will be removed when compiling to optimised byte code.
   Severity: Low   Confidence: High
   CWE: CWE-703 (https://cwe.mitre.org/data/definitions/703.html)
   More Info: https://bandit.readthedocs.io/en/1.8.6/plugins/b101_assert_used.html
   Location: ./tests/test_steering.py:905:8
904	        cont, reason = si.should_continue
905	        assert isinstance(cont, bool)
906	        assert isinstance(reason, str)

--------------------------------------------------
>> Issue: [B101:assert_used] Use of assert detected. The enclosed code will be removed when compiling to optimised byte code.
   Severity: Low   Confidence: High
   CWE: CWE-703 (https://cwe.mitre.org/data/definitions/703.html)
   More Info: https://bandit.readthedocs.io/en/1.8.6/plugins/b101_assert_used.html
   Location: ./tests/test_steering.py:906:8
905	        assert isinstance(cont, bool)
906	        assert isinstance(reason, str)
907	

--------------------------------------------------
>> Issue: [B101:assert_used] Use of assert detected. The enclosed code will be removed when compiling to optimised byte code.
   Severity: Low   Confidence: High
   CWE: CWE-703 (https://cwe.mitre.org/data/definitions/703.html)
   More Info: https://bandit.readthedocs.io/en/1.8.6/plugins/b101_assert_used.html
   Location: ./tests/test_steering.py:914:8
913	        cont, reason = si.should_continue
914	        assert cont is False
915	

--------------------------------------------------
>> Issue: [B101:assert_used] Use of assert detected. The enclosed code will be removed when compiling to optimised byte code.
   Severity: Low   Confidence: High
   CWE: CWE-703 (https://cwe.mitre.org/data/definitions/703.html)
   More Info: https://bandit.readthedocs.io/en/1.8.6/plugins/b101_assert_used.html
   Location: ./tests/test_steering.py:919:8
918	        summary = si.get_full_summary()
919	        assert "steering" in summary
920	        assert "hr12_compliant" in summary

--------------------------------------------------
>> Issue: [B101:assert_used] Use of assert detected. The enclosed code will be removed when compiling to optimised byte code.
   Severity: Low   Confidence: High
   CWE: CWE-703 (https://cwe.mitre.org/data/definitions/703.html)
   More Info: https://bandit.readthedocs.io/en/1.8.6/plugins/b101_assert_used.html
   Location: ./tests/test_steering.py:920:8
919	        assert "steering" in summary
920	        assert "hr12_compliant" in summary
921	        assert "hr12_stop_reason" in summary

--------------------------------------------------
>> Issue: [B101:assert_used] Use of assert detected. The enclosed code will be removed when compiling to optimised byte code.
   Severity: Low   Confidence: High
   CWE: CWE-703 (https://cwe.mitre.org/data/definitions/703.html)
   More Info: https://bandit.readthedocs.io/en/1.8.6/plugins/b101_assert_used.html
   Location: ./tests/test_steering.py:921:8
920	        assert "hr12_compliant" in summary
921	        assert "hr12_stop_reason" in summary
922	        assert "hr_constraints" in summary

--------------------------------------------------
>> Issue: [B101:assert_used] Use of assert detected. The enclosed code will be removed when compiling to optimised byte code.
   Severity: Low   Confidence: High
   CWE: CWE-703 (https://cwe.mitre.org/data/definitions/703.html)
   More Info: https://bandit.readthedocs.io/en/1.8.6/plugins/b101_assert_used.html
   Location: ./tests/test_steering.py:922:8
921	        assert "hr12_stop_reason" in summary
922	        assert "hr_constraints" in summary
923	

--------------------------------------------------
>> Issue: [B101:assert_used] Use of assert detected. The enclosed code will be removed when compiling to optimised byte code.
   Severity: Low   Confidence: High
   CWE: CWE-703 (https://cwe.mitre.org/data/definitions/703.html)
   More Info: https://bandit.readthedocs.io/en/1.8.6/plugins/b101_assert_used.html
   Location: ./tests/test_steering.py:927:8
926	        summary = si.get_full_summary()
927	        assert "max_iterations" in summary["hr_constraints"]
928	        assert "efficiency_target" in summary["hr_constraints"]

--------------------------------------------------
>> Issue: [B101:assert_used] Use of assert detected. The enclosed code will be removed when compiling to optimised byte code.
   Severity: Low   Confidence: High
   CWE: CWE-703 (https://cwe.mitre.org/data/definitions/703.html)
   More Info: https://bandit.readthedocs.io/en/1.8.6/plugins/b101_assert_used.html
   Location: ./tests/test_steering.py:928:8
927	        assert "max_iterations" in summary["hr_constraints"]
928	        assert "efficiency_target" in summary["hr_constraints"]
929	

--------------------------------------------------
>> Issue: [B101:assert_used] Use of assert detected. The enclosed code will be removed when compiling to optimised byte code.
   Severity: Low   Confidence: High
   CWE: CWE-703 (https://cwe.mitre.org/data/definitions/703.html)
   More Info: https://bandit.readthedocs.io/en/1.8.6/plugins/b101_assert_used.html
   Location: ./tests/test_steering.py:934:8
933	        summary = si.get_full_summary()
934	        assert summary["steering"]["total_iterations"] == 1

--------------------------------------------------
>> Issue: [B101:assert_used] Use of assert detected. The enclosed code will be removed when compiling to optimised byte code.
   Severity: Low   Confidence: High
   CWE: CWE-703 (https://cwe.mitre.org/data/definitions/703.html)
   More Info: https://bandit.readthedocs.io/en/1.8.6/plugins/b101_assert_used.html
   Location: ./tests/test_task_splitter.py:7:4
6	    task = splitter.create_task("Test Task", "Desc", priority=TaskPriority.HIGH)
7	    assert task.name == "Test Task"
8	    assert task.priority == TaskPriority.HIGH

--------------------------------------------------
>> Issue: [B101:assert_used] Use of assert detected. The enclosed code will be removed when compiling to optimised byte code.
   Severity: Low   Confidence: High
   CWE: CWE-703 (https://cwe.mitre.org/data/definitions/703.html)
   More Info: https://bandit.readthedocs.io/en/1.8.6/plugins/b101_assert_used.html
   Location: ./tests/test_task_splitter.py:8:4
7	    assert task.name == "Test Task"
8	    assert task.priority == TaskPriority.HIGH
9	    assert task.status == TaskStatus.PENDING

--------------------------------------------------
>> Issue: [B101:assert_used] Use of assert detected. The enclosed code will be removed when compiling to optimised byte code.
   Severity: Low   Confidence: High
   CWE: CWE-703 (https://cwe.mitre.org/data/definitions/703.html)
   More Info: https://bandit.readthedocs.io/en/1.8.6/plugins/b101_assert_used.html
   Location: ./tests/test_task_splitter.py:9:4
8	    assert task.priority == TaskPriority.HIGH
9	    assert task.status == TaskStatus.PENDING
10	

--------------------------------------------------
>> Issue: [B101:assert_used] Use of assert detected. The enclosed code will be removed when compiling to optimised byte code.
   Severity: Low   Confidence: High
   CWE: CWE-703 (https://cwe.mitre.org/data/definitions/703.html)
   More Info: https://bandit.readthedocs.io/en/1.8.6/plugins/b101_assert_used.html
   Location: ./tests/test_task_splitter.py:16:4
15	    splitter.add_dependency(t2.id, t1.id)
16	    assert t1.id in t2.dependencies
17	

--------------------------------------------------
>> Issue: [B101:assert_used] Use of assert detected. The enclosed code will be removed when compiling to optimised byte code.
   Severity: Low   Confidence: High
   CWE: CWE-703 (https://cwe.mitre.org/data/definitions/703.html)
   More Info: https://bandit.readthedocs.io/en/1.8.6/plugins/b101_assert_used.html
   Location: ./tests/test_task_splitter.py:24:4
23	    order = splitter.get_execution_order()
24	    assert order[0].id == t1.id
25	    assert order[1].id == t2.id

--------------------------------------------------
>> Issue: [B101:assert_used] Use of assert detected. The enclosed code will be removed when compiling to optimised byte code.
   Severity: Low   Confidence: High
   CWE: CWE-703 (https://cwe.mitre.org/data/definitions/703.html)
   More Info: https://bandit.readthedocs.io/en/1.8.6/plugins/b101_assert_used.html
   Location: ./tests/test_task_splitter.py:25:4
24	    assert order[0].id == t1.id
25	    assert order[1].id == t2.id

--------------------------------------------------
>> Issue: [B101:assert_used] Use of assert detected. The enclosed code will be removed when compiling to optimised byte code.
   Severity: Low   Confidence: High
   CWE: CWE-703 (https://cwe.mitre.org/data/definitions/703.html)
   More Info: https://bandit.readthedocs.io/en/1.8.6/plugins/b101_assert_used.html
   Location: ./tests/test_w6_gap_fill.py:19:8
18	        from core.enforcement_config import EnforcementMode
19	        assert EnforcementMode.LOCAL.value == "local"
20	        assert EnforcementMode.SELF_HOSTED.value == "self_hosted"

--------------------------------------------------
>> Issue: [B101:assert_used] Use of assert detected. The enclosed code will be removed when compiling to optimised byte code.
   Severity: Low   Confidence: High
   CWE: CWE-703 (https://cwe.mitre.org/data/definitions/703.html)
   More Info: https://bandit.readthedocs.io/en/1.8.6/plugins/b101_assert_used.html
   Location: ./tests/test_w6_gap_fill.py:20:8
19	        assert EnforcementMode.LOCAL.value == "local"
20	        assert EnforcementMode.SELF_HOSTED.value == "self_hosted"
21	        assert EnforcementMode.CLOUD.value == "cloud"

--------------------------------------------------
>> Issue: [B101:assert_used] Use of assert detected. The enclosed code will be removed when compiling to optimised byte code.
   Severity: Low   Confidence: High
   CWE: CWE-703 (https://cwe.mitre.org/data/definitions/703.html)
   More Info: https://bandit.readthedocs.io/en/1.8.6/plugins/b101_assert_used.html
   Location: ./tests/test_w6_gap_fill.py:21:8
20	        assert EnforcementMode.SELF_HOSTED.value == "self_hosted"
21	        assert EnforcementMode.CLOUD.value == "cloud"
22	

--------------------------------------------------
>> Issue: [B101:assert_used] Use of assert detected. The enclosed code will be removed when compiling to optimised byte code.
   Severity: Low   Confidence: High
   CWE: CWE-703 (https://cwe.mitre.org/data/definitions/703.html)
   More Info: https://bandit.readthedocs.io/en/1.8.6/plugins/b101_assert_used.html
   Location: ./tests/test_w6_gap_fill.py:27:8
26	        from core.enforcement_config import Platform
27	        assert Platform.NONE.value == "none"
28	        assert Platform.GITHUB.value == "github"

--------------------------------------------------
>> Issue: [B101:assert_used] Use of assert detected. The enclosed code will be removed when compiling to optimised byte code.
   Severity: Low   Confidence: High
   CWE: CWE-703 (https://cwe.mitre.org/data/definitions/703.html)
   More Info: https://bandit.readthedocs.io/en/1.8.6/plugins/b101_assert_used.html
   Location: ./tests/test_w6_gap_fill.py:28:8
27	        assert Platform.NONE.value == "none"
28	        assert Platform.GITHUB.value == "github"
29	

--------------------------------------------------
>> Issue: [B101:assert_used] Use of assert detected. The enclosed code will be removed when compiling to optimised byte code.
   Severity: Low   Confidence: High
   CWE: CWE-703 (https://cwe.mitre.org/data/definitions/703.html)
   More Info: https://bandit.readthedocs.io/en/1.8.6/plugins/b101_assert_used.html
   Location: ./tests/test_w6_gap_fill.py:35:8
34	        c = EnforcementConfig()
35	        assert c.mode == EnforcementMode.LOCAL
36	        assert c.platform == Platform.NONE

--------------------------------------------------
>> Issue: [B101:assert_used] Use of assert detected. The enclosed code will be removed when compiling to optimised byte code.
   Severity: Low   Confidence: High
   CWE: CWE-703 (https://cwe.mitre.org/data/definitions/703.html)
   More Info: https://bandit.readthedocs.io/en/1.8.6/plugins/b101_assert_used.html
   Location: ./tests/test_w6_gap_fill.py:36:8
35	        assert c.mode == EnforcementMode.LOCAL
36	        assert c.platform == Platform.NONE
37	        assert c.quality_gate_threshold == 90.0

--------------------------------------------------
>> Issue: [B101:assert_used] Use of assert detected. The enclosed code will be removed when compiling to optimised byte code.
   Severity: Low   Confidence: High
   CWE: CWE-703 (https://cwe.mitre.org/data/definitions/703.html)
   More Info: https://bandit.readthedocs.io/en/1.8.6/plugins/b101_assert_used.html
   Location: ./tests/test_w6_gap_fill.py:37:8
36	        assert c.platform == Platform.NONE
37	        assert c.quality_gate_threshold == 90.0
38	        assert c.coverage_threshold == 80.0

--------------------------------------------------
>> Issue: [B101:assert_used] Use of assert detected. The enclosed code will be removed when compiling to optimised byte code.
   Severity: Low   Confidence: High
   CWE: CWE-703 (https://cwe.mitre.org/data/definitions/703.html)
   More Info: https://bandit.readthedocs.io/en/1.8.6/plugins/b101_assert_used.html
   Location: ./tests/test_w6_gap_fill.py:38:8
37	        assert c.quality_gate_threshold == 90.0
38	        assert c.coverage_threshold == 80.0
39	        assert c.enable_registry is True

--------------------------------------------------
>> Issue: [B101:assert_used] Use of assert detected. The enclosed code will be removed when compiling to optimised byte code.
   Severity: Low   Confidence: High
   CWE: CWE-703 (https://cwe.mitre.org/data/definitions/703.html)
   More Info: https://bandit.readthedocs.io/en/1.8.6/plugins/b101_assert_used.html
   Location: ./tests/test_w6_gap_fill.py:39:8
38	        assert c.coverage_threshold == 80.0
39	        assert c.enable_registry is True
40	

--------------------------------------------------
>> Issue: [B101:assert_used] Use of assert detected. The enclosed code will be removed when compiling to optimised byte code.
   Severity: Low   Confidence: High
   CWE: CWE-703 (https://cwe.mitre.org/data/definitions/703.html)
   More Info: https://bandit.readthedocs.io/en/1.8.6/plugins/b101_assert_used.html
   Location: ./tests/test_w6_gap_fill.py:54:8
53	        c = EnforcementConfig.from_dict(d)
54	        assert c.mode == EnforcementMode.CLOUD
55	        assert c.platform == Platform.GITHUB

--------------------------------------------------
>> Issue: [B101:assert_used] Use of assert detected. The enclosed code will be removed when compiling to optimised byte code.
   Severity: Low   Confidence: High
   CWE: CWE-703 (https://cwe.mitre.org/data/definitions/703.html)
   More Info: https://bandit.readthedocs.io/en/1.8.6/plugins/b101_assert_used.html
   Location: ./tests/test_w6_gap_fill.py:55:8
54	        assert c.mode == EnforcementMode.CLOUD
55	        assert c.platform == Platform.GITHUB
56	        assert c.allow_bypass is True

--------------------------------------------------
>> Issue: [B101:assert_used] Use of assert detected. The enclosed code will be removed when compiling to optimised byte code.
   Severity: Low   Confidence: High
   CWE: CWE-703 (https://cwe.mitre.org/data/definitions/703.html)
   More Info: https://bandit.readthedocs.io/en/1.8.6/plugins/b101_assert_used.html
   Location: ./tests/test_w6_gap_fill.py:56:8
55	        assert c.platform == Platform.GITHUB
56	        assert c.allow_bypass is True
57	        assert c.platform_config == {"key": "val"}

--------------------------------------------------
>> Issue: [B101:assert_used] Use of assert detected. The enclosed code will be removed when compiling to optimised byte code.
   Severity: Low   Confidence: High
   CWE: CWE-703 (https://cwe.mitre.org/data/definitions/703.html)
   More Info: https://bandit.readthedocs.io/en/1.8.6/plugins/b101_assert_used.html
   Location: ./tests/test_w6_gap_fill.py:57:8
56	        assert c.allow_bypass is True
57	        assert c.platform_config == {"key": "val"}
58	

--------------------------------------------------
>> Issue: [B101:assert_used] Use of assert detected. The enclosed code will be removed when compiling to optimised byte code.
   Severity: Low   Confidence: High
   CWE: CWE-703 (https://cwe.mitre.org/data/definitions/703.html)
   More Info: https://bandit.readthedocs.io/en/1.8.6/plugins/b101_assert_used.html
   Location: ./tests/test_w6_gap_fill.py:62:8
61	        c = EnforcementConfig.from_dict({})
62	        assert c.coverage_threshold == 80.0
63	        assert c.strict_mode is True

--------------------------------------------------
>> Issue: [B101:assert_used] Use of assert detected. The enclosed code will be removed when compiling to optimised byte code.
   Severity: Low   Confidence: High
   CWE: CWE-703 (https://cwe.mitre.org/data/definitions/703.html)
   More Info: https://bandit.readthedocs.io/en/1.8.6/plugins/b101_assert_used.html
   Location: ./tests/test_w6_gap_fill.py:63:8
62	        assert c.coverage_threshold == 80.0
63	        assert c.strict_mode is True
64	

--------------------------------------------------
>> Issue: [B101:assert_used] Use of assert detected. The enclosed code will be removed when compiling to optimised byte code.
   Severity: Low   Confidence: High
   CWE: CWE-703 (https://cwe.mitre.org/data/definitions/703.html)
   More Info: https://bandit.readthedocs.io/en/1.8.6/plugins/b101_assert_used.html
   Location: ./tests/test_w6_gap_fill.py:69:8
68	        c = EnforcementConfig.from_json(j)
69	        assert c.mode.value == "local"
70	

--------------------------------------------------
>> Issue: [B101:assert_used] Use of assert detected. The enclosed code will be removed when compiling to optimised byte code.
   Severity: Low   Confidence: High
   CWE: CWE-703 (https://cwe.mitre.org/data/definitions/703.html)
   More Info: https://bandit.readthedocs.io/en/1.8.6/plugins/b101_assert_used.html
   Location: ./tests/test_w6_gap_fill.py:75:8
74	        d = c.to_dict()
75	        assert d["mode"] == "local"
76	        assert d["coverage_threshold"] == 80.0

--------------------------------------------------
>> Issue: [B101:assert_used] Use of assert detected. The enclosed code will be removed when compiling to optimised byte code.
   Severity: Low   Confidence: High
   CWE: CWE-703 (https://cwe.mitre.org/data/definitions/703.html)
   More Info: https://bandit.readthedocs.io/en/1.8.6/plugins/b101_assert_used.html
   Location: ./tests/test_w6_gap_fill.py:76:8
75	        assert d["mode"] == "local"
76	        assert d["coverage_threshold"] == 80.0
77	        c2 = EnforcementConfig.from_dict(d)

--------------------------------------------------
>> Issue: [B101:assert_used] Use of assert detected. The enclosed code will be removed when compiling to optimised byte code.
   Severity: Low   Confidence: High
   CWE: CWE-703 (https://cwe.mitre.org/data/definitions/703.html)
   More Info: https://bandit.readthedocs.io/en/1.8.6/plugins/b101_assert_used.html
   Location: ./tests/test_w6_gap_fill.py:78:8
77	        c2 = EnforcementConfig.from_dict(d)
78	        assert c2.coverage_threshold == c.coverage_threshold
79	

--------------------------------------------------
>> Issue: [B101:assert_used] Use of assert detected. The enclosed code will be removed when compiling to optimised byte code.
   Severity: Low   Confidence: High
   CWE: CWE-703 (https://cwe.mitre.org/data/definitions/703.html)
   More Info: https://bandit.readthedocs.io/en/1.8.6/plugins/b101_assert_used.html
   Location: ./tests/test_w6_gap_fill.py:84:8
83	        data = json.loads(j)
84	        assert "mode" in data
85	

--------------------------------------------------
>> Issue: [B101:assert_used] Use of assert detected. The enclosed code will be removed when compiling to optimised byte code.
   Severity: Low   Confidence: High
   CWE: CWE-703 (https://cwe.mitre.org/data/definitions/703.html)
   More Info: https://bandit.readthedocs.io/en/1.8.6/plugins/b101_assert_used.html
   Location: ./tests/test_w6_gap_fill.py:90:8
89	        EnforcementConfig().save(path)
90	        assert Path(path).exists()
91	        data = json.loads(Path(path).read_text())

--------------------------------------------------
>> Issue: [B101:assert_used] Use of assert detected. The enclosed code will be removed when compiling to optimised byte code.
   Severity: Low   Confidence: High
   CWE: CWE-703 (https://cwe.mitre.org/data/definitions/703.html)
   More Info: https://bandit.readthedocs.io/en/1.8.6/plugins/b101_assert_used.html
   Location: ./tests/test_w6_gap_fill.py:92:8
91	        data = json.loads(Path(path).read_text())
92	        assert "mode" in data
93	

--------------------------------------------------
>> Issue: [B101:assert_used] Use of assert detected. The enclosed code will be removed when compiling to optimised byte code.
   Severity: Low   Confidence: High
   CWE: CWE-703 (https://cwe.mitre.org/data/definitions/703.html)
   More Info: https://bandit.readthedocs.io/en/1.8.6/plugins/b101_assert_used.html
   Location: ./tests/test_w6_gap_fill.py:99:8
98	            c = EnforcementConfig.load(str(tmp_path / "nonexistent.json"))
99	        assert c.mode.value == "local"
100	

--------------------------------------------------
>> Issue: [B101:assert_used] Use of assert detected. The enclosed code will be removed when compiling to optimised byte code.
   Severity: Low   Confidence: High
   CWE: CWE-703 (https://cwe.mitre.org/data/definitions/703.html)
   More Info: https://bandit.readthedocs.io/en/1.8.6/plugins/b101_assert_used.html
   Location: ./tests/test_w6_gap_fill.py:106:8
105	            c = EnforcementConfig.load()
106	        assert c.mode == EnforcementMode.CLOUD
107	

--------------------------------------------------
>> Issue: [B101:assert_used] Use of assert detected. The enclosed code will be removed when compiling to optimised byte code.
   Severity: Low   Confidence: High
   CWE: CWE-703 (https://cwe.mitre.org/data/definitions/703.html)
   More Info: https://bandit.readthedocs.io/en/1.8.6/plugins/b101_assert_used.html
   Location: ./tests/test_w6_gap_fill.py:115:8
114	            c = EnforcementConfig.load(str(p))
115	        assert c.mode.value == "self_hosted"
116	

--------------------------------------------------
>> Issue: [B101:assert_used] Use of assert detected. The enclosed code will be removed when compiling to optimised byte code.
   Severity: Low   Confidence: High
   CWE: CWE-703 (https://cwe.mitre.org/data/definitions/703.html)
   More Info: https://bandit.readthedocs.io/en/1.8.6/plugins/b101_assert_used.html
   Location: ./tests/test_w6_gap_fill.py:122:8
121	        c = ConfigGenerator.local_only()
122	        assert c.mode == EnforcementMode.LOCAL
123	        assert c.enforce_on_push is False

--------------------------------------------------
>> Issue: [B101:assert_used] Use of assert detected. The enclosed code will be removed when compiling to optimised byte code.
   Severity: Low   Confidence: High
   CWE: CWE-703 (https://cwe.mitre.org/data/definitions/703.html)
   More Info: https://bandit.readthedocs.io/en/1.8.6/plugins/b101_assert_used.html
   Location: ./tests/test_w6_gap_fill.py:123:8
122	        assert c.mode == EnforcementMode.LOCAL
123	        assert c.enforce_on_push is False
124	

--------------------------------------------------
>> Issue: [B101:assert_used] Use of assert detected. The enclosed code will be removed when compiling to optimised byte code.
   Severity: Low   Confidence: High
   CWE: CWE-703 (https://cwe.mitre.org/data/definitions/703.html)
   More Info: https://bandit.readthedocs.io/en/1.8.6/plugins/b101_assert_used.html
   Location: ./tests/test_w6_gap_fill.py:128:8
127	        c = ConfigGenerator.github_actions()
128	        assert c.mode == EnforcementMode.CLOUD
129	        assert c.platform == Platform.GITHUB

--------------------------------------------------
>> Issue: [B101:assert_used] Use of assert detected. The enclosed code will be removed when compiling to optimised byte code.
   Severity: Low   Confidence: High
   CWE: CWE-703 (https://cwe.mitre.org/data/definitions/703.html)
   More Info: https://bandit.readthedocs.io/en/1.8.6/plugins/b101_assert_used.html
   Location: ./tests/test_w6_gap_fill.py:129:8
128	        assert c.mode == EnforcementMode.CLOUD
129	        assert c.platform == Platform.GITHUB
130	        assert "workflow_file" in c.platform_config

--------------------------------------------------
>> Issue: [B101:assert_used] Use of assert detected. The enclosed code will be removed when compiling to optimised byte code.
   Severity: Low   Confidence: High
   CWE: CWE-703 (https://cwe.mitre.org/data/definitions/703.html)
   More Info: https://bandit.readthedocs.io/en/1.8.6/plugins/b101_assert_used.html
   Location: ./tests/test_w6_gap_fill.py:130:8
129	        assert c.platform == Platform.GITHUB
130	        assert "workflow_file" in c.platform_config
131	

--------------------------------------------------
>> Issue: [B101:assert_used] Use of assert detected. The enclosed code will be removed when compiling to optimised byte code.
   Severity: Low   Confidence: High
   CWE: CWE-703 (https://cwe.mitre.org/data/definitions/703.html)
   More Info: https://bandit.readthedocs.io/en/1.8.6/plugins/b101_assert_used.html
   Location: ./tests/test_w6_gap_fill.py:136:8
135	            c = ConfigGenerator.auto_detect()
136	        assert c.mode == EnforcementMode.CLOUD
137	

--------------------------------------------------
>> Issue: [B101:assert_used] Use of assert detected. The enclosed code will be removed when compiling to optimised byte code.
   Severity: Low   Confidence: High
   CWE: CWE-703 (https://cwe.mitre.org/data/definitions/703.html)
   More Info: https://bandit.readthedocs.io/en/1.8.6/plugins/b101_assert_used.html
   Location: ./tests/test_w6_gap_fill.py:143:8
142	            c = ConfigGenerator.auto_detect()
143	        assert c.mode == EnforcementMode.LOCAL
144	

--------------------------------------------------
>> Issue: [B101:assert_used] Use of assert detected. The enclosed code will be removed when compiling to optimised byte code.
   Severity: Low   Confidence: High
   CWE: CWE-703 (https://cwe.mitre.org/data/definitions/703.html)
   More Info: https://bandit.readthedocs.io/en/1.8.6/plugins/b101_assert_used.html
   Location: ./tests/test_w6_gap_fill.py:154:8
153	        a = hw.analyze_change(diff)
154	        assert a.type == ChangeType.SMALL
155	

--------------------------------------------------
>> Issue: [B101:assert_used] Use of assert detected. The enclosed code will be removed when compiling to optimised byte code.
   Severity: Low   Confidence: High
   CWE: CWE-703 (https://cwe.mitre.org/data/definitions/703.html)
   More Info: https://bandit.readthedocs.io/en/1.8.6/plugins/b101_assert_used.html
   Location: ./tests/test_w6_gap_fill.py:161:8
160	        a = hw.analyze_change(diff)
161	        assert a.type == ChangeType.LARGE
162	

--------------------------------------------------
>> Issue: [B101:assert_used] Use of assert detected. The enclosed code will be removed when compiling to optimised byte code.
   Severity: Low   Confidence: High
   CWE: CWE-703 (https://cwe.mitre.org/data/definitions/703.html)
   More Info: https://bandit.readthedocs.io/en/1.8.6/plugins/b101_assert_used.html
   Location: ./tests/test_w6_gap_fill.py:167:8
166	        a = hw.analyze_change("+token = 'abc'")
167	        assert a.type == ChangeType.LARGE
168	        assert a.is_security_related is True

--------------------------------------------------
>> Issue: [B101:assert_used] Use of assert detected. The enclosed code will be removed when compiling to optimised byte code.
   Severity: Low   Confidence: High
   CWE: CWE-703 (https://cwe.mitre.org/data/definitions/703.html)
   More Info: https://bandit.readthedocs.io/en/1.8.6/plugins/b101_assert_used.html
   Location: ./tests/test_w6_gap_fill.py:168:8
167	        assert a.type == ChangeType.LARGE
168	        assert a.is_security_related is True
169	

--------------------------------------------------
>> Issue: [B101:assert_used] Use of assert detected. The enclosed code will be removed when compiling to optimised byte code.
   Severity: Low   Confidence: High
   CWE: CWE-703 (https://cwe.mitre.org/data/definitions/703.html)
   More Info: https://bandit.readthedocs.io/en/1.8.6/plugins/b101_assert_used.html
   Location: ./tests/test_w6_gap_fill.py:174:8
173	        a = hw.analyze_change("+# new function here")
174	        assert a.type == ChangeType.LARGE
175	        assert a.is_new_feature is True

--------------------------------------------------
>> Issue: [B101:assert_used] Use of assert detected. The enclosed code will be removed when compiling to optimised byte code.
   Severity: Low   Confidence: High
   CWE: CWE-703 (https://cwe.mitre.org/data/definitions/703.html)
   More Info: https://bandit.readthedocs.io/en/1.8.6/plugins/b101_assert_used.html
   Location: ./tests/test_w6_gap_fill.py:175:8
174	        assert a.type == ChangeType.LARGE
175	        assert a.is_new_feature is True
176	

--------------------------------------------------
>> Issue: [B101:assert_used] Use of assert detected. The enclosed code will be removed when compiling to optimised byte code.
   Severity: Low   Confidence: High
   CWE: CWE-703 (https://cwe.mitre.org/data/definitions/703.html)
   More Info: https://bandit.readthedocs.io/en/1.8.6/plugins/b101_assert_used.html
   Location: ./tests/test_w6_gap_fill.py:183:8
182	        a = hw.analyze_change(diff)
183	        assert a.type == ChangeType.SMALL
184	

--------------------------------------------------
>> Issue: [B101:assert_used] Use of assert detected. The enclosed code will be removed when compiling to optimised byte code.
   Severity: Low   Confidence: High
   CWE: CWE-703 (https://cwe.mitre.org/data/definitions/703.html)
   More Info: https://bandit.readthedocs.io/en/1.8.6/plugins/b101_assert_used.html
   Location: ./tests/test_w6_gap_fill.py:192:8
191	                           is_security_related=True, is_new_feature=False, reason="test")
192	        assert hw.should_review(a) is False
193	        assert hw.stats["auto_approved"] == 1

--------------------------------------------------
>> Issue: [B101:assert_used] Use of assert detected. The enclosed code will be removed when compiling to optimised byte code.
   Severity: Low   Confidence: High
   CWE: CWE-703 (https://cwe.mitre.org/data/definitions/703.html)
   More Info: https://bandit.readthedocs.io/en/1.8.6/plugins/b101_assert_used.html
   Location: ./tests/test_w6_gap_fill.py:193:8
192	        assert hw.should_review(a) is False
193	        assert hw.stats["auto_approved"] == 1
194	

--------------------------------------------------
>> Issue: [B101:assert_used] Use of assert detected. The enclosed code will be removed when compiling to optimised byte code.
   Severity: Low   Confidence: High
   CWE: CWE-703 (https://cwe.mitre.org/data/definitions/703.html)
   More Info: https://bandit.readthedocs.io/en/1.8.6/plugins/b101_assert_used.html
   Location: ./tests/test_w6_gap_fill.py:200:8
199	                           is_security_related=False, is_new_feature=False, reason="test")
200	        assert hw.should_review(a) is True
201	        assert hw.stats["review_required"] == 1

--------------------------------------------------
>> Issue: [B101:assert_used] Use of assert detected. The enclosed code will be removed when compiling to optimised byte code.
   Severity: Low   Confidence: High
   CWE: CWE-703 (https://cwe.mitre.org/data/definitions/703.html)
   More Info: https://bandit.readthedocs.io/en/1.8.6/plugins/b101_assert_used.html
   Location: ./tests/test_w6_gap_fill.py:201:8
200	        assert hw.should_review(a) is True
201	        assert hw.stats["review_required"] == 1
202	

--------------------------------------------------
>> Issue: [B101:assert_used] Use of assert detected. The enclosed code will be removed when compiling to optimised byte code.
   Severity: Low   Confidence: High
   CWE: CWE-703 (https://cwe.mitre.org/data/definitions/703.html)
   More Info: https://bandit.readthedocs.io/en/1.8.6/plugins/b101_assert_used.html
   Location: ./tests/test_w6_gap_fill.py:208:8
207	                           is_security_related=False, is_new_feature=False, reason="test")
208	        assert hw.should_review(a) is True
209	

--------------------------------------------------
>> Issue: [B101:assert_used] Use of assert detected. The enclosed code will be removed when compiling to optimised byte code.
   Severity: Low   Confidence: High
   CWE: CWE-703 (https://cwe.mitre.org/data/definitions/703.html)
   More Info: https://bandit.readthedocs.io/en/1.8.6/plugins/b101_assert_used.html
   Location: ./tests/test_w6_gap_fill.py:215:8
214	                           is_security_related=False, is_new_feature=False, reason="test")
215	        assert hw.should_review(a) is False
216	

--------------------------------------------------
>> Issue: [B101:assert_used] Use of assert detected. The enclosed code will be removed when compiling to optimised byte code.
   Severity: Low   Confidence: High
   CWE: CWE-703 (https://cwe.mitre.org/data/definitions/703.html)
   More Info: https://bandit.readthedocs.io/en/1.8.6/plugins/b101_assert_used.html
   Location: ./tests/test_w6_gap_fill.py:224:8
223	        result = hw.execute("+small change", fn)
224	        assert result["status"] == "auto_approved"
225	        fn.assert_called_once()

--------------------------------------------------
>> Issue: [B101:assert_used] Use of assert detected. The enclosed code will be removed when compiling to optimised byte code.
   Severity: Low   Confidence: High
   CWE: CWE-703 (https://cwe.mitre.org/data/definitions/703.html)
   More Info: https://bandit.readthedocs.io/en/1.8.6/plugins/b101_assert_used.html
   Location: ./tests/test_w6_gap_fill.py:232:8
231	        result = hw.execute("+any change", fn)
232	        assert result["status"] == "needs_review"
233	        fn.assert_not_called()

--------------------------------------------------
>> Issue: [B101:assert_used] Use of assert detected. The enclosed code will be removed when compiling to optimised byte code.
   Severity: Low   Confidence: High
   CWE: CWE-703 (https://cwe.mitre.org/data/definitions/703.html)
   More Info: https://bandit.readthedocs.io/en/1.8.6/plugins/b101_assert_used.html
   Location: ./tests/test_w6_gap_fill.py:240:8
239	        stats = HybridWorkflow().get_stats()
240	        assert stats["auto_approve_rate"] == "N/A"
241	

--------------------------------------------------
>> Issue: [B101:assert_used] Use of assert detected. The enclosed code will be removed when compiling to optimised byte code.
   Severity: Low   Confidence: High
   CWE: CWE-703 (https://cwe.mitre.org/data/definitions/703.html)
   More Info: https://bandit.readthedocs.io/en/1.8.6/plugins/b101_assert_used.html
   Location: ./tests/test_w6_gap_fill.py:248:8
247	        stats = hw.get_stats()
248	        assert stats["auto_approve_rate"] == "100.0%"
249	        assert stats["total_tasks"] == 4

--------------------------------------------------
>> Issue: [B101:assert_used] Use of assert detected. The enclosed code will be removed when compiling to optimised byte code.
   Severity: Low   Confidence: High
   CWE: CWE-703 (https://cwe.mitre.org/data/definitions/703.html)
   More Info: https://bandit.readthedocs.io/en/1.8.6/plugins/b101_assert_used.html
   Location: ./tests/test_w6_gap_fill.py:249:8
248	        assert stats["auto_approve_rate"] == "100.0%"
249	        assert stats["total_tasks"] == 4
250	

--------------------------------------------------
>> Issue: [B101:assert_used] Use of assert detected. The enclosed code will be removed when compiling to optimised byte code.
   Severity: Low   Confidence: High
   CWE: CWE-703 (https://cwe.mitre.org/data/definitions/703.html)
   More Info: https://bandit.readthedocs.io/en/1.8.6/plugins/b101_assert_used.html
   Location: ./tests/test_w6_gap_fill.py:258:8
257	        g = Gate("test", auto_pass=True)
258	        assert g.check({}) is True
259	        assert g.status == GateStatus.PASSED

--------------------------------------------------
>> Issue: [B101:assert_used] Use of assert detected. The enclosed code will be removed when compiling to optimised byte code.
   Severity: Low   Confidence: High
   CWE: CWE-703 (https://cwe.mitre.org/data/definitions/703.html)
   More Info: https://bandit.readthedocs.io/en/1.8.6/plugins/b101_assert_used.html
   Location: ./tests/test_w6_gap_fill.py:259:8
258	        assert g.check({}) is True
259	        assert g.status == GateStatus.PASSED
260	

--------------------------------------------------
>> Issue: [B101:assert_used] Use of assert detected. The enclosed code will be removed when compiling to optimised byte code.
   Severity: Low   Confidence: High
   CWE: CWE-703 (https://cwe.mitre.org/data/definitions/703.html)
   More Info: https://bandit.readthedocs.io/en/1.8.6/plugins/b101_assert_used.html
   Location: ./tests/test_w6_gap_fill.py:264:8
263	        g = Gate("test", validator=lambda ctx: True)
264	        assert g.check({"x": 1}) is True
265	        assert g.status == GateStatus.PASSED

--------------------------------------------------
>> Issue: [B101:assert_used] Use of assert detected. The enclosed code will be removed when compiling to optimised byte code.
   Severity: Low   Confidence: High
   CWE: CWE-703 (https://cwe.mitre.org/data/definitions/703.html)
   More Info: https://bandit.readthedocs.io/en/1.8.6/plugins/b101_assert_used.html
   Location: ./tests/test_w6_gap_fill.py:265:8
264	        assert g.check({"x": 1}) is True
265	        assert g.status == GateStatus.PASSED
266	

--------------------------------------------------
>> Issue: [B101:assert_used] Use of assert detected. The enclosed code will be removed when compiling to optimised byte code.
   Severity: Low   Confidence: High
   CWE: CWE-703 (https://cwe.mitre.org/data/definitions/703.html)
   More Info: https://bandit.readthedocs.io/en/1.8.6/plugins/b101_assert_used.html
   Location: ./tests/test_w6_gap_fill.py:270:8
269	        g = Gate("test", validator=lambda ctx: False)
270	        assert g.check({}) is False
271	        assert g.status == GateStatus.FAILED

--------------------------------------------------
>> Issue: [B101:assert_used] Use of assert detected. The enclosed code will be removed when compiling to optimised byte code.
   Severity: Low   Confidence: High
   CWE: CWE-703 (https://cwe.mitre.org/data/definitions/703.html)
   More Info: https://bandit.readthedocs.io/en/1.8.6/plugins/b101_assert_used.html
   Location: ./tests/test_w6_gap_fill.py:271:8
270	        assert g.check({}) is False
271	        assert g.status == GateStatus.FAILED
272	

--------------------------------------------------
>> Issue: [B101:assert_used] Use of assert detected. The enclosed code will be removed when compiling to optimised byte code.
   Severity: Low   Confidence: High
   CWE: CWE-703 (https://cwe.mitre.org/data/definitions/703.html)
   More Info: https://bandit.readthedocs.io/en/1.8.6/plugins/b101_assert_used.html
   Location: ./tests/test_w6_gap_fill.py:277:8
276	        g = Gate("test", validator=bad)
277	        assert g.check({}) is False
278	        assert g.status == GateStatus.FAILED

--------------------------------------------------
>> Issue: [B101:assert_used] Use of assert detected. The enclosed code will be removed when compiling to optimised byte code.
   Severity: Low   Confidence: High
   CWE: CWE-703 (https://cwe.mitre.org/data/definitions/703.html)
   More Info: https://bandit.readthedocs.io/en/1.8.6/plugins/b101_assert_used.html
   Location: ./tests/test_w6_gap_fill.py:278:8
277	        assert g.check({}) is False
278	        assert g.status == GateStatus.FAILED
279	        assert "oops" in g.evidence["error"]

--------------------------------------------------
>> Issue: [B101:assert_used] Use of assert detected. The enclosed code will be removed when compiling to optimised byte code.
   Severity: Low   Confidence: High
   CWE: CWE-703 (https://cwe.mitre.org/data/definitions/703.html)
   More Info: https://bandit.readthedocs.io/en/1.8.6/plugins/b101_assert_used.html
   Location: ./tests/test_w6_gap_fill.py:279:8
278	        assert g.status == GateStatus.FAILED
279	        assert "oops" in g.evidence["error"]
280	

--------------------------------------------------
>> Issue: [B101:assert_used] Use of assert detected. The enclosed code will be removed when compiling to optimised byte code.
   Severity: Low   Confidence: High
   CWE: CWE-703 (https://cwe.mitre.org/data/definitions/703.html)
   More Info: https://bandit.readthedocs.io/en/1.8.6/plugins/b101_assert_used.html
   Location: ./tests/test_w6_gap_fill.py:284:8
283	        g = Gate("test", required_output="result")
284	        assert g.check({"result": "ok"}) is True
285	        assert g.status == GateStatus.PASSED

--------------------------------------------------
>> Issue: [B101:assert_used] Use of assert detected. The enclosed code will be removed when compiling to optimised byte code.
   Severity: Low   Confidence: High
   CWE: CWE-703 (https://cwe.mitre.org/data/definitions/703.html)
   More Info: https://bandit.readthedocs.io/en/1.8.6/plugins/b101_assert_used.html
   Location: ./tests/test_w6_gap_fill.py:285:8
284	        assert g.check({"result": "ok"}) is True
285	        assert g.status == GateStatus.PASSED
286	

--------------------------------------------------
>> Issue: [B101:assert_used] Use of assert detected. The enclosed code will be removed when compiling to optimised byte code.
   Severity: Low   Confidence: High
   CWE: CWE-703 (https://cwe.mitre.org/data/definitions/703.html)
   More Info: https://bandit.readthedocs.io/en/1.8.6/plugins/b101_assert_used.html
   Location: ./tests/test_w6_gap_fill.py:290:8
289	        g = Gate("test", required_output="result")
290	        assert g.check({}) is False
291	        assert g.status == GateStatus.NOT_REACHED

--------------------------------------------------
>> Issue: [B101:assert_used] Use of assert detected. The enclosed code will be removed when compiling to optimised byte code.
   Severity: Low   Confidence: High
   CWE: CWE-703 (https://cwe.mitre.org/data/definitions/703.html)
   More Info: https://bandit.readthedocs.io/en/1.8.6/plugins/b101_assert_used.html
   Location: ./tests/test_w6_gap_fill.py:291:8
290	        assert g.check({}) is False
291	        assert g.status == GateStatus.NOT_REACHED
292	

--------------------------------------------------
>> Issue: [B101:assert_used] Use of assert detected. The enclosed code will be removed when compiling to optimised byte code.
   Severity: Low   Confidence: High
   CWE: CWE-703 (https://cwe.mitre.org/data/definitions/703.html)
   More Info: https://bandit.readthedocs.io/en/1.8.6/plugins/b101_assert_used.html
   Location: ./tests/test_w6_gap_fill.py:296:8
295	        g = Gate("test")
296	        assert g.check({}) is False
297	

--------------------------------------------------
>> Issue: [B101:assert_used] Use of assert detected. The enclosed code will be removed when compiling to optimised byte code.
   Severity: Low   Confidence: High
   CWE: CWE-703 (https://cwe.mitre.org/data/definitions/703.html)
   More Info: https://bandit.readthedocs.io/en/1.8.6/plugins/b101_assert_used.html
   Location: ./tests/test_w6_gap_fill.py:302:8
301	        g.bypass("testing")
302	        assert g.status == GateStatus.BYPASSED
303	        assert g.evidence["bypass_reason"] == "testing"

--------------------------------------------------
>> Issue: [B101:assert_used] Use of assert detected. The enclosed code will be removed when compiling to optimised byte code.
   Severity: Low   Confidence: High
   CWE: CWE-703 (https://cwe.mitre.org/data/definitions/703.html)
   More Info: https://bandit.readthedocs.io/en/1.8.6/plugins/b101_assert_used.html
   Location: ./tests/test_w6_gap_fill.py:303:8
302	        assert g.status == GateStatus.BYPASSED
303	        assert g.evidence["bypass_reason"] == "testing"
304	

--------------------------------------------------
>> Issue: [B101:assert_used] Use of assert detected. The enclosed code will be removed when compiling to optimised byte code.
   Severity: Low   Confidence: High
   CWE: CWE-703 (https://cwe.mitre.org/data/definitions/703.html)
   More Info: https://bandit.readthedocs.io/en/1.8.6/plugins/b101_assert_used.html
   Location: ./tests/test_w6_gap_fill.py:310:8
309	        g.reset()
310	        assert g.status == GateStatus.NOT_REACHED
311	        assert g.verified_at is None

--------------------------------------------------
>> Issue: [B101:assert_used] Use of assert detected. The enclosed code will be removed when compiling to optimised byte code.
   Severity: Low   Confidence: High
   CWE: CWE-703 (https://cwe.mitre.org/data/definitions/703.html)
   More Info: https://bandit.readthedocs.io/en/1.8.6/plugins/b101_assert_used.html
   Location: ./tests/test_w6_gap_fill.py:311:8
310	        assert g.status == GateStatus.NOT_REACHED
311	        assert g.verified_at is None
312	        assert g.evidence is None

--------------------------------------------------
>> Issue: [B101:assert_used] Use of assert detected. The enclosed code will be removed when compiling to optimised byte code.
   Severity: Low   Confidence: High
   CWE: CWE-703 (https://cwe.mitre.org/data/definitions/703.html)
   More Info: https://bandit.readthedocs.io/en/1.8.6/plugins/b101_assert_used.html
   Location: ./tests/test_w6_gap_fill.py:312:8
311	        assert g.verified_at is None
312	        assert g.evidence is None
313	

--------------------------------------------------
>> Issue: [B101:assert_used] Use of assert detected. The enclosed code will be removed when compiling to optimised byte code.
   Severity: Low   Confidence: High
   CWE: CWE-703 (https://cwe.mitre.org/data/definitions/703.html)
   More Info: https://bandit.readthedocs.io/en/1.8.6/plugins/b101_assert_used.html
   Location: ./tests/test_w6_gap_fill.py:320:8
319	        vg.register_gate("g1", Gate("G1", auto_pass=True))
320	        assert "g1" in vg.gates
321	

--------------------------------------------------
>> Issue: [B101:assert_used] Use of assert detected. The enclosed code will be removed when compiling to optimised byte code.
   Severity: Low   Confidence: High
   CWE: CWE-703 (https://cwe.mitre.org/data/definitions/703.html)
   More Info: https://bandit.readthedocs.io/en/1.8.6/plugins/b101_assert_used.html
   Location: ./tests/test_w6_gap_fill.py:326:8
325	        vg.register_default_gates()
326	        assert len(vg.gates) == 6
327	

--------------------------------------------------
>> Issue: [B101:assert_used] Use of assert detected. The enclosed code will be removed when compiling to optimised byte code.
   Severity: Low   Confidence: High
   CWE: CWE-703 (https://cwe.mitre.org/data/definitions/703.html)
   More Info: https://bandit.readthedocs.io/en/1.8.6/plugins/b101_assert_used.html
   Location: ./tests/test_w6_gap_fill.py:332:8
331	        vg.register_default_gates(["task_created", "completed"])
332	        assert len(vg.gates) == 2
333	

--------------------------------------------------
>> Issue: [B101:assert_used] Use of assert detected. The enclosed code will be removed when compiling to optimised byte code.
   Severity: Low   Confidence: High
   CWE: CWE-703 (https://cwe.mitre.org/data/definitions/703.html)
   More Info: https://bandit.readthedocs.io/en/1.8.6/plugins/b101_assert_used.html
   Location: ./tests/test_w6_gap_fill.py:338:8
337	        vg.register_gate("g", Gate("G", auto_pass=True))
338	        assert vg.check_gate("g", {}) is True
339	

--------------------------------------------------
>> Issue: [B101:assert_used] Use of assert detected. The enclosed code will be removed when compiling to optimised byte code.
   Severity: Low   Confidence: High
   CWE: CWE-703 (https://cwe.mitre.org/data/definitions/703.html)
   More Info: https://bandit.readthedocs.io/en/1.8.6/plugins/b101_assert_used.html
   Location: ./tests/test_w6_gap_fill.py:342:8
341	        from core.verification_gate import VerificationGates
342	        assert VerificationGates().check_gate("missing", {}) is False
343	

--------------------------------------------------
>> Issue: [B101:assert_used] Use of assert detected. The enclosed code will be removed when compiling to optimised byte code.
   Severity: Low   Confidence: High
   CWE: CWE-703 (https://cwe.mitre.org/data/definitions/703.html)
   More Info: https://bandit.readthedocs.io/en/1.8.6/plugins/b101_assert_used.html
   Location: ./tests/test_w6_gap_fill.py:351:8
350	        results = vg.execute_sequence({})
351	        assert results["a"] is True
352	        assert results["b"] is True

--------------------------------------------------
>> Issue: [B101:assert_used] Use of assert detected. The enclosed code will be removed when compiling to optimised byte code.
   Severity: Low   Confidence: High
   CWE: CWE-703 (https://cwe.mitre.org/data/definitions/703.html)
   More Info: https://bandit.readthedocs.io/en/1.8.6/plugins/b101_assert_used.html
   Location: ./tests/test_w6_gap_fill.py:352:8
351	        assert results["a"] is True
352	        assert results["b"] is True
353	

--------------------------------------------------
>> Issue: [B101:assert_used] Use of assert detected. The enclosed code will be removed when compiling to optimised byte code.
   Severity: Low   Confidence: High
   CWE: CWE-703 (https://cwe.mitre.org/data/definitions/703.html)
   More Info: https://bandit.readthedocs.io/en/1.8.6/plugins/b101_assert_used.html
   Location: ./tests/test_w6_gap_fill.py:360:8
359	        status = vg.get_status()
360	        assert status["a"]["status"] == "passed"
361	

--------------------------------------------------
>> Issue: [B101:assert_used] Use of assert detected. The enclosed code will be removed when compiling to optimised byte code.
   Severity: Low   Confidence: High
   CWE: CWE-703 (https://cwe.mitre.org/data/definitions/703.html)
   More Info: https://bandit.readthedocs.io/en/1.8.6/plugins/b101_assert_used.html
   Location: ./tests/test_w6_gap_fill.py:369:8
368	        vg.check_gate("f", {})
369	        assert vg.get_passed_count() == 1
370	        assert vg.get_failed_count() == 1

--------------------------------------------------
>> Issue: [B101:assert_used] Use of assert detected. The enclosed code will be removed when compiling to optimised byte code.
   Severity: Low   Confidence: High
   CWE: CWE-703 (https://cwe.mitre.org/data/definitions/703.html)
   More Info: https://bandit.readthedocs.io/en/1.8.6/plugins/b101_assert_used.html
   Location: ./tests/test_w6_gap_fill.py:370:8
369	        assert vg.get_passed_count() == 1
370	        assert vg.get_failed_count() == 1
371	

--------------------------------------------------
>> Issue: [B101:assert_used] Use of assert detected. The enclosed code will be removed when compiling to optimised byte code.
   Severity: Low   Confidence: High
   CWE: CWE-703 (https://cwe.mitre.org/data/definitions/703.html)
   More Info: https://bandit.readthedocs.io/en/1.8.6/plugins/b101_assert_used.html
   Location: ./tests/test_w6_gap_fill.py:378:8
377	        vg.reset_all()
378	        assert vg.gates["a"].status == GateStatus.NOT_REACHED
379	

--------------------------------------------------
>> Issue: [B101:assert_used] Use of assert detected. The enclosed code will be removed when compiling to optimised byte code.
   Severity: Low   Confidence: High
   CWE: CWE-703 (https://cwe.mitre.org/data/definitions/703.html)
   More Info: https://bandit.readthedocs.io/en/1.8.6/plugins/b101_assert_used.html
   Location: ./tests/test_w6_gap_fill.py:385:8
384	        g = HITLGates()
385	        assert "human_approved" in g.gate_sequence
386	        assert len(g.gates) == 4

--------------------------------------------------
>> Issue: [B101:assert_used] Use of assert detected. The enclosed code will be removed when compiling to optimised byte code.
   Severity: Low   Confidence: High
   CWE: CWE-703 (https://cwe.mitre.org/data/definitions/703.html)
   More Info: https://bandit.readthedocs.io/en/1.8.6/plugins/b101_assert_used.html
   Location: ./tests/test_w6_gap_fill.py:386:8
385	        assert "human_approved" in g.gate_sequence
386	        assert len(g.gates) == 4
387	

--------------------------------------------------
>> Issue: [B101:assert_used] Use of assert detected. The enclosed code will be removed when compiling to optimised byte code.
   Severity: Low   Confidence: High
   CWE: CWE-703 (https://cwe.mitre.org/data/definitions/703.html)
   More Info: https://bandit.readthedocs.io/en/1.8.6/plugins/b101_assert_used.html
   Location: ./tests/test_w6_gap_fill.py:391:8
390	        g = AutonomousGates()
391	        assert "agent_assigned" in g.gate_sequence
392	        assert "quality_check" in g.gate_sequence

--------------------------------------------------
>> Issue: [B101:assert_used] Use of assert detected. The enclosed code will be removed when compiling to optimised byte code.
   Severity: Low   Confidence: High
   CWE: CWE-703 (https://cwe.mitre.org/data/definitions/703.html)
   More Info: https://bandit.readthedocs.io/en/1.8.6/plugins/b101_assert_used.html
   Location: ./tests/test_w6_gap_fill.py:392:8
391	        assert "agent_assigned" in g.gate_sequence
392	        assert "quality_check" in g.gate_sequence
393	

--------------------------------------------------
>> Issue: [B101:assert_used] Use of assert detected. The enclosed code will be removed when compiling to optimised byte code.
   Severity: Low   Confidence: High
   CWE: CWE-703 (https://cwe.mitre.org/data/definitions/703.html)
   More Info: https://bandit.readthedocs.io/en/1.8.6/plugins/b101_assert_used.html
   Location: ./tests/test_w6_gap_fill.py:402:8
401	        entry = logger.log_spawn("developer", "FR-01 implement", "sess-001")
402	        assert entry["role"] == "developer"
403	        assert entry["session_id"] == "sess-001"

--------------------------------------------------
>> Issue: [B101:assert_used] Use of assert detected. The enclosed code will be removed when compiling to optimised byte code.
   Severity: Low   Confidence: High
   CWE: CWE-703 (https://cwe.mitre.org/data/definitions/703.html)
   More Info: https://bandit.readthedocs.io/en/1.8.6/plugins/b101_assert_used.html
   Location: ./tests/test_w6_gap_fill.py:403:8
402	        assert entry["role"] == "developer"
403	        assert entry["session_id"] == "sess-001"
404	

--------------------------------------------------
>> Issue: [B101:assert_used] Use of assert detected. The enclosed code will be removed when compiling to optimised byte code.
   Severity: Low   Confidence: High
   CWE: CWE-703 (https://cwe.mitre.org/data/definitions/703.html)
   More Info: https://bandit.readthedocs.io/en/1.8.6/plugins/b101_assert_used.html
   Location: ./tests/test_w6_gap_fill.py:411:8
410	        entries = logger._read_entries()
411	        assert len(entries) == 2
412	

--------------------------------------------------
>> Issue: [B101:assert_used] Use of assert detected. The enclosed code will be removed when compiling to optimised byte code.
   Severity: Low   Confidence: High
   CWE: CWE-703 (https://cwe.mitre.org/data/definitions/703.html)
   More Info: https://bandit.readthedocs.io/en/1.8.6/plugins/b101_assert_used.html
   Location: ./tests/test_w6_gap_fill.py:417:8
416	        entry = logger.log_spawn("dev", "task", "s1", confidence=8)
417	        assert entry["confidence"] == 8
418	

--------------------------------------------------
>> Issue: [B101:assert_used] Use of assert detected. The enclosed code will be removed when compiling to optimised byte code.
   Severity: Low   Confidence: High
   CWE: CWE-703 (https://cwe.mitre.org/data/definitions/703.html)
   More Info: https://bandit.readthedocs.io/en/1.8.6/plugins/b101_assert_used.html
   Location: ./tests/test_w6_gap_fill.py:423:8
422	        entry = logger.log_spawn("dev", "task", "s1", status="COMPLETED")
423	        assert entry["status"] == "COMPLETED"
424	

--------------------------------------------------
>> Issue: [B101:assert_used] Use of assert detected. The enclosed code will be removed when compiling to optimised byte code.
   Severity: Low   Confidence: High
   CWE: CWE-703 (https://cwe.mitre.org/data/definitions/703.html)
   More Info: https://bandit.readthedocs.io/en/1.8.6/plugins/b101_assert_used.html
   Location: ./tests/test_w6_gap_fill.py:429:8
428	        entry = logger.log_spawn("dev", "task", "s1", phase=3)
429	        assert entry["phase"] == 3
430	

--------------------------------------------------
>> Issue: [B101:assert_used] Use of assert detected. The enclosed code will be removed when compiling to optimised byte code.
   Severity: Low   Confidence: High
   CWE: CWE-703 (https://cwe.mitre.org/data/definitions/703.html)
   More Info: https://bandit.readthedocs.io/en/1.8.6/plugins/b101_assert_used.html
   Location: ./tests/test_w6_gap_fill.py:436:8
435	        updated = logger.log_update("sess-001", status="COMPLETED")
436	        assert updated is not None
437	        assert updated["status"] == "COMPLETED"

--------------------------------------------------
>> Issue: [B101:assert_used] Use of assert detected. The enclosed code will be removed when compiling to optimised byte code.
   Severity: Low   Confidence: High
   CWE: CWE-703 (https://cwe.mitre.org/data/definitions/703.html)
   More Info: https://bandit.readthedocs.io/en/1.8.6/plugins/b101_assert_used.html
   Location: ./tests/test_w6_gap_fill.py:437:8
436	        assert updated is not None
437	        assert updated["status"] == "COMPLETED"
438	

--------------------------------------------------
>> Issue: [B101:assert_used] Use of assert detected. The enclosed code will be removed when compiling to optimised byte code.
   Severity: Low   Confidence: High
   CWE: CWE-703 (https://cwe.mitre.org/data/definitions/703.html)
   More Info: https://bandit.readthedocs.io/en/1.8.6/plugins/b101_assert_used.html
   Location: ./tests/test_w6_gap_fill.py:442:8
441	        logger = SessionsSpawnLogger(tmp_path)
442	        assert logger.log_update("nonexistent") is None
443	

--------------------------------------------------
>> Issue: [B101:assert_used] Use of assert detected. The enclosed code will be removed when compiling to optimised byte code.
   Severity: Low   Confidence: High
   CWE: CWE-703 (https://cwe.mitre.org/data/definitions/703.html)
   More Info: https://bandit.readthedocs.io/en/1.8.6/plugins/b101_assert_used.html
   Location: ./tests/test_w6_gap_fill.py:448:8
447	        result = logger.validate()
448	        assert result["valid"] is True
449	        assert result["count"] == 0

--------------------------------------------------
>> Issue: [B101:assert_used] Use of assert detected. The enclosed code will be removed when compiling to optimised byte code.
   Severity: Low   Confidence: High
   CWE: CWE-703 (https://cwe.mitre.org/data/definitions/703.html)
   More Info: https://bandit.readthedocs.io/en/1.8.6/plugins/b101_assert_used.html
   Location: ./tests/test_w6_gap_fill.py:449:8
448	        assert result["valid"] is True
449	        assert result["count"] == 0
450	

--------------------------------------------------
>> Issue: [B101:assert_used] Use of assert detected. The enclosed code will be removed when compiling to optimised byte code.
   Severity: Low   Confidence: High
   CWE: CWE-703 (https://cwe.mitre.org/data/definitions/703.html)
   More Info: https://bandit.readthedocs.io/en/1.8.6/plugins/b101_assert_used.html
   Location: ./tests/test_w6_gap_fill.py:456:8
455	        result = logger.validate()
456	        assert result["valid"] is True
457	        assert result["count"] == 1

--------------------------------------------------
>> Issue: [B101:assert_used] Use of assert detected. The enclosed code will be removed when compiling to optimised byte code.
   Severity: Low   Confidence: High
   CWE: CWE-703 (https://cwe.mitre.org/data/definitions/703.html)
   More Info: https://bandit.readthedocs.io/en/1.8.6/plugins/b101_assert_used.html
   Location: ./tests/test_w6_gap_fill.py:457:8
456	        assert result["valid"] is True
457	        assert result["count"] == 1
458	

--------------------------------------------------
>> Issue: [B101:assert_used] Use of assert detected. The enclosed code will be removed when compiling to optimised byte code.
   Severity: Low   Confidence: High
   CWE: CWE-703 (https://cwe.mitre.org/data/definitions/703.html)
   More Info: https://bandit.readthedocs.io/en/1.8.6/plugins/b101_assert_used.html
   Location: ./tests/test_w6_gap_fill.py:465:8
464	        result = logger.validate()
465	        assert result["valid"] is False
466	

--------------------------------------------------
>> Issue: [B101:assert_used] Use of assert detected. The enclosed code will be removed when compiling to optimised byte code.
   Severity: Low   Confidence: High
   CWE: CWE-703 (https://cwe.mitre.org/data/definitions/703.html)
   More Info: https://bandit.readthedocs.io/en/1.8.6/plugins/b101_assert_used.html
   Location: ./tests/test_w6_gap_fill.py:472:8
471	        s = logger.get_summary()
472	        assert "total_entries" in s
473	        assert "role_counts" in s

--------------------------------------------------
>> Issue: [B101:assert_used] Use of assert detected. The enclosed code will be removed when compiling to optimised byte code.
   Severity: Low   Confidence: High
   CWE: CWE-703 (https://cwe.mitre.org/data/definitions/703.html)
   More Info: https://bandit.readthedocs.io/en/1.8.6/plugins/b101_assert_used.html
   Location: ./tests/test_w6_gap_fill.py:473:8
472	        assert "total_entries" in s
473	        assert "role_counts" in s
474	        assert "status_counts" in s

--------------------------------------------------
>> Issue: [B101:assert_used] Use of assert detected. The enclosed code will be removed when compiling to optimised byte code.
   Severity: Low   Confidence: High
   CWE: CWE-703 (https://cwe.mitre.org/data/definitions/703.html)
   More Info: https://bandit.readthedocs.io/en/1.8.6/plugins/b101_assert_used.html
   Location: ./tests/test_w6_gap_fill.py:474:8
473	        assert "role_counts" in s
474	        assert "status_counts" in s
475	

--------------------------------------------------
>> Issue: [B101:assert_used] Use of assert detected. The enclosed code will be removed when compiling to optimised byte code.
   Severity: Low   Confidence: High
   CWE: CWE-703 (https://cwe.mitre.org/data/definitions/703.html)
   More Info: https://bandit.readthedocs.io/en/1.8.6/plugins/b101_assert_used.html
   Location: ./tests/test_w6_gap_fill.py:481:8
480	        log_file.write_text("")
481	        assert logger._read_entries() == []
482	

--------------------------------------------------
>> Issue: [B101:assert_used] Use of assert detected. The enclosed code will be removed when compiling to optimised byte code.
   Severity: Low   Confidence: High
   CWE: CWE-703 (https://cwe.mitre.org/data/definitions/703.html)
   More Info: https://bandit.readthedocs.io/en/1.8.6/plugins/b101_assert_used.html
   Location: ./tests/test_w6_gap_fill.py:489:8
488	        entries = logger._read_entries()
489	        assert len(entries) == 2
490	

--------------------------------------------------
>> Issue: [B101:assert_used] Use of assert detected. The enclosed code will be removed when compiling to optimised byte code.
   Severity: Low   Confidence: High
   CWE: CWE-703 (https://cwe.mitre.org/data/definitions/703.html)
   More Info: https://bandit.readthedocs.io/en/1.8.6/plugins/b101_assert_used.html
   Location: ./tests/test_w6_gap_fill.py:494:8
493	        entry = log_spawn_event(tmp_path, role="dev", task="FR-01", session_id="s1")
494	        assert entry["role"] == "dev"
495	

--------------------------------------------------
>> Issue: [B101:assert_used] Use of assert detected. The enclosed code will be removed when compiling to optimised byte code.
   Severity: Low   Confidence: High
   CWE: CWE-703 (https://cwe.mitre.org/data/definitions/703.html)
   More Info: https://bandit.readthedocs.io/en/1.8.6/plugins/b101_assert_used.html
   Location: ./tests/test_w6_gap_fill.py:514:8
513	        result = h.preflight_fsm_check()
514	        assert result["passed"] is False
515	        assert "UNKNOWN" in result["state"]

--------------------------------------------------
>> Issue: [B101:assert_used] Use of assert detected. The enclosed code will be removed when compiling to optimised byte code.
   Severity: Low   Confidence: High
   CWE: CWE-703 (https://cwe.mitre.org/data/definitions/703.html)
   More Info: https://bandit.readthedocs.io/en/1.8.6/plugins/b101_assert_used.html
   Location: ./tests/test_w6_gap_fill.py:515:8
514	        assert result["passed"] is False
515	        assert "UNKNOWN" in result["state"]
516	

--------------------------------------------------
>> Issue: [B101:assert_used] Use of assert detected. The enclosed code will be removed when compiling to optimised byte code.
   Severity: Low   Confidence: High
   CWE: CWE-703 (https://cwe.mitre.org/data/definitions/703.html)
   More Info: https://bandit.readthedocs.io/en/1.8.6/plugins/b101_assert_used.html
   Location: ./tests/test_w6_gap_fill.py:521:8
520	        result = h.preflight_fsm_check()
521	        assert result["passed"] is True
522	

--------------------------------------------------
>> Issue: [B101:assert_used] Use of assert detected. The enclosed code will be removed when compiling to optimised byte code.
   Severity: Low   Confidence: High
   CWE: CWE-703 (https://cwe.mitre.org/data/definitions/703.html)
   More Info: https://bandit.readthedocs.io/en/1.8.6/plugins/b101_assert_used.html
   Location: ./tests/test_w6_gap_fill.py:527:8
526	        result = h.preflight_fsm_check()
527	        assert result["passed"] is False
528	

--------------------------------------------------
>> Issue: [B101:assert_used] Use of assert detected. The enclosed code will be removed when compiling to optimised byte code.
   Severity: Low   Confidence: High
   CWE: CWE-703 (https://cwe.mitre.org/data/definitions/703.html)
   More Info: https://bandit.readthedocs.io/en/1.8.6/plugins/b101_assert_used.html
   Location: ./tests/test_w6_gap_fill.py:533:8
532	        result = h.preflight_fsm_check()
533	        assert result["passed"] is False
534	

--------------------------------------------------
>> Issue: [B101:assert_used] Use of assert detected. The enclosed code will be removed when compiling to optimised byte code.
   Severity: Low   Confidence: High
   CWE: CWE-703 (https://cwe.mitre.org/data/definitions/703.html)
   More Info: https://bandit.readthedocs.io/en/1.8.6/plugins/b101_assert_used.html
   Location: ./tests/test_w6_gap_fill.py:539:8
538	        result = h.preflight_fsm_check()
539	        assert result["passed"] is False
540	

--------------------------------------------------
>> Issue: [B101:assert_used] Use of assert detected. The enclosed code will be removed when compiling to optimised byte code.
   Severity: Low   Confidence: High
   CWE: CWE-703 (https://cwe.mitre.org/data/definitions/703.html)
   More Info: https://bandit.readthedocs.io/en/1.8.6/plugins/b101_assert_used.html
   Location: ./tests/test_w6_gap_fill.py:545:8
544	            result = h.preflight_tool_registry()
545	        assert result["passed"] is True   # skipped = True
546	

--------------------------------------------------
>> Issue: [B101:assert_used] Use of assert detected. The enclosed code will be removed when compiling to optimised byte code.
   Severity: Low   Confidence: High
   CWE: CWE-703 (https://cwe.mitre.org/data/definitions/703.html)
   More Info: https://bandit.readthedocs.io/en/1.8.6/plugins/b101_assert_used.html
   Location: ./tests/test_w6_gap_fill.py:551:8
550	            result = h.preflight_constitution()
551	        assert result["passed"] is False
552	

--------------------------------------------------
>> Issue: [B101:assert_used] Use of assert detected. The enclosed code will be removed when compiling to optimised byte code.
   Severity: Low   Confidence: High
   CWE: CWE-703 (https://cwe.mitre.org/data/definitions/703.html)
   More Info: https://bandit.readthedocs.io/en/1.8.6/plugins/b101_assert_used.html
   Location: ./tests/test_w6_gap_fill.py:556:8
555	        h.monitoring_before_dev("FR-01")
556	        assert len(h.monitoring_events) == 1
557	        assert h.monitoring_events[0]["type"] == "before_dev"

--------------------------------------------------
>> Issue: [B101:assert_used] Use of assert detected. The enclosed code will be removed when compiling to optimised byte code.
   Severity: Low   Confidence: High
   CWE: CWE-703 (https://cwe.mitre.org/data/definitions/703.html)
   More Info: https://bandit.readthedocs.io/en/1.8.6/plugins/b101_assert_used.html
   Location: ./tests/test_w6_gap_fill.py:557:8
556	        assert len(h.monitoring_events) == 1
557	        assert h.monitoring_events[0]["type"] == "before_dev"
558	

--------------------------------------------------
>> Issue: [B101:assert_used] Use of assert detected. The enclosed code will be removed when compiling to optimised byte code.
   Severity: Low   Confidence: High
   CWE: CWE-703 (https://cwe.mitre.org/data/definitions/703.html)
   More Info: https://bandit.readthedocs.io/en/1.8.6/plugins/b101_assert_used.html
   Location: ./tests/test_w6_gap_fill.py:562:8
561	        h.monitoring_after_dev("FR-01", result=None)
562	        assert h.fr_results[-1]["dev_status"] == "unknown"
563	

--------------------------------------------------
>> Issue: [B101:assert_used] Use of assert detected. The enclosed code will be removed when compiling to optimised byte code.
   Severity: Low   Confidence: High
   CWE: CWE-703 (https://cwe.mitre.org/data/definitions/703.html)
   More Info: https://bandit.readthedocs.io/en/1.8.6/plugins/b101_assert_used.html
   Location: ./tests/test_w6_gap_fill.py:568:8
567	        h.monitoring_after_dev("FR-01", result=res)
568	        assert h.fr_results[-1]["dev_status"] == "DONE"
569	        assert h.fr_results[-1]["dev_confidence"] == 8

--------------------------------------------------
>> Issue: [B101:assert_used] Use of assert detected. The enclosed code will be removed when compiling to optimised byte code.
   Severity: Low   Confidence: High
   CWE: CWE-703 (https://cwe.mitre.org/data/definitions/703.html)
   More Info: https://bandit.readthedocs.io/en/1.8.6/plugins/b101_assert_used.html
   Location: ./tests/test_w6_gap_fill.py:569:8
568	        assert h.fr_results[-1]["dev_status"] == "DONE"
569	        assert h.fr_results[-1]["dev_confidence"] == 8
570	

--------------------------------------------------
>> Issue: [B101:assert_used] Use of assert detected. The enclosed code will be removed when compiling to optimised byte code.
   Severity: Low   Confidence: High
   CWE: CWE-703 (https://cwe.mitre.org/data/definitions/703.html)
   More Info: https://bandit.readthedocs.io/en/1.8.6/plugins/b101_assert_used.html
   Location: ./tests/test_w6_gap_fill.py:574:8
573	        h.monitoring_before_rev("FR-01")
574	        assert h.monitoring_events[-1]["type"] == "before_rev"
575	

--------------------------------------------------
>> Issue: [B101:assert_used] Use of assert detected. The enclosed code will be removed when compiling to optimised byte code.
   Severity: Low   Confidence: High
   CWE: CWE-703 (https://cwe.mitre.org/data/definitions/703.html)
   More Info: https://bandit.readthedocs.io/en/1.8.6/plugins/b101_assert_used.html
   Location: ./tests/test_w6_gap_fill.py:580:8
579	        h.monitoring_after_rev("FR-01", result=None)
580	        assert "rev_status" in h.fr_results[-1]
581	

--------------------------------------------------
>> Issue: [B101:assert_used] Use of assert detected. The enclosed code will be removed when compiling to optimised byte code.
   Severity: Low   Confidence: High
   CWE: CWE-703 (https://cwe.mitre.org/data/definitions/703.html)
   More Info: https://bandit.readthedocs.io/en/1.8.6/plugins/b101_assert_used.html
   Location: ./tests/test_w6_gap_fill.py:584:8
583	        h = self._hooks(tmp_path)
584	        assert h.monitoring_hr12_check("FR-01", iteration=3, max_iterations=5) is True
585	

--------------------------------------------------
>> Issue: [B101:assert_used] Use of assert detected. The enclosed code will be removed when compiling to optimised byte code.
   Severity: Low   Confidence: High
   CWE: CWE-703 (https://cwe.mitre.org/data/definitions/703.html)
   More Info: https://bandit.readthedocs.io/en/1.8.6/plugins/b101_assert_used.html
   Location: ./tests/test_w6_gap_fill.py:588:8
587	        h = self._hooks(tmp_path)
588	        assert h.monitoring_hr12_check("FR-01", iteration=5, max_iterations=5) is False
589	

--------------------------------------------------
>> Issue: [B101:assert_used] Use of assert detected. The enclosed code will be removed when compiling to optimised byte code.
   Severity: Low   Confidence: High
   CWE: CWE-703 (https://cwe.mitre.org/data/definitions/703.html)
   More Info: https://bandit.readthedocs.io/en/1.8.6/plugins/b101_assert_used.html
   Location: ./tests/test_w6_gap_fill.py:593:8
592	        result = h.postflight_update_state(success=False)
593	        assert result["updated"] is False
594	

--------------------------------------------------
>> Issue: [B101:assert_used] Use of assert detected. The enclosed code will be removed when compiling to optimised byte code.
   Severity: Low   Confidence: High
   CWE: CWE-703 (https://cwe.mitre.org/data/definitions/703.html)
   More Info: https://bandit.readthedocs.io/en/1.8.6/plugins/b101_assert_used.html
   Location: ./tests/test_w6_gap_fill.py:598:8
597	        result = h.postflight_update_state(success=True)
598	        assert result["updated"] is False
599	

--------------------------------------------------
>> Issue: [B101:assert_used] Use of assert detected. The enclosed code will be removed when compiling to optimised byte code.
   Severity: Low   Confidence: High
   CWE: CWE-703 (https://cwe.mitre.org/data/definitions/703.html)
   More Info: https://bandit.readthedocs.io/en/1.8.6/plugins/b101_assert_used.html
   Location: ./tests/test_w6_gap_fill.py:604:8
603	        result = h.postflight_update_state(success=True)
604	        assert result["updated"] is True
605	        assert result["new_phase"] == 3

--------------------------------------------------
>> Issue: [B101:assert_used] Use of assert detected. The enclosed code will be removed when compiling to optimised byte code.
   Severity: Low   Confidence: High
   CWE: CWE-703 (https://cwe.mitre.org/data/definitions/703.html)
   More Info: https://bandit.readthedocs.io/en/1.8.6/plugins/b101_assert_used.html
   Location: ./tests/test_w6_gap_fill.py:605:8
604	        assert result["updated"] is True
605	        assert result["new_phase"] == 3
606	

--------------------------------------------------
>> Issue: [B101:assert_used] Use of assert detected. The enclosed code will be removed when compiling to optimised byte code.
   Severity: Low   Confidence: High
   CWE: CWE-703 (https://cwe.mitre.org/data/definitions/703.html)
   More Info: https://bandit.readthedocs.io/en/1.8.6/plugins/b101_assert_used.html
   Location: ./tests/test_w6_gap_fill.py:611:8
610	        result = h.postflight_update_state(success=True)
611	        assert result["updated"] is False
612	

--------------------------------------------------
>> Issue: [B101:assert_used] Use of assert detected. The enclosed code will be removed when compiling to optimised byte code.
   Severity: Low   Confidence: High
   CWE: CWE-703 (https://cwe.mitre.org/data/definitions/703.html)
   More Info: https://bandit.readthedocs.io/en/1.8.6/plugins/b101_assert_used.html
   Location: ./tests/test_w6_gap_fill.py:616:8
615	        s = h.postflight_summary()
616	        assert s["total_frs"] == 0
617	        assert s["approved"] == 0

--------------------------------------------------
>> Issue: [B101:assert_used] Use of assert detected. The enclosed code will be removed when compiling to optimised byte code.
   Severity: Low   Confidence: High
   CWE: CWE-703 (https://cwe.mitre.org/data/definitions/703.html)
   More Info: https://bandit.readthedocs.io/en/1.8.6/plugins/b101_assert_used.html
   Location: ./tests/test_w6_gap_fill.py:617:8
616	        assert s["total_frs"] == 0
617	        assert s["approved"] == 0
618	

--------------------------------------------------
>> Issue: [B101:assert_used] Use of assert detected. The enclosed code will be removed when compiling to optimised byte code.
   Severity: Low   Confidence: High
   CWE: CWE-703 (https://cwe.mitre.org/data/definitions/703.html)
   More Info: https://bandit.readthedocs.io/en/1.8.6/plugins/b101_assert_used.html
   Location: ./tests/test_w6_gap_fill.py:623:8
622	        s = h.postflight_summary()
623	        assert s["approved"] == 1
624	

--------------------------------------------------
>> Issue: [B101:assert_used] Use of assert detected. The enclosed code will be removed when compiling to optimised byte code.
   Severity: Low   Confidence: High
   CWE: CWE-703 (https://cwe.mitre.org/data/definitions/703.html)
   More Info: https://bandit.readthedocs.io/en/1.8.6/plugins/b101_assert_used.html
   Location: ./tests/test_w6_gap_fill.py:630:8
629	        h.add_fr_result("FR-01", dev, rev)
630	        assert h.fr_results[-1]["fr_id"] == "FR-01"
631	        assert h.fr_results[-1]["review_status"] == "APPROVE"

--------------------------------------------------
>> Issue: [B101:assert_used] Use of assert detected. The enclosed code will be removed when compiling to optimised byte code.
   Severity: Low   Confidence: High
   CWE: CWE-703 (https://cwe.mitre.org/data/definitions/703.html)
   More Info: https://bandit.readthedocs.io/en/1.8.6/plugins/b101_assert_used.html
   Location: ./tests/test_w6_gap_fill.py:631:8
630	        assert h.fr_results[-1]["fr_id"] == "FR-01"
631	        assert h.fr_results[-1]["review_status"] == "APPROVE"
632	

--------------------------------------------------
>> Issue: [B101:assert_used] Use of assert detected. The enclosed code will be removed when compiling to optimised byte code.
   Severity: Low   Confidence: High
   CWE: CWE-703 (https://cwe.mitre.org/data/definitions/703.html)
   More Info: https://bandit.readthedocs.io/en/1.8.6/plugins/b101_assert_used.html
   Location: ./tests/test_w6_gap_fill.py:645:8
644	        h = self._hook(tmp_path)
645	        assert h.project_root == tmp_path
646	        assert "pre-commit" in str(h.hook_path)

--------------------------------------------------
>> Issue: [B101:assert_used] Use of assert detected. The enclosed code will be removed when compiling to optimised byte code.
   Severity: Low   Confidence: High
   CWE: CWE-703 (https://cwe.mitre.org/data/definitions/703.html)
   More Info: https://bandit.readthedocs.io/en/1.8.6/plugins/b101_assert_used.html
   Location: ./tests/test_w6_gap_fill.py:646:8
645	        assert h.project_root == tmp_path
646	        assert "pre-commit" in str(h.hook_path)
647	        assert "agent_hook_core" in str(h.core_path)

--------------------------------------------------
>> Issue: [B101:assert_used] Use of assert detected. The enclosed code will be removed when compiling to optimised byte code.
   Severity: Low   Confidence: High
   CWE: CWE-703 (https://cwe.mitre.org/data/definitions/703.html)
   More Info: https://bandit.readthedocs.io/en/1.8.6/plugins/b101_assert_used.html
   Location: ./tests/test_w6_gap_fill.py:647:8
646	        assert "pre-commit" in str(h.hook_path)
647	        assert "agent_hook_core" in str(h.core_path)
648	

--------------------------------------------------
>> Issue: [B101:assert_used] Use of assert detected. The enclosed code will be removed when compiling to optimised byte code.
   Severity: Low   Confidence: High
   CWE: CWE-703 (https://cwe.mitre.org/data/definitions/703.html)
   More Info: https://bandit.readthedocs.io/en/1.8.6/plugins/b101_assert_used.html
   Location: ./tests/test_w6_gap_fill.py:652:8
651	        content = h._generate_core_module()
652	        assert "def enforce()" in content
653	

--------------------------------------------------
>> Issue: [B101:assert_used] Use of assert detected. The enclosed code will be removed when compiling to optimised byte code.
   Severity: Low   Confidence: High
   CWE: CWE-703 (https://cwe.mitre.org/data/definitions/703.html)
   More Info: https://bandit.readthedocs.io/en/1.8.6/plugins/b101_assert_used.html
   Location: ./tests/test_w6_gap_fill.py:658:8
657	            h.install()
658	        assert h.hook_path.exists()
659	        assert h.core_path.exists()

--------------------------------------------------
>> Issue: [B101:assert_used] Use of assert detected. The enclosed code will be removed when compiling to optimised byte code.
   Severity: Low   Confidence: High
   CWE: CWE-703 (https://cwe.mitre.org/data/definitions/703.html)
   More Info: https://bandit.readthedocs.io/en/1.8.6/plugins/b101_assert_used.html
   Location: ./tests/test_w6_gap_fill.py:659:8
658	        assert h.hook_path.exists()
659	        assert h.core_path.exists()
660	

--------------------------------------------------
>> Issue: [B101:assert_used] Use of assert detected. The enclosed code will be removed when compiling to optimised byte code.
   Severity: Low   Confidence: High
   CWE: CWE-703 (https://cwe.mitre.org/data/definitions/703.html)
   More Info: https://bandit.readthedocs.io/en/1.8.6/plugins/b101_assert_used.html
   Location: ./tests/test_w6_gap_fill.py:665:8
664	        content = h.hook_path.read_text()
665	        assert "Agent-Proof Hook" in content
666	        assert h.hook_path.stat().st_mode & 0o111  # executable

--------------------------------------------------
>> Issue: [B101:assert_used] Use of assert detected. The enclosed code will be removed when compiling to optimised byte code.
   Severity: Low   Confidence: High
   CWE: CWE-703 (https://cwe.mitre.org/data/definitions/703.html)
   More Info: https://bandit.readthedocs.io/en/1.8.6/plugins/b101_assert_used.html
   Location: ./tests/test_w6_gap_fill.py:666:8
665	        assert "Agent-Proof Hook" in content
666	        assert h.hook_path.stat().st_mode & 0o111  # executable
667	

--------------------------------------------------
>> Issue: [B101:assert_used] Use of assert detected. The enclosed code will be removed when compiling to optimised byte code.
   Severity: Low   Confidence: High
   CWE: CWE-703 (https://cwe.mitre.org/data/definitions/703.html)
   More Info: https://bandit.readthedocs.io/en/1.8.6/plugins/b101_assert_used.html
   Location: ./tests/test_w6_gap_fill.py:673:8
672	        backup = h.hook_path.with_suffix(".backup")
673	        assert backup.exists()
674	

--------------------------------------------------
>> Issue: [B101:assert_used] Use of assert detected. The enclosed code will be removed when compiling to optimised byte code.
   Severity: Low   Confidence: High
   CWE: CWE-703 (https://cwe.mitre.org/data/definitions/703.html)
   More Info: https://bandit.readthedocs.io/en/1.8.6/plugins/b101_assert_used.html
   Location: ./tests/test_w6_gap_fill.py:677:8
676	        h = self._hook(tmp_path)
677	        assert h.verify() is False
678	

--------------------------------------------------
>> Issue: [B101:assert_used] Use of assert detected. The enclosed code will be removed when compiling to optimised byte code.
   Severity: Low   Confidence: High
   CWE: CWE-703 (https://cwe.mitre.org/data/definitions/703.html)
   More Info: https://bandit.readthedocs.io/en/1.8.6/plugins/b101_assert_used.html
   Location: ./tests/test_w6_gap_fill.py:682:8
681	        h.hook_path.write_text("Agent-Proof Hook content")
682	        assert h.verify() is False
683	

--------------------------------------------------
>> Issue: [B101:assert_used] Use of assert detected. The enclosed code will be removed when compiling to optimised byte code.
   Severity: Low   Confidence: High
   CWE: CWE-703 (https://cwe.mitre.org/data/definitions/703.html)
   More Info: https://bandit.readthedocs.io/en/1.8.6/plugins/b101_assert_used.html
   Location: ./tests/test_w6_gap_fill.py:689:8
688	        h.core_path.write_text("def enforce(): pass")
689	        assert h.verify() is False
690	

--------------------------------------------------
>> Issue: [B101:assert_used] Use of assert detected. The enclosed code will be removed when compiling to optimised byte code.
   Severity: Low   Confidence: High
   CWE: CWE-703 (https://cwe.mitre.org/data/definitions/703.html)
   More Info: https://bandit.readthedocs.io/en/1.8.6/plugins/b101_assert_used.html
   Location: ./tests/test_w6_gap_fill.py:696:8
695	        h.core_path.write_text("no enforce function here")
696	        assert h.verify() is False
697	

--------------------------------------------------
>> Issue: [B101:assert_used] Use of assert detected. The enclosed code will be removed when compiling to optimised byte code.
   Severity: Low   Confidence: High
   CWE: CWE-703 (https://cwe.mitre.org/data/definitions/703.html)
   More Info: https://bandit.readthedocs.io/en/1.8.6/plugins/b101_assert_used.html
   Location: ./tests/test_w6_gap_fill.py:702:8
701	            h.install()
702	        assert h.verify() is True
703	

--------------------------------------------------
>> Issue: [B101:assert_used] Use of assert detected. The enclosed code will be removed when compiling to optimised byte code.
   Severity: Low   Confidence: High
   CWE: CWE-703 (https://cwe.mitre.org/data/definitions/703.html)
   More Info: https://bandit.readthedocs.io/en/1.8.6/plugins/b101_assert_used.html
   Location: ./tests/test_w6_gap_fill.py:710:8
709	            h.uninstall()
710	        assert not h.core_path.exists()
711	

--------------------------------------------------
>> Issue: [B101:assert_used] Use of assert detected. The enclosed code will be removed when compiling to optimised byte code.
   Severity: Low   Confidence: High
   CWE: CWE-703 (https://cwe.mitre.org/data/definitions/703.html)
   More Info: https://bandit.readthedocs.io/en/1.8.6/plugins/b101_assert_used.html
   Location: ./tests/test_w6_gap_fill.py:743:8
742	        gen = self._patched_gen(tmp_path, phase=3)
743	        assert gen.phase == 3
744	

--------------------------------------------------
>> Issue: [B101:assert_used] Use of assert detected. The enclosed code will be removed when compiling to optimised byte code.
   Severity: Low   Confidence: High
   CWE: CWE-703 (https://cwe.mitre.org/data/definitions/703.html)
   More Info: https://bandit.readthedocs.io/en/1.8.6/plugins/b101_assert_used.html
   Location: ./tests/test_w6_gap_fill.py:747:8
746	        gen = self._patched_gen(tmp_path)
747	        assert "five_w1h_results" in gen.results
748	        assert "framework_results" in gen.results

--------------------------------------------------
>> Issue: [B101:assert_used] Use of assert detected. The enclosed code will be removed when compiling to optimised byte code.
   Severity: Low   Confidence: High
   CWE: CWE-703 (https://cwe.mitre.org/data/definitions/703.html)
   More Info: https://bandit.readthedocs.io/en/1.8.6/plugins/b101_assert_used.html
   Location: ./tests/test_w6_gap_fill.py:748:8
747	        assert "five_w1h_results" in gen.results
748	        assert "framework_results" in gen.results
749	        assert gen.results["phase"] == 3

--------------------------------------------------
>> Issue: [B101:assert_used] Use of assert detected. The enclosed code will be removed when compiling to optimised byte code.
   Severity: Low   Confidence: High
   CWE: CWE-703 (https://cwe.mitre.org/data/definitions/703.html)
   More Info: https://bandit.readthedocs.io/en/1.8.6/plugins/b101_assert_used.html
   Location: ./tests/test_w6_gap_fill.py:749:8
748	        assert "framework_results" in gen.results
749	        assert gen.results["phase"] == 3
750	

--------------------------------------------------
>> Issue: [B101:assert_used] Use of assert detected. The enclosed code will be removed when compiling to optimised byte code.
   Severity: Low   Confidence: High
   CWE: CWE-703 (https://cwe.mitre.org/data/definitions/703.html)
   More Info: https://bandit.readthedocs.io/en/1.8.6/plugins/b101_assert_used.html
   Location: ./tests/test_w6_gap_fill.py:754:8
753	        result = gen.run_step2b_confidence_format()
754	        assert result["passed"] is True
755	        assert "log not found" in result["message"]

--------------------------------------------------
>> Issue: [B101:assert_used] Use of assert detected. The enclosed code will be removed when compiling to optimised byte code.
   Severity: Low   Confidence: High
   CWE: CWE-703 (https://cwe.mitre.org/data/definitions/703.html)
   More Info: https://bandit.readthedocs.io/en/1.8.6/plugins/b101_assert_used.html
   Location: ./tests/test_w6_gap_fill.py:755:8
754	        assert result["passed"] is True
755	        assert "log not found" in result["message"]
756	

--------------------------------------------------
>> Issue: [B101:assert_used] Use of assert detected. The enclosed code will be removed when compiling to optimised byte code.
   Severity: Low   Confidence: High
   CWE: CWE-703 (https://cwe.mitre.org/data/definitions/703.html)
   More Info: https://bandit.readthedocs.io/en/1.8.6/plugins/b101_assert_used.html
   Location: ./tests/test_w6_gap_fill.py:763:8
762	        result = gen.run_step2b_confidence_format()
763	        assert result["passed"] is True
764	

--------------------------------------------------
>> Issue: [B101:assert_used] Use of assert detected. The enclosed code will be removed when compiling to optimised byte code.
   Severity: Low   Confidence: High
   CWE: CWE-703 (https://cwe.mitre.org/data/definitions/703.html)
   More Info: https://bandit.readthedocs.io/en/1.8.6/plugins/b101_assert_used.html
   Location: ./tests/test_w6_gap_fill.py:770:8
769	        result = gen.run_step2b_confidence_format()
770	        assert result["passed"] is False
771	        assert len(result["invalid_entries"]) == 1

--------------------------------------------------
>> Issue: [B101:assert_used] Use of assert detected. The enclosed code will be removed when compiling to optimised byte code.
   Severity: Low   Confidence: High
   CWE: CWE-703 (https://cwe.mitre.org/data/definitions/703.html)
   More Info: https://bandit.readthedocs.io/en/1.8.6/plugins/b101_assert_used.html
   Location: ./tests/test_w6_gap_fill.py:771:8
770	        assert result["passed"] is False
771	        assert len(result["invalid_entries"]) == 1
772	

--------------------------------------------------
>> Issue: [B101:assert_used] Use of assert detected. The enclosed code will be removed when compiling to optimised byte code.
   Severity: Low   Confidence: High
   CWE: CWE-703 (https://cwe.mitre.org/data/definitions/703.html)
   More Info: https://bandit.readthedocs.io/en/1.8.6/plugins/b101_assert_used.html
   Location: ./tests/test_w6_gap_fill.py:778:8
777	        result = gen.run_step2b_confidence_format()
778	        assert result["passed"] is True
779	

--------------------------------------------------
>> Issue: [B101:assert_used] Use of assert detected. The enclosed code will be removed when compiling to optimised byte code.
   Severity: Low   Confidence: High
   CWE: CWE-703 (https://cwe.mitre.org/data/definitions/703.html)
   More Info: https://bandit.readthedocs.io/en/1.8.6/plugins/b101_assert_used.html
   Location: ./tests/test_w6_gap_fill.py:785:8
784	        result = gen.run_step2b_confidence_format()
785	        assert result["passed"] is True
786	

--------------------------------------------------
>> Issue: [B101:assert_used] Use of assert detected. The enclosed code will be removed when compiling to optimised byte code.
   Severity: Low   Confidence: High
   CWE: CWE-703 (https://cwe.mitre.org/data/definitions/703.html)
   More Info: https://bandit.readthedocs.io/en/1.8.6/plugins/b101_assert_used.html
   Location: ./tests/test_w6_gap_fill.py:793:8
792	        score = gen.run_step4_confidence()
793	        assert score == 100
794	

--------------------------------------------------
>> Issue: [B101:assert_used] Use of assert detected. The enclosed code will be removed when compiling to optimised byte code.
   Severity: Low   Confidence: High
   CWE: CWE-703 (https://cwe.mitre.org/data/definitions/703.html)
   More Info: https://bandit.readthedocs.io/en/1.8.6/plugins/b101_assert_used.html
   Location: ./tests/test_w6_gap_fill.py:801:8
800	        score = gen.run_step4_confidence()
801	        assert score == 10   # only partial pytest credit
802	

--------------------------------------------------
>> Issue: [B101:assert_used] Use of assert detected. The enclosed code will be removed when compiling to optimised byte code.
   Severity: Low   Confidence: High
   CWE: CWE-703 (https://cwe.mitre.org/data/definitions/703.html)
   More Info: https://bandit.readthedocs.io/en/1.8.6/plugins/b101_assert_used.html
   Location: ./tests/test_w6_gap_fill.py:809:8
808	        score = gen.run_step4_confidence()
809	        assert score == 60   # 40 (BLOCK) + 0 (session) + 20 (pytest) + 0 (coverage)
810	

--------------------------------------------------
>> Issue: [B101:assert_used] Use of assert detected. The enclosed code will be removed when compiling to optimised byte code.
   Severity: Low   Confidence: High
   CWE: CWE-703 (https://cwe.mitre.org/data/definitions/703.html)
   More Info: https://bandit.readthedocs.io/en/1.8.6/plugins/b101_assert_used.html
   Location: ./tests/test_w6_gap_fill.py:816:8
815	            result = gen.run_step3_pytest_evidence()
816	        assert "pytest_passed" in result
817	

--------------------------------------------------
>> Issue: [B101:assert_used] Use of assert detected. The enclosed code will be removed when compiling to optimised byte code.
   Severity: Low   Confidence: High
   CWE: CWE-703 (https://cwe.mitre.org/data/definitions/703.html)
   More Info: https://bandit.readthedocs.io/en/1.8.6/plugins/b101_assert_used.html
   Location: ./tests/test_w6_gap_fill.py:823:8
822	            result = gen.run_step3_pytest_evidence()
823	        assert "pytest_error" in result
824	

--------------------------------------------------
>> Issue: [B101:assert_used] Use of assert detected. The enclosed code will be removed when compiling to optimised byte code.
   Severity: Low   Confidence: High
   CWE: CWE-703 (https://cwe.mitre.org/data/definitions/703.html)
   More Info: https://bandit.readthedocs.io/en/1.8.6/plugins/b101_assert_used.html
   Location: ./tests/test_w6_gap_fill.py:833:8
832	        md = gen.generate_markdown()
833	        assert f"Phase {gen.phase} STAGE_PASS" in md
834	        assert "Agent A Self-Assessment" in md

--------------------------------------------------
>> Issue: [B101:assert_used] Use of assert detected. The enclosed code will be removed when compiling to optimised byte code.
   Severity: Low   Confidence: High
   CWE: CWE-703 (https://cwe.mitre.org/data/definitions/703.html)
   More Info: https://bandit.readthedocs.io/en/1.8.6/plugins/b101_assert_used.html
   Location: ./tests/test_w6_gap_fill.py:834:8
833	        assert f"Phase {gen.phase} STAGE_PASS" in md
834	        assert "Agent A Self-Assessment" in md
835	

--------------------------------------------------
>> Issue: [B101:assert_used] Use of assert detected. The enclosed code will be removed when compiling to optimised byte code.
   Severity: Low   Confidence: High
   CWE: CWE-703 (https://cwe.mitre.org/data/definitions/703.html)
   More Info: https://bandit.readthedocs.io/en/1.8.6/plugins/b101_assert_used.html
   Location: ./tests/test_w6_gap_fill.py:844:8
843	        md = gen.generate_markdown()
844	        assert "97/10" in md   # score embedded in confidence line
845	

--------------------------------------------------
>> Issue: [B101:assert_used] Use of assert detected. The enclosed code will be removed when compiling to optimised byte code.
   Severity: Low   Confidence: High
   CWE: CWE-703 (https://cwe.mitre.org/data/definitions/703.html)
   More Info: https://bandit.readthedocs.io/en/1.8.6/plugins/b101_assert_used.html
   Location: ./tests/test_w6_gap_fill.py:854:8
853	        md = gen.generate_markdown()
854	        assert "BLOCKED" in md
855	

--------------------------------------------------
>> Issue: [B404:blacklist] Consider possible security implications associated with the subprocess module.
   Severity: Low   Confidence: High
   CWE: CWE-78 (https://cwe.mitre.org/data/definitions/78.html)
   More Info: https://bandit.readthedocs.io/en/1.8.6/blacklists/blacklist_imports.html#b404-import-subprocess
   Location: ./tests/test_w6_gap_fill.py:857:8
856	    def test_git_push_subprocess_failure(self, tmp_path):
857	        import subprocess as _sp
858	        gen = self._patched_gen(tmp_path)

--------------------------------------------------
>> Issue: [B101:assert_used] Use of assert detected. The enclosed code will be removed when compiling to optimised byte code.
   Severity: Low   Confidence: High
   CWE: CWE-703 (https://cwe.mitre.org/data/definitions/703.html)
   More Info: https://bandit.readthedocs.io/en/1.8.6/plugins/b101_assert_used.html
   Location: ./tests/test_w6_gap_fill.py:863:8
862	            result = gen.git_push("# STAGE_PASS content")
863	        assert result == ""
864	

--------------------------------------------------
>> Issue: [B101:assert_used] Use of assert detected. The enclosed code will be removed when compiling to optimised byte code.
   Severity: Low   Confidence: High
   CWE: CWE-703 (https://cwe.mitre.org/data/definitions/703.html)
   More Info: https://bandit.readthedocs.io/en/1.8.6/plugins/b101_assert_used.html
   Location: ./tests/test_w6_gap_fill.py:871:8
870	        passed = gen.run_step1_5w1h_scan()
871	        assert passed is True
872	        gen.enforcer.run.assert_called_once_with(level="BLOCK")

--------------------------------------------------
>> Issue: [B101:assert_used] Use of assert detected. The enclosed code will be removed when compiling to optimised byte code.
   Severity: Low   Confidence: High
   CWE: CWE-703 (https://cwe.mitre.org/data/definitions/703.html)
   More Info: https://bandit.readthedocs.io/en/1.8.6/plugins/b101_assert_used.html
   Location: ./tests/test_w6_gap_fill.py:880:8
879	        passed = gen.run_step1_5w1h_scan()
880	        assert passed is False
881	

--------------------------------------------------
>> Issue: [B101:assert_used] Use of assert detected. The enclosed code will be removed when compiling to optimised byte code.
   Severity: Low   Confidence: High
   CWE: CWE-703 (https://cwe.mitre.org/data/definitions/703.html)
   More Info: https://bandit.readthedocs.io/en/1.8.6/plugins/b101_assert_used.html
   Location: ./tests/test_w6_gap_fill.py:887:8
886	        passed = gen.run_step2_session_log()
887	        assert passed is True
888	

--------------------------------------------------
>> Issue: [B101:assert_used] Use of assert detected. The enclosed code will be removed when compiling to optimised byte code.
   Severity: Low   Confidence: High
   CWE: CWE-703 (https://cwe.mitre.org/data/definitions/703.html)
   More Info: https://bandit.readthedocs.io/en/1.8.6/plugins/b101_assert_used.html
   Location: ./tests/test_w6_gap_fill.py:894:8
893	        passed = gen.run_step2_session_log()
894	        assert passed is False
895	

--------------------------------------------------
>> Issue: [B101:assert_used] Use of assert detected. The enclosed code will be removed when compiling to optimised byte code.
   Severity: Low   Confidence: High
   CWE: CWE-703 (https://cwe.mitre.org/data/definitions/703.html)
   More Info: https://bandit.readthedocs.io/en/1.8.6/plugins/b101_assert_used.html
   Location: ./tests/test_w6_gap_fill.py:903:8
902	        a = ArtifactSpec(path="/nonexistent/file.py", role="input")
903	        assert a.exists() is False
904	

--------------------------------------------------
>> Issue: [B101:assert_used] Use of assert detected. The enclosed code will be removed when compiling to optimised byte code.
   Severity: Low   Confidence: High
   CWE: CWE-703 (https://cwe.mitre.org/data/definitions/703.html)
   More Info: https://bandit.readthedocs.io/en/1.8.6/plugins/b101_assert_used.html
   Location: ./tests/test_w6_gap_fill.py:910:8
909	        a = ArtifactSpec(path=str(f), role="input")
910	        assert a.exists() is True
911	

--------------------------------------------------
>> Issue: [B101:assert_used] Use of assert detected. The enclosed code will be removed when compiling to optimised byte code.
   Severity: Low   Confidence: High
   CWE: CWE-703 (https://cwe.mitre.org/data/definitions/703.html)
   More Info: https://bandit.readthedocs.io/en/1.8.6/plugins/b101_assert_used.html
   Location: ./tests/test_w6_gap_fill.py:915:8
914	        a = ArtifactSpec(path="x.md", role="output")
915	        assert a.required is True
916	        assert a.description == ""

--------------------------------------------------
>> Issue: [B101:assert_used] Use of assert detected. The enclosed code will be removed when compiling to optimised byte code.
   Severity: Low   Confidence: High
   CWE: CWE-703 (https://cwe.mitre.org/data/definitions/703.html)
   More Info: https://bandit.readthedocs.io/en/1.8.6/plugins/b101_assert_used.html
   Location: ./tests/test_w6_gap_fill.py:916:8
915	        assert a.required is True
916	        assert a.description == ""
917	

--------------------------------------------------
>> Issue: [B101:assert_used] Use of assert detected. The enclosed code will be removed when compiling to optimised byte code.
   Severity: Low   Confidence: High
   CWE: CWE-703 (https://cwe.mitre.org/data/definitions/703.html)
   More Info: https://bandit.readthedocs.io/en/1.8.6/plugins/b101_assert_used.html
   Location: ./tests/test_w6_gap_fill.py:923:8
922	        ctx = SubagentContext(task="do it", role="dev")
923	        assert len(ctx.isolation_id) == 16
924	

--------------------------------------------------
>> Issue: [B101:assert_used] Use of assert detected. The enclosed code will be removed when compiling to optimised byte code.
   Severity: Low   Confidence: High
   CWE: CWE-703 (https://cwe.mitre.org/data/definitions/703.html)
   More Info: https://bandit.readthedocs.io/en/1.8.6/plugins/b101_assert_used.html
   Location: ./tests/test_w6_gap_fill.py:929:8
928	        ctx2 = SubagentContext(task="do it", role="dev")
929	        assert ctx1.isolation_id == ctx2.isolation_id
930	

--------------------------------------------------
>> Issue: [B101:assert_used] Use of assert detected. The enclosed code will be removed when compiling to optimised byte code.
   Severity: Low   Confidence: High
   CWE: CWE-703 (https://cwe.mitre.org/data/definitions/703.html)
   More Info: https://bandit.readthedocs.io/en/1.8.6/plugins/b101_assert_used.html
   Location: ./tests/test_w6_gap_fill.py:940:8
939	        cfg = ctx.to_spawn_config()
940	        assert cfg["task"] == "impl"
941	        assert cfg["role"] == "dev"

--------------------------------------------------
>> Issue: [B101:assert_used] Use of assert detected. The enclosed code will be removed when compiling to optimised byte code.
   Severity: Low   Confidence: High
   CWE: CWE-703 (https://cwe.mitre.org/data/definitions/703.html)
   More Info: https://bandit.readthedocs.io/en/1.8.6/plugins/b101_assert_used.html
   Location: ./tests/test_w6_gap_fill.py:941:8
940	        assert cfg["task"] == "impl"
941	        assert cfg["role"] == "dev"
942	        assert cfg["persona_prompt"] == "be precise"

--------------------------------------------------
>> Issue: [B101:assert_used] Use of assert detected. The enclosed code will be removed when compiling to optimised byte code.
   Severity: Low   Confidence: High
   CWE: CWE-703 (https://cwe.mitre.org/data/definitions/703.html)
   More Info: https://bandit.readthedocs.io/en/1.8.6/plugins/b101_assert_used.html
   Location: ./tests/test_w6_gap_fill.py:942:8
941	        assert cfg["role"] == "dev"
942	        assert cfg["persona_prompt"] == "be precise"
943	        assert len(cfg["artifact_paths"]) == 1

--------------------------------------------------
>> Issue: [B101:assert_used] Use of assert detected. The enclosed code will be removed when compiling to optimised byte code.
   Severity: Low   Confidence: High
   CWE: CWE-703 (https://cwe.mitre.org/data/definitions/703.html)
   More Info: https://bandit.readthedocs.io/en/1.8.6/plugins/b101_assert_used.html
   Location: ./tests/test_w6_gap_fill.py:943:8
942	        assert cfg["persona_prompt"] == "be precise"
943	        assert len(cfg["artifact_paths"]) == 1
944	        assert cfg["artifact_paths"][0]["path"] == "x.md"

--------------------------------------------------
>> Issue: [B101:assert_used] Use of assert detected. The enclosed code will be removed when compiling to optimised byte code.
   Severity: Low   Confidence: High
   CWE: CWE-703 (https://cwe.mitre.org/data/definitions/703.html)
   More Info: https://bandit.readthedocs.io/en/1.8.6/plugins/b101_assert_used.html
   Location: ./tests/test_w6_gap_fill.py:944:8
943	        assert len(cfg["artifact_paths"]) == 1
944	        assert cfg["artifact_paths"][0]["path"] == "x.md"
945	

--------------------------------------------------
>> Issue: [B101:assert_used] Use of assert detected. The enclosed code will be removed when compiling to optimised byte code.
   Severity: Low   Confidence: High
   CWE: CWE-703 (https://cwe.mitre.org/data/definitions/703.html)
   More Info: https://bandit.readthedocs.io/en/1.8.6/plugins/b101_assert_used.html
   Location: ./tests/test_w6_gap_fill.py:950:8
949	        cfg = ctx.to_spawn_config()
950	        assert cfg["messages"] == []
951	

--------------------------------------------------
>> Issue: [B101:assert_used] Use of assert detected. The enclosed code will be removed when compiling to optimised byte code.
   Severity: Low   Confidence: High
   CWE: CWE-703 (https://cwe.mitre.org/data/definitions/703.html)
   More Info: https://bandit.readthedocs.io/en/1.8.6/plugins/b101_assert_used.html
   Location: ./tests/test_w6_gap_fill.py:958:8
957	        cfg["metadata"]["key"].append(99)
958	        assert meta["key"] == [1, 2, 3]  # original unchanged
959	

--------------------------------------------------
>> Issue: [B101:assert_used] Use of assert detected. The enclosed code will be removed when compiling to optimised byte code.
   Severity: Low   Confidence: High
   CWE: CWE-703 (https://cwe.mitre.org/data/definitions/703.html)
   More Info: https://bandit.readthedocs.io/en/1.8.6/plugins/b101_assert_used.html
   Location: ./tests/test_w6_gap_fill.py:966:8
965	        ctx = iso.create_context(task="build", role="dev")
966	        assert ctx.messages == []
967	        assert ctx.task == "build"

--------------------------------------------------
>> Issue: [B101:assert_used] Use of assert detected. The enclosed code will be removed when compiling to optimised byte code.
   Severity: Low   Confidence: High
   CWE: CWE-703 (https://cwe.mitre.org/data/definitions/703.html)
   More Info: https://bandit.readthedocs.io/en/1.8.6/plugins/b101_assert_used.html
   Location: ./tests/test_w6_gap_fill.py:967:8
966	        assert ctx.messages == []
967	        assert ctx.task == "build"
968	

--------------------------------------------------
>> Issue: [B101:assert_used] Use of assert detected. The enclosed code will be removed when compiling to optimised byte code.
   Severity: Low   Confidence: High
   CWE: CWE-703 (https://cwe.mitre.org/data/definitions/703.html)
   More Info: https://bandit.readthedocs.io/en/1.8.6/plugins/b101_assert_used.html
   Location: ./tests/test_w6_gap_fill.py:973:8
972	        ctx = iso.create_context(task="t", role="r")
973	        assert iso.get_context(ctx.isolation_id) is ctx
974	

--------------------------------------------------
>> Issue: [B101:assert_used] Use of assert detected. The enclosed code will be removed when compiling to optimised byte code.
   Severity: Low   Confidence: High
   CWE: CWE-703 (https://cwe.mitre.org/data/definitions/703.html)
   More Info: https://bandit.readthedocs.io/en/1.8.6/plugins/b101_assert_used.html
   Location: ./tests/test_w6_gap_fill.py:1015:8
1014	        result = iso.validate_outputs(ctx)
1015	        assert result["complete"] is True
1016	        assert str(f) in result["produced"]

--------------------------------------------------
>> Issue: [B101:assert_used] Use of assert detected. The enclosed code will be removed when compiling to optimised byte code.
   Severity: Low   Confidence: High
   CWE: CWE-703 (https://cwe.mitre.org/data/definitions/703.html)
   More Info: https://bandit.readthedocs.io/en/1.8.6/plugins/b101_assert_used.html
   Location: ./tests/test_w6_gap_fill.py:1016:8
1015	        assert result["complete"] is True
1016	        assert str(f) in result["produced"]
1017	

--------------------------------------------------
>> Issue: [B101:assert_used] Use of assert detected. The enclosed code will be removed when compiling to optimised byte code.
   Severity: Low   Confidence: High
   CWE: CWE-703 (https://cwe.mitre.org/data/definitions/703.html)
   More Info: https://bandit.readthedocs.io/en/1.8.6/plugins/b101_assert_used.html
   Location: ./tests/test_w6_gap_fill.py:1026:8
1025	        result = iso.validate_outputs(ctx)
1026	        assert result["complete"] is False
1027	        assert "/nonexistent.py" in result["missing"]

--------------------------------------------------
>> Issue: [B101:assert_used] Use of assert detected. The enclosed code will be removed when compiling to optimised byte code.
   Severity: Low   Confidence: High
   CWE: CWE-703 (https://cwe.mitre.org/data/definitions/703.html)
   More Info: https://bandit.readthedocs.io/en/1.8.6/plugins/b101_assert_used.html
   Location: ./tests/test_w6_gap_fill.py:1027:8
1026	        assert result["complete"] is False
1027	        assert "/nonexistent.py" in result["missing"]
1028	

--------------------------------------------------
>> Issue: [B101:assert_used] Use of assert detected. The enclosed code will be removed when compiling to optimised byte code.
   Severity: Low   Confidence: High
   CWE: CWE-703 (https://cwe.mitre.org/data/definitions/703.html)
   More Info: https://bandit.readthedocs.io/en/1.8.6/plugins/b101_assert_used.html
   Location: ./tests/test_w6_gap_fill.py:1047:8
1046	        cfg = iso.spawn(task="build API", role="developer", validate=False)
1047	        assert cfg["task"] == "build API"
1048	        assert cfg["role"] == "developer"

--------------------------------------------------
>> Issue: [B101:assert_used] Use of assert detected. The enclosed code will be removed when compiling to optimised byte code.
   Severity: Low   Confidence: High
   CWE: CWE-703 (https://cwe.mitre.org/data/definitions/703.html)
   More Info: https://bandit.readthedocs.io/en/1.8.6/plugins/b101_assert_used.html
   Location: ./tests/test_w6_gap_fill.py:1048:8
1047	        assert cfg["task"] == "build API"
1048	        assert cfg["role"] == "developer"
1049	        assert cfg["artifact_paths"] == []

--------------------------------------------------
>> Issue: [B101:assert_used] Use of assert detected. The enclosed code will be removed when compiling to optimised byte code.
   Severity: Low   Confidence: High
   CWE: CWE-703 (https://cwe.mitre.org/data/definitions/703.html)
   More Info: https://bandit.readthedocs.io/en/1.8.6/plugins/b101_assert_used.html
   Location: ./tests/test_w6_gap_fill.py:1049:8
1048	        assert cfg["role"] == "developer"
1049	        assert cfg["artifact_paths"] == []
1050	

--------------------------------------------------
>> Issue: [B101:assert_used] Use of assert detected. The enclosed code will be removed when compiling to optimised byte code.
   Severity: Low   Confidence: High
   CWE: CWE-703 (https://cwe.mitre.org/data/definitions/703.html)
   More Info: https://bandit.readthedocs.io/en/1.8.6/plugins/b101_assert_used.html
   Location: ./tests/test_w6_gap_fill.py:1066:8
1065	        iso.release(ctx.isolation_id)
1066	        assert iso.get_context(ctx.isolation_id) is None
1067	

--------------------------------------------------
>> Issue: [B101:assert_used] Use of assert detected. The enclosed code will be removed when compiling to optimised byte code.
   Severity: Low   Confidence: High
   CWE: CWE-703 (https://cwe.mitre.org/data/definitions/703.html)
   More Info: https://bandit.readthedocs.io/en/1.8.6/plugins/b101_assert_used.html
   Location: ./tests/test_w6_gap_fill.py:1071:8
1070	        iso = SubagentIsolator()
1071	        assert iso.active_count() == 0
1072	        ctx = iso.create_context(task="t", role="r")

--------------------------------------------------
>> Issue: [B101:assert_used] Use of assert detected. The enclosed code will be removed when compiling to optimised byte code.
   Severity: Low   Confidence: High
   CWE: CWE-703 (https://cwe.mitre.org/data/definitions/703.html)
   More Info: https://bandit.readthedocs.io/en/1.8.6/plugins/b101_assert_used.html
   Location: ./tests/test_w6_gap_fill.py:1073:8
1072	        ctx = iso.create_context(task="t", role="r")
1073	        assert iso.active_count() == 1
1074	        iso.release(ctx.isolation_id)

--------------------------------------------------
>> Issue: [B101:assert_used] Use of assert detected. The enclosed code will be removed when compiling to optimised byte code.
   Severity: Low   Confidence: High
   CWE: CWE-703 (https://cwe.mitre.org/data/definitions/703.html)
   More Info: https://bandit.readthedocs.io/en/1.8.6/plugins/b101_assert_used.html
   Location: ./tests/test_w6_gap_fill.py:1075:8
1074	        iso.release(ctx.isolation_id)
1075	        assert iso.active_count() == 0
1076	

--------------------------------------------------
>> Issue: [B101:assert_used] Use of assert detected. The enclosed code will be removed when compiling to optimised byte code.
   Severity: Low   Confidence: High
   CWE: CWE-703 (https://cwe.mitre.org/data/definitions/703.html)
   More Info: https://bandit.readthedocs.io/en/1.8.6/plugins/b101_assert_used.html
   Location: ./tests/test_w6_gap_fill.py:1082:8
1081	        cfg = create_isolated_spawn(task="do", role="dev")
1082	        assert cfg["task"] == "do"
1083	        assert cfg["artifact_paths"] == []

--------------------------------------------------
>> Issue: [B101:assert_used] Use of assert detected. The enclosed code will be removed when compiling to optimised byte code.
   Severity: Low   Confidence: High
   CWE: CWE-703 (https://cwe.mitre.org/data/definitions/703.html)
   More Info: https://bandit.readthedocs.io/en/1.8.6/plugins/b101_assert_used.html
   Location: ./tests/test_w6_gap_fill.py:1083:8
1082	        assert cfg["task"] == "do"
1083	        assert cfg["artifact_paths"] == []
1084	

--------------------------------------------------
>> Issue: [B101:assert_used] Use of assert detected. The enclosed code will be removed when compiling to optimised byte code.
   Severity: Low   Confidence: High
   CWE: CWE-703 (https://cwe.mitre.org/data/definitions/703.html)
   More Info: https://bandit.readthedocs.io/en/1.8.6/plugins/b101_assert_used.html
   Location: ./tests/test_w6_gap_fill.py:1090:8
1089	        cfg = create_isolated_spawn(task="do", role="dev", input_paths=[str(f)])
1090	        assert len(cfg["artifact_paths"]) == 1
1091	        assert cfg["artifact_paths"][0]["role"] == "input"

--------------------------------------------------
>> Issue: [B101:assert_used] Use of assert detected. The enclosed code will be removed when compiling to optimised byte code.
   Severity: Low   Confidence: High
   CWE: CWE-703 (https://cwe.mitre.org/data/definitions/703.html)
   More Info: https://bandit.readthedocs.io/en/1.8.6/plugins/b101_assert_used.html
   Location: ./tests/test_w6_gap_fill.py:1091:8
1090	        assert len(cfg["artifact_paths"]) == 1
1091	        assert cfg["artifact_paths"][0]["role"] == "input"
1092	

--------------------------------------------------
>> Issue: [B101:assert_used] Use of assert detected. The enclosed code will be removed when compiling to optimised byte code.
   Severity: Low   Confidence: High
   CWE: CWE-703 (https://cwe.mitre.org/data/definitions/703.html)
   More Info: https://bandit.readthedocs.io/en/1.8.6/plugins/b101_assert_used.html
   Location: ./tests/test_w6_gap_fill.py:1099:8
1098	        )
1099	        assert any(a["role"] == "output" for a in cfg["artifact_paths"])
1100	

--------------------------------------------------
>> Issue: [B101:assert_used] Use of assert detected. The enclosed code will be removed when compiling to optimised byte code.
   Severity: Low   Confidence: High
   CWE: CWE-703 (https://cwe.mitre.org/data/definitions/703.html)
   More Info: https://bandit.readthedocs.io/en/1.8.6/plugins/b101_assert_used.html
   Location: ./tests/test_w6_gap_fill.py:1109:8
1108	        t = EffortTracker(db_path=db)
1109	        assert (tmp_path / "effort.db").exists()
1110	

--------------------------------------------------
>> Issue: [B101:assert_used] Use of assert detected. The enclosed code will be removed when compiling to optimised byte code.
   Severity: Low   Confidence: High
   CWE: CWE-703 (https://cwe.mitre.org/data/definitions/703.html)
   More Info: https://bandit.readthedocs.io/en/1.8.6/plugins/b101_assert_used.html
   Location: ./tests/test_w6_gap_fill.py:1117:8
1116	        s = t.summary()
1117	        assert s["total_operations"] == 1
1118	        assert s["total_duration_s"] == pytest.approx(1.5)

--------------------------------------------------
>> Issue: [B101:assert_used] Use of assert detected. The enclosed code will be removed when compiling to optimised byte code.
   Severity: Low   Confidence: High
   CWE: CWE-703 (https://cwe.mitre.org/data/definitions/703.html)
   More Info: https://bandit.readthedocs.io/en/1.8.6/plugins/b101_assert_used.html
   Location: ./tests/test_w6_gap_fill.py:1118:8
1117	        assert s["total_operations"] == 1
1118	        assert s["total_duration_s"] == pytest.approx(1.5)
1119	        assert s["total_tokens"] == 150

--------------------------------------------------
>> Issue: [B101:assert_used] Use of assert detected. The enclosed code will be removed when compiling to optimised byte code.
   Severity: Low   Confidence: High
   CWE: CWE-703 (https://cwe.mitre.org/data/definitions/703.html)
   More Info: https://bandit.readthedocs.io/en/1.8.6/plugins/b101_assert_used.html
   Location: ./tests/test_w6_gap_fill.py:1119:8
1118	        assert s["total_duration_s"] == pytest.approx(1.5)
1119	        assert s["total_tokens"] == 150
1120	

--------------------------------------------------
>> Issue: [B101:assert_used] Use of assert detected. The enclosed code will be removed when compiling to optimised byte code.
   Severity: Low   Confidence: High
   CWE: CWE-703 (https://cwe.mitre.org/data/definitions/703.html)
   More Info: https://bandit.readthedocs.io/en/1.8.6/plugins/b101_assert_used.html
   Location: ./tests/test_w6_gap_fill.py:1125:8
1124	        s = t.summary()
1125	        assert s["total_operations"] == 0
1126	

--------------------------------------------------
>> Issue: [B101:assert_used] Use of assert detected. The enclosed code will be removed when compiling to optimised byte code.
   Severity: Low   Confidence: High
   CWE: CWE-703 (https://cwe.mitre.org/data/definitions/703.html)
   More Info: https://bandit.readthedocs.io/en/1.8.6/plugins/b101_assert_used.html
   Location: ./tests/test_w6_gap_fill.py:1133:8
1132	        s = t.summary(phase=3)
1133	        assert "tier1_eval" in s
1134	        assert "gate_run" not in s

--------------------------------------------------
>> Issue: [B101:assert_used] Use of assert detected. The enclosed code will be removed when compiling to optimised byte code.
   Severity: Low   Confidence: High
   CWE: CWE-703 (https://cwe.mitre.org/data/definitions/703.html)
   More Info: https://bandit.readthedocs.io/en/1.8.6/plugins/b101_assert_used.html
   Location: ./tests/test_w6_gap_fill.py:1134:8
1133	        assert "tier1_eval" in s
1134	        assert "gate_run" not in s
1135	

--------------------------------------------------
>> Issue: [B101:assert_used] Use of assert detected. The enclosed code will be removed when compiling to optimised byte code.
   Severity: Low   Confidence: High
   CWE: CWE-703 (https://cwe.mitre.org/data/definitions/703.html)
   More Info: https://bandit.readthedocs.io/en/1.8.6/plugins/b101_assert_used.html
   Location: ./tests/test_w6_gap_fill.py:1142:8
1141	        s = t.query_phase_summary(3)
1142	        assert "review" in s
1143	        assert s["review"]["duration_s"] == pytest.approx(3.0)

--------------------------------------------------
>> Issue: [B101:assert_used] Use of assert detected. The enclosed code will be removed when compiling to optimised byte code.
   Severity: Low   Confidence: High
   CWE: CWE-703 (https://cwe.mitre.org/data/definitions/703.html)
   More Info: https://bandit.readthedocs.io/en/1.8.6/plugins/b101_assert_used.html
   Location: ./tests/test_w6_gap_fill.py:1143:8
1142	        assert "review" in s
1143	        assert s["review"]["duration_s"] == pytest.approx(3.0)
1144	        assert s["review"]["total_tokens"] == 300

--------------------------------------------------
>> Issue: [B101:assert_used] Use of assert detected. The enclosed code will be removed when compiling to optimised byte code.
   Severity: Low   Confidence: High
   CWE: CWE-703 (https://cwe.mitre.org/data/definitions/703.html)
   More Info: https://bandit.readthedocs.io/en/1.8.6/plugins/b101_assert_used.html
   Location: ./tests/test_w6_gap_fill.py:1144:8
1143	        assert s["review"]["duration_s"] == pytest.approx(3.0)
1144	        assert s["review"]["total_tokens"] == 300
1145	

--------------------------------------------------
>> Issue: [B101:assert_used] Use of assert detected. The enclosed code will be removed when compiling to optimised byte code.
   Severity: Low   Confidence: High
   CWE: CWE-703 (https://cwe.mitre.org/data/definitions/703.html)
   More Info: https://bandit.readthedocs.io/en/1.8.6/plugins/b101_assert_used.html
   Location: ./tests/test_w6_gap_fill.py:1154:8
1153	        s = t.query_gate_summary(1)
1154	        assert s["runs"] == 2
1155	        assert s["total_duration_s"] == pytest.approx(4.0)

--------------------------------------------------
>> Issue: [B101:assert_used] Use of assert detected. The enclosed code will be removed when compiling to optimised byte code.
   Severity: Low   Confidence: High
   CWE: CWE-703 (https://cwe.mitre.org/data/definitions/703.html)
   More Info: https://bandit.readthedocs.io/en/1.8.6/plugins/b101_assert_used.html
   Location: ./tests/test_w6_gap_fill.py:1155:8
1154	        assert s["runs"] == 2
1155	        assert s["total_duration_s"] == pytest.approx(4.0)
1156	

--------------------------------------------------
>> Issue: [B101:assert_used] Use of assert detected. The enclosed code will be removed when compiling to optimised byte code.
   Severity: Low   Confidence: High
   CWE: CWE-703 (https://cwe.mitre.org/data/definitions/703.html)
   More Info: https://bandit.readthedocs.io/en/1.8.6/plugins/b101_assert_used.html
   Location: ./tests/test_w6_gap_fill.py:1161:8
1160	        s = t.query_gate_summary(99)
1161	        assert s["runs"] == 0
1162	

--------------------------------------------------
>> Issue: [B101:assert_used] Use of assert detected. The enclosed code will be removed when compiling to optimised byte code.
   Severity: Low   Confidence: High
   CWE: CWE-703 (https://cwe.mitre.org/data/definitions/703.html)
   More Info: https://bandit.readthedocs.io/en/1.8.6/plugins/b101_assert_used.html
   Location: ./tests/test_w6_gap_fill.py:1170:8
1169	        e = ServerEnforcer()
1170	        assert len(e.checks) == 4
1171	

--------------------------------------------------
>> Issue: [B101:assert_used] Use of assert detected. The enclosed code will be removed when compiling to optimised byte code.
   Severity: Low   Confidence: High
   CWE: CWE-703 (https://cwe.mitre.org/data/definitions/703.html)
   More Info: https://bandit.readthedocs.io/en/1.8.6/plugins/b101_assert_used.html
   Location: ./tests/test_w6_gap_fill.py:1176:8
1175	        results = e.enforce_all()
1176	        assert "all_passed" in results
1177	        assert "total" in results

--------------------------------------------------
>> Issue: [B101:assert_used] Use of assert detected. The enclosed code will be removed when compiling to optimised byte code.
   Severity: Low   Confidence: High
   CWE: CWE-703 (https://cwe.mitre.org/data/definitions/703.html)
   More Info: https://bandit.readthedocs.io/en/1.8.6/plugins/b101_assert_used.html
   Location: ./tests/test_w6_gap_fill.py:1177:8
1176	        assert "all_passed" in results
1177	        assert "total" in results
1178	        assert results["total"] == 4

--------------------------------------------------
>> Issue: [B101:assert_used] Use of assert detected. The enclosed code will be removed when compiling to optimised byte code.
   Severity: Low   Confidence: High
   CWE: CWE-703 (https://cwe.mitre.org/data/definitions/703.html)
   More Info: https://bandit.readthedocs.io/en/1.8.6/plugins/b101_assert_used.html
   Location: ./tests/test_w6_gap_fill.py:1178:8
1177	        assert "total" in results
1178	        assert results["total"] == 4
1179	

--------------------------------------------------
>> Issue: [B101:assert_used] Use of assert detected. The enclosed code will be removed when compiling to optimised byte code.
   Severity: Low   Confidence: High
   CWE: CWE-703 (https://cwe.mitre.org/data/definitions/703.html)
   More Info: https://bandit.readthedocs.io/en/1.8.6/plugins/b101_assert_used.html
   Location: ./tests/test_w6_gap_fill.py:1186:8
1185	        # ImportError caught → returns {"passed": False, ...}
1186	        assert "passed" in result
1187	

--------------------------------------------------
>> Issue: [B101:assert_used] Use of assert detected. The enclosed code will be removed when compiling to optimised byte code.
   Severity: Low   Confidence: High
   CWE: CWE-703 (https://cwe.mitre.org/data/definitions/703.html)
   More Info: https://bandit.readthedocs.io/en/1.8.6/plugins/b101_assert_used.html
   Location: ./tests/test_w6_gap_fill.py:1193:8
1192	        result = e._check_quality_gate()
1193	        assert result["passed"] is False
1194	

--------------------------------------------------
>> Issue: [B101:assert_used] Use of assert detected. The enclosed code will be removed when compiling to optimised byte code.
   Severity: Low   Confidence: High
   CWE: CWE-703 (https://cwe.mitre.org/data/definitions/703.html)
   More Info: https://bandit.readthedocs.io/en/1.8.6/plugins/b101_assert_used.html
   Location: ./tests/test_w6_gap_fill.py:1199:8
1198	        result = e._check_security()
1199	        assert result["passed"] is False   # security_scanner not available
1200	

--------------------------------------------------
>> Issue: [B101:assert_used] Use of assert detected. The enclosed code will be removed when compiling to optimised byte code.
   Severity: Low   Confidence: High
   CWE: CWE-703 (https://cwe.mitre.org/data/definitions/703.html)
   More Info: https://bandit.readthedocs.io/en/1.8.6/plugins/b101_assert_used.html
   Location: ./tests/test_w6_gap_fill.py:1211:8
1210	        out = capsys.readouterr().out
1211	        assert "FAILED" in out
1212	        assert "constitution" in out

--------------------------------------------------
>> Issue: [B101:assert_used] Use of assert detected. The enclosed code will be removed when compiling to optimised byte code.
   Severity: Low   Confidence: High
   CWE: CWE-703 (https://cwe.mitre.org/data/definitions/703.html)
   More Info: https://bandit.readthedocs.io/en/1.8.6/plugins/b101_assert_used.html
   Location: ./tests/test_w6_gap_fill.py:1212:8
1211	        assert "FAILED" in out
1212	        assert "constitution" in out
1213	

--------------------------------------------------
>> Issue: [B101:assert_used] Use of assert detected. The enclosed code will be removed when compiling to optimised byte code.
   Severity: Low   Confidence: High
   CWE: CWE-703 (https://cwe.mitre.org/data/definitions/703.html)
   More Info: https://bandit.readthedocs.io/en/1.8.6/plugins/b101_assert_used.html
   Location: ./tests/test_w6_gap_fill.py:1224:8
1223	            result = e.on_git_hook()
1224	        assert result is True
1225	

--------------------------------------------------
>> Issue: [B101:assert_used] Use of assert detected. The enclosed code will be removed when compiling to optimised byte code.
   Severity: Low   Confidence: High
   CWE: CWE-703 (https://cwe.mitre.org/data/definitions/703.html)
   More Info: https://bandit.readthedocs.io/en/1.8.6/plugins/b101_assert_used.html
   Location: ./tests/test_w6_gap_fill.py:1236:8
1235	            result = e.on_git_hook()
1236	        assert result is False
1237	

--------------------------------------------------
>> Issue: [B101:assert_used] Use of assert detected. The enclosed code will be removed when compiling to optimised byte code.
   Severity: Low   Confidence: High
   CWE: CWE-703 (https://cwe.mitre.org/data/definitions/703.html)
   More Info: https://bandit.readthedocs.io/en/1.8.6/plugins/b101_assert_used.html
   Location: ./tests/test_w6_gap_fill.py:1252:8
1251	        out = capsys.readouterr().out
1252	        assert "72" in out
1253	

--------------------------------------------------
>> Issue: [B101:assert_used] Use of assert detected. The enclosed code will be removed when compiling to optimised byte code.
   Severity: Low   Confidence: High
   CWE: CWE-703 (https://cwe.mitre.org/data/definitions/703.html)
   More Info: https://bandit.readthedocs.io/en/1.8.6/plugins/b101_assert_used.html
   Location: ./tests/test_w6_gap_fill.py:1262:8
1261	            main()
1262	        assert exc_info.value.code == 0
1263	

--------------------------------------------------
>> Issue: [B101:assert_used] Use of assert detected. The enclosed code will be removed when compiling to optimised byte code.
   Severity: Low   Confidence: High
   CWE: CWE-703 (https://cwe.mitre.org/data/definitions/703.html)
   More Info: https://bandit.readthedocs.io/en/1.8.6/plugins/b101_assert_used.html
   Location: ./tests/test_w6_gap_fill.py:1272:8
1271	            main()
1272	        assert exc_info.value.code == 1
1273	

--------------------------------------------------
>> Issue: [B101:assert_used] Use of assert detected. The enclosed code will be removed when compiling to optimised byte code.
   Severity: Low   Confidence: High
   CWE: CWE-703 (https://cwe.mitre.org/data/definitions/703.html)
   More Info: https://bandit.readthedocs.io/en/1.8.6/plugins/b101_assert_used.html
   Location: ./tests/test_w6_gap_fill.py:1319:8
1318	        out = capsys.readouterr().out
1319	        assert "Unknown" in out or "Available" in out
1320	

--------------------------------------------------
>> Issue: [B404:blacklist] Consider possible security implications associated with the subprocess module.
   Severity: Low   Confidence: High
   CWE: CWE-78 (https://cwe.mitre.org/data/definitions/78.html)
   More Info: https://bandit.readthedocs.io/en/1.8.6/blacklists/blacklist_imports.html#b404-import-subprocess
   Location: ./tests/test_w7_gap_fill.py:6:0
5	import re
6	import subprocess
7	import pytest

--------------------------------------------------
>> Issue: [B101:assert_used] Use of assert detected. The enclosed code will be removed when compiling to optimised byte code.
   Severity: Low   Confidence: High
   CWE: CWE-703 (https://cwe.mitre.org/data/definitions/703.html)
   More Info: https://bandit.readthedocs.io/en/1.8.6/plugins/b101_assert_used.html
   Location: ./tests/test_w7_gap_fill.py:23:8
22	        result = ClaimsVerifier(str(tmp_path)).verify_sessions_spawn_log()
23	        assert result.passed is False
24	        assert "not found" in result.message

--------------------------------------------------
>> Issue: [B101:assert_used] Use of assert detected. The enclosed code will be removed when compiling to optimised byte code.
   Severity: Low   Confidence: High
   CWE: CWE-703 (https://cwe.mitre.org/data/definitions/703.html)
   More Info: https://bandit.readthedocs.io/en/1.8.6/plugins/b101_assert_used.html
   Location: ./tests/test_w7_gap_fill.py:24:8
23	        assert result.passed is False
24	        assert "not found" in result.message
25	

--------------------------------------------------
>> Issue: [B101:assert_used] Use of assert detected. The enclosed code will be removed when compiling to optimised byte code.
   Severity: Low   Confidence: High
   CWE: CWE-703 (https://cwe.mitre.org/data/definitions/703.html)
   More Info: https://bandit.readthedocs.io/en/1.8.6/plugins/b101_assert_used.html
   Location: ./tests/test_w7_gap_fill.py:31:8
30	        result = ClaimsVerifier(str(tmp_path)).verify_sessions_spawn_log()
31	        assert result.passed is True
32	        assert set(result.details["roles"]) >= {"developer", "reviewer"}

--------------------------------------------------
>> Issue: [B101:assert_used] Use of assert detected. The enclosed code will be removed when compiling to optimised byte code.
   Severity: Low   Confidence: High
   CWE: CWE-703 (https://cwe.mitre.org/data/definitions/703.html)
   More Info: https://bandit.readthedocs.io/en/1.8.6/plugins/b101_assert_used.html
   Location: ./tests/test_w7_gap_fill.py:32:8
31	        assert result.passed is True
32	        assert set(result.details["roles"]) >= {"developer", "reviewer"}
33	

--------------------------------------------------
>> Issue: [B101:assert_used] Use of assert detected. The enclosed code will be removed when compiling to optimised byte code.
   Severity: Low   Confidence: High
   CWE: CWE-703 (https://cwe.mitre.org/data/definitions/703.html)
   More Info: https://bandit.readthedocs.io/en/1.8.6/plugins/b101_assert_used.html
   Location: ./tests/test_w7_gap_fill.py:38:8
37	        result = ClaimsVerifier(str(tmp_path)).verify_sessions_spawn_log()
38	        assert result.passed is False
39	

--------------------------------------------------
>> Issue: [B101:assert_used] Use of assert detected. The enclosed code will be removed when compiling to optimised byte code.
   Severity: Low   Confidence: High
   CWE: CWE-703 (https://cwe.mitre.org/data/definitions/703.html)
   More Info: https://bandit.readthedocs.io/en/1.8.6/plugins/b101_assert_used.html
   Location: ./tests/test_w7_gap_fill.py:45:8
44	        result = ClaimsVerifier(str(tmp_path)).verify_sessions_spawn_log()
45	        assert result.passed is True
46	

--------------------------------------------------
>> Issue: [B101:assert_used] Use of assert detected. The enclosed code will be removed when compiling to optimised byte code.
   Severity: Low   Confidence: High
   CWE: CWE-703 (https://cwe.mitre.org/data/definitions/703.html)
   More Info: https://bandit.readthedocs.io/en/1.8.6/plugins/b101_assert_used.html
   Location: ./tests/test_w7_gap_fill.py:52:8
51	        result = ClaimsVerifier(str(tmp_path)).verify_sessions_spawn_log()
52	        assert result.passed is True
53	

--------------------------------------------------
>> Issue: [B101:assert_used] Use of assert detected. The enclosed code will be removed when compiling to optimised byte code.
   Severity: Low   Confidence: High
   CWE: CWE-703 (https://cwe.mitre.org/data/definitions/703.html)
   More Info: https://bandit.readthedocs.io/en/1.8.6/plugins/b101_assert_used.html
   Location: ./tests/test_w7_gap_fill.py:58:8
57	        result = ClaimsVerifier(str(tmp_path)).verify_sessions_spawn_log()
58	        assert result.passed is False
59	

--------------------------------------------------
>> Issue: [B101:assert_used] Use of assert detected. The enclosed code will be removed when compiling to optimised byte code.
   Severity: Low   Confidence: High
   CWE: CWE-703 (https://cwe.mitre.org/data/definitions/703.html)
   More Info: https://bandit.readthedocs.io/en/1.8.6/plugins/b101_assert_used.html
   Location: ./tests/test_w7_gap_fill.py:64:8
63	        result = ClaimsVerifier(str(tmp_path)).verify_sessions_spawn_log()
64	        assert result.passed is True
65	

--------------------------------------------------
>> Issue: [B101:assert_used] Use of assert detected. The enclosed code will be removed when compiling to optimised byte code.
   Severity: Low   Confidence: High
   CWE: CWE-703 (https://cwe.mitre.org/data/definitions/703.html)
   More Info: https://bandit.readthedocs.io/en/1.8.6/plugins/b101_assert_used.html
   Location: ./tests/test_w7_gap_fill.py:71:8
70	        result = ClaimsVerifier(str(tmp_path)).verify_sessions_spawn_log()
71	        assert result.passed is False
72	

--------------------------------------------------
>> Issue: [B101:assert_used] Use of assert detected. The enclosed code will be removed when compiling to optimised byte code.
   Severity: Low   Confidence: High
   CWE: CWE-703 (https://cwe.mitre.org/data/definitions/703.html)
   More Info: https://bandit.readthedocs.io/en/1.8.6/plugins/b101_assert_used.html
   Location: ./tests/test_w7_gap_fill.py:100:8
99	        c = SpecTrackingChecker(str(tmp_path))
100	        assert c.check_exists() is False
101	

--------------------------------------------------
>> Issue: [B101:assert_used] Use of assert detected. The enclosed code will be removed when compiling to optimised byte code.
   Severity: Low   Confidence: High
   CWE: CWE-703 (https://cwe.mitre.org/data/definitions/703.html)
   More Info: https://bandit.readthedocs.io/en/1.8.6/plugins/b101_assert_used.html
   Location: ./tests/test_w7_gap_fill.py:106:8
105	        c = SpecTrackingChecker(str(tmp_path))
106	        assert c.check_exists() is True
107	

--------------------------------------------------
>> Issue: [B101:assert_used] Use of assert detected. The enclosed code will be removed when compiling to optimised byte code.
   Severity: Low   Confidence: High
   CWE: CWE-703 (https://cwe.mitre.org/data/definitions/703.html)
   More Info: https://bandit.readthedocs.io/en/1.8.6/plugins/b101_assert_used.html
   Location: ./tests/test_w7_gap_fill.py:112:8
111	        result = c.check_completeness()
112	        assert result["complete"] is False
113	        assert "SPEC_TRACKING.md not found" in result["missing"]

--------------------------------------------------
>> Issue: [B101:assert_used] Use of assert detected. The enclosed code will be removed when compiling to optimised byte code.
   Severity: Low   Confidence: High
   CWE: CWE-703 (https://cwe.mitre.org/data/definitions/703.html)
   More Info: https://bandit.readthedocs.io/en/1.8.6/plugins/b101_assert_used.html
   Location: ./tests/test_w7_gap_fill.py:113:8
112	        assert result["complete"] is False
113	        assert "SPEC_TRACKING.md not found" in result["missing"]
114	

--------------------------------------------------
>> Issue: [B101:assert_used] Use of assert detected. The enclosed code will be removed when compiling to optimised byte code.
   Severity: Low   Confidence: High
   CWE: CWE-703 (https://cwe.mitre.org/data/definitions/703.html)
   More Info: https://bandit.readthedocs.io/en/1.8.6/plugins/b101_assert_used.html
   Location: ./tests/test_w7_gap_fill.py:120:8
119	        result = c.check_completeness()
120	        assert "missing" in result
121	

--------------------------------------------------
>> Issue: [B101:assert_used] Use of assert detected. The enclosed code will be removed when compiling to optimised byte code.
   Severity: Low   Confidence: High
   CWE: CWE-703 (https://cwe.mitre.org/data/definitions/703.html)
   More Info: https://bandit.readthedocs.io/en/1.8.6/plugins/b101_assert_used.html
   Location: ./tests/test_w7_gap_fill.py:128:8
127	        result = c.check_completeness()
128	        assert "Status column" in result["missing"]
129	

--------------------------------------------------
>> Issue: [B101:assert_used] Use of assert detected. The enclosed code will be removed when compiling to optimised byte code.
   Severity: Low   Confidence: High
   CWE: CWE-703 (https://cwe.mitre.org/data/definitions/703.html)
   More Info: https://bandit.readthedocs.io/en/1.8.6/plugins/b101_assert_used.html
   Location: ./tests/test_w7_gap_fill.py:135:8
134	        result = c.run()
135	        assert isinstance(result, bool)
136	

--------------------------------------------------
>> Issue: [B101:assert_used] Use of assert detected. The enclosed code will be removed when compiling to optimised byte code.
   Severity: Low   Confidence: High
   CWE: CWE-703 (https://cwe.mitre.org/data/definitions/703.html)
   More Info: https://bandit.readthedocs.io/en/1.8.6/plugins/b101_assert_used.html
   Location: ./tests/test_w7_gap_fill.py:139:8
138	        from core.quality_gate.spec_tracking_checker import SpecTrackingChecker
139	        assert SpecTrackingChecker(str(tmp_path)).run() is False
140	

--------------------------------------------------
>> Issue: [B101:assert_used] Use of assert detected. The enclosed code will be removed when compiling to optimised byte code.
   Severity: Low   Confidence: High
   CWE: CWE-703 (https://cwe.mitre.org/data/definitions/703.html)
   More Info: https://bandit.readthedocs.io/en/1.8.6/plugins/b101_assert_used.html
   Location: ./tests/test_w7_gap_fill.py:144:8
143	        result = SpecTrackingChecker(str(tmp_path)).run_enforcement()
144	        assert result["exists"] is False
145	        assert result["completeness"] == 0

--------------------------------------------------
>> Issue: [B101:assert_used] Use of assert detected. The enclosed code will be removed when compiling to optimised byte code.
   Severity: Low   Confidence: High
   CWE: CWE-703 (https://cwe.mitre.org/data/definitions/703.html)
   More Info: https://bandit.readthedocs.io/en/1.8.6/plugins/b101_assert_used.html
   Location: ./tests/test_w7_gap_fill.py:145:8
144	        assert result["exists"] is False
145	        assert result["completeness"] == 0
146	

--------------------------------------------------
>> Issue: [B101:assert_used] Use of assert detected. The enclosed code will be removed when compiling to optimised byte code.
   Severity: Low   Confidence: High
   CWE: CWE-703 (https://cwe.mitre.org/data/definitions/703.html)
   More Info: https://bandit.readthedocs.io/en/1.8.6/plugins/b101_assert_used.html
   Location: ./tests/test_w7_gap_fill.py:151:8
150	        result = SpecTrackingChecker(str(tmp_path)).run_enforcement()
151	        assert result["exists"] is True
152	        assert "completeness" in result

--------------------------------------------------
>> Issue: [B101:assert_used] Use of assert detected. The enclosed code will be removed when compiling to optimised byte code.
   Severity: Low   Confidence: High
   CWE: CWE-703 (https://cwe.mitre.org/data/definitions/703.html)
   More Info: https://bandit.readthedocs.io/en/1.8.6/plugins/b101_assert_used.html
   Location: ./tests/test_w7_gap_fill.py:152:8
151	        assert result["exists"] is True
152	        assert "completeness" in result
153	        assert "stats" in result

--------------------------------------------------
>> Issue: [B101:assert_used] Use of assert detected. The enclosed code will be removed when compiling to optimised byte code.
   Severity: Low   Confidence: High
   CWE: CWE-703 (https://cwe.mitre.org/data/definitions/703.html)
   More Info: https://bandit.readthedocs.io/en/1.8.6/plugins/b101_assert_used.html
   Location: ./tests/test_w7_gap_fill.py:153:8
152	        assert "completeness" in result
153	        assert "stats" in result
154	

--------------------------------------------------
>> Issue: [B101:assert_used] Use of assert detected. The enclosed code will be removed when compiling to optimised byte code.
   Severity: Low   Confidence: High
   CWE: CWE-703 (https://cwe.mitre.org/data/definitions/703.html)
   More Info: https://bandit.readthedocs.io/en/1.8.6/plugins/b101_assert_used.html
   Location: ./tests/test_w7_gap_fill.py:159:8
158	        out = capsys.readouterr().out
159	        assert "not found" in out
160	

--------------------------------------------------
>> Issue: [B101:assert_used] Use of assert detected. The enclosed code will be removed when compiling to optimised byte code.
   Severity: Low   Confidence: High
   CWE: CWE-703 (https://cwe.mitre.org/data/definitions/703.html)
   More Info: https://bandit.readthedocs.io/en/1.8.6/plugins/b101_assert_used.html
   Location: ./tests/test_w7_gap_fill.py:166:8
165	        out = capsys.readouterr().out
166	        assert "Specification Tracking" in out
167	

--------------------------------------------------
>> Issue: [B101:assert_used] Use of assert detected. The enclosed code will be removed when compiling to optimised byte code.
   Severity: Low   Confidence: High
   CWE: CWE-703 (https://cwe.mitre.org/data/definitions/703.html)
   More Info: https://bandit.readthedocs.io/en/1.8.6/plugins/b101_assert_used.html
   Location: ./tests/test_w7_gap_fill.py:200:8
199	        r = ABEnforcer(str(tmp_path)).verify_developer_reviewer_separation("phase_1")
200	        assert r["separated"] is False
201	        assert "not found" in r.get("error", "")

--------------------------------------------------
>> Issue: [B101:assert_used] Use of assert detected. The enclosed code will be removed when compiling to optimised byte code.
   Severity: Low   Confidence: High
   CWE: CWE-703 (https://cwe.mitre.org/data/definitions/703.html)
   More Info: https://bandit.readthedocs.io/en/1.8.6/plugins/b101_assert_used.html
   Location: ./tests/test_w7_gap_fill.py:201:8
200	        assert r["separated"] is False
201	        assert "not found" in r.get("error", "")
202	

--------------------------------------------------
>> Issue: [B101:assert_used] Use of assert detected. The enclosed code will be removed when compiling to optimised byte code.
   Severity: Low   Confidence: High
   CWE: CWE-703 (https://cwe.mitre.org/data/definitions/703.html)
   More Info: https://bandit.readthedocs.io/en/1.8.6/plugins/b101_assert_used.html
   Location: ./tests/test_w7_gap_fill.py:206:8
205	        r = ABEnforcer(str(tmp_path)).verify_ab_dialogue_exists("phase_1")
206	        assert r["has_dialogue"] is False
207	

--------------------------------------------------
>> Issue: [B101:assert_used] Use of assert detected. The enclosed code will be removed when compiling to optimised byte code.
   Severity: Low   Confidence: High
   CWE: CWE-703 (https://cwe.mitre.org/data/definitions/703.html)
   More Info: https://bandit.readthedocs.io/en/1.8.6/plugins/b101_assert_used.html
   Location: ./tests/test_w7_gap_fill.py:212:8
211	        r = ABEnforcer(str(tmp_path)).verify_developer_reviewer_separation("phase_9")
212	        assert r["separated"] is False
213	

--------------------------------------------------
>> Issue: [B101:assert_used] Use of assert detected. The enclosed code will be removed when compiling to optimised byte code.
   Severity: Low   Confidence: High
   CWE: CWE-703 (https://cwe.mitre.org/data/definitions/703.html)
   More Info: https://bandit.readthedocs.io/en/1.8.6/plugins/b101_assert_used.html
   Location: ./tests/test_w7_gap_fill.py:218:8
217	        r = ABEnforcer(str(tmp_path)).verify_developer_reviewer_separation("phase_3")
218	        assert r["developer_session"] is not None
219	        assert r["reviewer_session"] is not None

--------------------------------------------------
>> Issue: [B101:assert_used] Use of assert detected. The enclosed code will be removed when compiling to optimised byte code.
   Severity: Low   Confidence: High
   CWE: CWE-703 (https://cwe.mitre.org/data/definitions/703.html)
   More Info: https://bandit.readthedocs.io/en/1.8.6/plugins/b101_assert_used.html
   Location: ./tests/test_w7_gap_fill.py:219:8
218	        assert r["developer_session"] is not None
219	        assert r["reviewer_session"] is not None
220	        assert r["separated"] is True

--------------------------------------------------
>> Issue: [B101:assert_used] Use of assert detected. The enclosed code will be removed when compiling to optimised byte code.
   Severity: Low   Confidence: High
   CWE: CWE-703 (https://cwe.mitre.org/data/definitions/703.html)
   More Info: https://bandit.readthedocs.io/en/1.8.6/plugins/b101_assert_used.html
   Location: ./tests/test_w7_gap_fill.py:220:8
219	        assert r["reviewer_session"] is not None
220	        assert r["separated"] is True
221	

--------------------------------------------------
>> Issue: [B101:assert_used] Use of assert detected. The enclosed code will be removed when compiling to optimised byte code.
   Severity: Low   Confidence: High
   CWE: CWE-703 (https://cwe.mitre.org/data/definitions/703.html)
   More Info: https://bandit.readthedocs.io/en/1.8.6/plugins/b101_assert_used.html
   Location: ./tests/test_w7_gap_fill.py:228:8
227	        # Both sessions normalized to "same001" → not separated
228	        assert r["separated"] is False
229	

--------------------------------------------------
>> Issue: [B101:assert_used] Use of assert detected. The enclosed code will be removed when compiling to optimised byte code.
   Severity: Low   Confidence: High
   CWE: CWE-703 (https://cwe.mitre.org/data/definitions/703.html)
   More Info: https://bandit.readthedocs.io/en/1.8.6/plugins/b101_assert_used.html
   Location: ./tests/test_w7_gap_fill.py:234:8
233	        r = ABEnforcer(str(tmp_path)).verify_ab_dialogue_exists("phase_3")
234	        assert r["dialogue_count"] >= 2
235	        assert r["has_dialogue"] is True

--------------------------------------------------
>> Issue: [B101:assert_used] Use of assert detected. The enclosed code will be removed when compiling to optimised byte code.
   Severity: Low   Confidence: High
   CWE: CWE-703 (https://cwe.mitre.org/data/definitions/703.html)
   More Info: https://bandit.readthedocs.io/en/1.8.6/plugins/b101_assert_used.html
   Location: ./tests/test_w7_gap_fill.py:235:8
234	        assert r["dialogue_count"] >= 2
235	        assert r["has_dialogue"] is True
236	

--------------------------------------------------
>> Issue: [B101:assert_used] Use of assert detected. The enclosed code will be removed when compiling to optimised byte code.
   Severity: Low   Confidence: High
   CWE: CWE-703 (https://cwe.mitre.org/data/definitions/703.html)
   More Info: https://bandit.readthedocs.io/en/1.8.6/plugins/b101_assert_used.html
   Location: ./tests/test_w7_gap_fill.py:243:8
242	        # has_simple_only=True and dialogue_count<2 → False
243	        assert r["has_dialogue"] is False
244	

--------------------------------------------------
>> Issue: [B101:assert_used] Use of assert detected. The enclosed code will be removed when compiling to optimised byte code.
   Severity: Low   Confidence: High
   CWE: CWE-703 (https://cwe.mitre.org/data/definitions/703.html)
   More Info: https://bandit.readthedocs.io/en/1.8.6/plugins/b101_assert_used.html
   Location: ./tests/test_w7_gap_fill.py:249:8
248	        r = ABEnforcer(str(tmp_path)).verify_ab_dialogue_exists("phase_99")
249	        assert r["has_dialogue"] is False
250	        assert "not found" in r.get("error", "")

--------------------------------------------------
>> Issue: [B101:assert_used] Use of assert detected. The enclosed code will be removed when compiling to optimised byte code.
   Severity: Low   Confidence: High
   CWE: CWE-703 (https://cwe.mitre.org/data/definitions/703.html)
   More Info: https://bandit.readthedocs.io/en/1.8.6/plugins/b101_assert_used.html
   Location: ./tests/test_w7_gap_fill.py:250:8
249	        assert r["has_dialogue"] is False
250	        assert "not found" in r.get("error", "")
251	

--------------------------------------------------
>> Issue: [B101:assert_used] Use of assert detected. The enclosed code will be removed when compiling to optimised byte code.
   Severity: Low   Confidence: High
   CWE: CWE-703 (https://cwe.mitre.org/data/definitions/703.html)
   More Info: https://bandit.readthedocs.io/en/1.8.6/plugins/b101_assert_used.html
   Location: ./tests/test_w7_gap_fill.py:255:8
254	        r = ABEnforcer(str(tmp_path)).verify_qa_not_developer()
255	        assert r["separated"] is False
256	

--------------------------------------------------
>> Issue: [B101:assert_used] Use of assert detected. The enclosed code will be removed when compiling to optimised byte code.
   Severity: Low   Confidence: High
   CWE: CWE-703 (https://cwe.mitre.org/data/definitions/703.html)
   More Info: https://bandit.readthedocs.io/en/1.8.6/plugins/b101_assert_used.html
   Location: ./tests/test_w7_gap_fill.py:262:8
261	        # dev-session-001 vs tester-session-003 → separated (truthy, may not be strict bool)
262	        assert r["separated"]
263	

--------------------------------------------------
>> Issue: [B101:assert_used] Use of assert detected. The enclosed code will be removed when compiling to optimised byte code.
   Severity: Low   Confidence: High
   CWE: CWE-703 (https://cwe.mitre.org/data/definitions/703.html)
   More Info: https://bandit.readthedocs.io/en/1.8.6/plugins/b101_assert_used.html
   Location: ./tests/test_w7_gap_fill.py:268:8
267	        r = ABEnforcer(str(tmp_path)).verify_all_ab_checks(3)
268	        assert "developer_reviewer_separation" in r
269	        assert "ab_dialogue_exists" in r

--------------------------------------------------
>> Issue: [B101:assert_used] Use of assert detected. The enclosed code will be removed when compiling to optimised byte code.
   Severity: Low   Confidence: High
   CWE: CWE-703 (https://cwe.mitre.org/data/definitions/703.html)
   More Info: https://bandit.readthedocs.io/en/1.8.6/plugins/b101_assert_used.html
   Location: ./tests/test_w7_gap_fill.py:269:8
268	        assert "developer_reviewer_separation" in r
269	        assert "ab_dialogue_exists" in r
270	        assert r["qa_not_developer"] is None  # phase != 4

--------------------------------------------------
>> Issue: [B101:assert_used] Use of assert detected. The enclosed code will be removed when compiling to optimised byte code.
   Severity: Low   Confidence: High
   CWE: CWE-703 (https://cwe.mitre.org/data/definitions/703.html)
   More Info: https://bandit.readthedocs.io/en/1.8.6/plugins/b101_assert_used.html
   Location: ./tests/test_w7_gap_fill.py:270:8
269	        assert "ab_dialogue_exists" in r
270	        assert r["qa_not_developer"] is None  # phase != 4
271	

--------------------------------------------------
>> Issue: [B101:assert_used] Use of assert detected. The enclosed code will be removed when compiling to optimised byte code.
   Severity: Low   Confidence: High
   CWE: CWE-703 (https://cwe.mitre.org/data/definitions/703.html)
   More Info: https://bandit.readthedocs.io/en/1.8.6/plugins/b101_assert_used.html
   Location: ./tests/test_w7_gap_fill.py:276:8
275	        r = ABEnforcer(str(tmp_path)).verify_all_ab_checks(4)
276	        assert r["qa_not_developer"] is not None
277	

--------------------------------------------------
>> Issue: [B101:assert_used] Use of assert detected. The enclosed code will be removed when compiling to optimised byte code.
   Severity: Low   Confidence: High
   CWE: CWE-703 (https://cwe.mitre.org/data/definitions/703.html)
   More Info: https://bandit.readthedocs.io/en/1.8.6/plugins/b101_assert_used.html
   Location: ./tests/test_w7_gap_fill.py:282:8
281	        r = verify_ab_separation(str(tmp_path), 3)
282	        assert "separated" in r
283	

--------------------------------------------------
>> Issue: [B101:assert_used] Use of assert detected. The enclosed code will be removed when compiling to optimised byte code.
   Severity: Low   Confidence: High
   CWE: CWE-703 (https://cwe.mitre.org/data/definitions/703.html)
   More Info: https://bandit.readthedocs.io/en/1.8.6/plugins/b101_assert_used.html
   Location: ./tests/test_w7_gap_fill.py:288:8
287	        r = verify_ab_dialogue(str(tmp_path), 3)
288	        assert "has_dialogue" in r
289	

--------------------------------------------------
>> Issue: [B101:assert_used] Use of assert detected. The enclosed code will be removed when compiling to optimised byte code.
   Severity: Low   Confidence: High
   CWE: CWE-703 (https://cwe.mitre.org/data/definitions/703.html)
   More Info: https://bandit.readthedocs.io/en/1.8.6/plugins/b101_assert_used.html
   Location: ./tests/test_w7_gap_fill.py:312:8
311	        passed, score, detail = v.check_session_log()
312	        assert passed is False
313	        assert score == 0.0

--------------------------------------------------
>> Issue: [B101:assert_used] Use of assert detected. The enclosed code will be removed when compiling to optimised byte code.
   Severity: Low   Confidence: High
   CWE: CWE-703 (https://cwe.mitre.org/data/definitions/703.html)
   More Info: https://bandit.readthedocs.io/en/1.8.6/plugins/b101_assert_used.html
   Location: ./tests/test_w7_gap_fill.py:313:8
312	        assert passed is False
313	        assert score == 0.0
314	        assert "not found" in detail

--------------------------------------------------
>> Issue: [B101:assert_used] Use of assert detected. The enclosed code will be removed when compiling to optimised byte code.
   Severity: Low   Confidence: High
   CWE: CWE-703 (https://cwe.mitre.org/data/definitions/703.html)
   More Info: https://bandit.readthedocs.io/en/1.8.6/plugins/b101_assert_used.html
   Location: ./tests/test_w7_gap_fill.py:314:8
313	        assert score == 0.0
314	        assert "not found" in detail
315	

--------------------------------------------------
>> Issue: [B101:assert_used] Use of assert detected. The enclosed code will be removed when compiling to optimised byte code.
   Severity: Low   Confidence: High
   CWE: CWE-703 (https://cwe.mitre.org/data/definitions/703.html)
   More Info: https://bandit.readthedocs.io/en/1.8.6/plugins/b101_assert_used.html
   Location: ./tests/test_w7_gap_fill.py:320:8
319	        passed, score, detail = v.check_session_log()
320	        assert passed is True
321	        assert score == 100.0

--------------------------------------------------
>> Issue: [B101:assert_used] Use of assert detected. The enclosed code will be removed when compiling to optimised byte code.
   Severity: Low   Confidence: High
   CWE: CWE-703 (https://cwe.mitre.org/data/definitions/703.html)
   More Info: https://bandit.readthedocs.io/en/1.8.6/plugins/b101_assert_used.html
   Location: ./tests/test_w7_gap_fill.py:321:8
320	        assert passed is True
321	        assert score == 100.0
322	

--------------------------------------------------
>> Issue: [B101:assert_used] Use of assert detected. The enclosed code will be removed when compiling to optimised byte code.
   Severity: Low   Confidence: High
   CWE: CWE-703 (https://cwe.mitre.org/data/definitions/703.html)
   More Info: https://bandit.readthedocs.io/en/1.8.6/plugins/b101_assert_used.html
   Location: ./tests/test_w7_gap_fill.py:331:8
330	        passed, _, _ = v.check_session_log()
331	        assert passed is True
332	

--------------------------------------------------
>> Issue: [B101:assert_used] Use of assert detected. The enclosed code will be removed when compiling to optimised byte code.
   Severity: Low   Confidence: High
   CWE: CWE-703 (https://cwe.mitre.org/data/definitions/703.html)
   More Info: https://bandit.readthedocs.io/en/1.8.6/plugins/b101_assert_used.html
   Location: ./tests/test_w7_gap_fill.py:338:8
337	        passed, _, _ = v.check_session_log()
338	        assert passed is True
339	

--------------------------------------------------
>> Issue: [B101:assert_used] Use of assert detected. The enclosed code will be removed when compiling to optimised byte code.
   Severity: Low   Confidence: High
   CWE: CWE-703 (https://cwe.mitre.org/data/definitions/703.html)
   More Info: https://bandit.readthedocs.io/en/1.8.6/plugins/b101_assert_used.html
   Location: ./tests/test_w7_gap_fill.py:346:8
345	        passed, score, _ = v.check_session_log()
346	        assert passed is False
347	

--------------------------------------------------
>> Issue: [B101:assert_used] Use of assert detected. The enclosed code will be removed when compiling to optimised byte code.
   Severity: Low   Confidence: High
   CWE: CWE-703 (https://cwe.mitre.org/data/definitions/703.html)
   More Info: https://bandit.readthedocs.io/en/1.8.6/plugins/b101_assert_used.html
   Location: ./tests/test_w7_gap_fill.py:353:8
352	        passed, score, detail = v.check_session_log()
353	        assert passed is False
354	

--------------------------------------------------
>> Issue: [B101:assert_used] Use of assert detected. The enclosed code will be removed when compiling to optimised byte code.
   Severity: Low   Confidence: High
   CWE: CWE-703 (https://cwe.mitre.org/data/definitions/703.html)
   More Info: https://bandit.readthedocs.io/en/1.8.6/plugins/b101_assert_used.html
   Location: ./tests/test_w7_gap_fill.py:359:8
358	            passed, score, detail = v.check_framework_block()
359	        assert passed is False
360	        assert score == 0.0

--------------------------------------------------
>> Issue: [B101:assert_used] Use of assert detected. The enclosed code will be removed when compiling to optimised byte code.
   Severity: Low   Confidence: High
   CWE: CWE-703 (https://cwe.mitre.org/data/definitions/703.html)
   More Info: https://bandit.readthedocs.io/en/1.8.6/plugins/b101_assert_used.html
   Location: ./tests/test_w7_gap_fill.py:360:8
359	        assert passed is False
360	        assert score == 0.0
361	

--------------------------------------------------
>> Issue: [B101:assert_used] Use of assert detected. The enclosed code will be removed when compiling to optimised byte code.
   Severity: Low   Confidence: High
   CWE: CWE-703 (https://cwe.mitre.org/data/definitions/703.html)
   More Info: https://bandit.readthedocs.io/en/1.8.6/plugins/b101_assert_used.html
   Location: ./tests/test_w7_gap_fill.py:370:8
369	            passed, score, _ = v.check_framework_block()
370	        assert passed is True
371	        assert score == 100.0

--------------------------------------------------
>> Issue: [B101:assert_used] Use of assert detected. The enclosed code will be removed when compiling to optimised byte code.
   Severity: Low   Confidence: High
   CWE: CWE-703 (https://cwe.mitre.org/data/definitions/703.html)
   More Info: https://bandit.readthedocs.io/en/1.8.6/plugins/b101_assert_used.html
   Location: ./tests/test_w7_gap_fill.py:371:8
370	        assert passed is True
371	        assert score == 100.0
372	

--------------------------------------------------
>> Issue: [B101:assert_used] Use of assert detected. The enclosed code will be removed when compiling to optimised byte code.
   Severity: Low   Confidence: High
   CWE: CWE-703 (https://cwe.mitre.org/data/definitions/703.html)
   More Info: https://bandit.readthedocs.io/en/1.8.6/plugins/b101_assert_used.html
   Location: ./tests/test_w7_gap_fill.py:378:8
377	            passed, score, _ = v.check_pytest()
378	        assert passed is True
379	        assert score == 100.0

--------------------------------------------------
>> Issue: [B101:assert_used] Use of assert detected. The enclosed code will be removed when compiling to optimised byte code.
   Severity: Low   Confidence: High
   CWE: CWE-703 (https://cwe.mitre.org/data/definitions/703.html)
   More Info: https://bandit.readthedocs.io/en/1.8.6/plugins/b101_assert_used.html
   Location: ./tests/test_w7_gap_fill.py:379:8
378	        assert passed is True
379	        assert score == 100.0
380	

--------------------------------------------------
>> Issue: [B101:assert_used] Use of assert detected. The enclosed code will be removed when compiling to optimised byte code.
   Severity: Low   Confidence: High
   CWE: CWE-703 (https://cwe.mitre.org/data/definitions/703.html)
   More Info: https://bandit.readthedocs.io/en/1.8.6/plugins/b101_assert_used.html
   Location: ./tests/test_w7_gap_fill.py:386:8
385	            passed, score, _ = v.check_pytest()
386	        assert passed is False
387	        assert score == 0.0

--------------------------------------------------
>> Issue: [B101:assert_used] Use of assert detected. The enclosed code will be removed when compiling to optimised byte code.
   Severity: Low   Confidence: High
   CWE: CWE-703 (https://cwe.mitre.org/data/definitions/703.html)
   More Info: https://bandit.readthedocs.io/en/1.8.6/plugins/b101_assert_used.html
   Location: ./tests/test_w7_gap_fill.py:387:8
386	        assert passed is False
387	        assert score == 0.0
388	

--------------------------------------------------
>> Issue: [B101:assert_used] Use of assert detected. The enclosed code will be removed when compiling to optimised byte code.
   Severity: Low   Confidence: High
   CWE: CWE-703 (https://cwe.mitre.org/data/definitions/703.html)
   More Info: https://bandit.readthedocs.io/en/1.8.6/plugins/b101_assert_used.html
   Location: ./tests/test_w7_gap_fill.py:393:8
392	            passed, score, detail = v.check_pytest()
393	        assert passed is False
394	        assert "timed out" in detail

--------------------------------------------------
>> Issue: [B101:assert_used] Use of assert detected. The enclosed code will be removed when compiling to optimised byte code.
   Severity: Low   Confidence: High
   CWE: CWE-703 (https://cwe.mitre.org/data/definitions/703.html)
   More Info: https://bandit.readthedocs.io/en/1.8.6/plugins/b101_assert_used.html
   Location: ./tests/test_w7_gap_fill.py:394:8
393	        assert passed is False
394	        assert "timed out" in detail
395	

--------------------------------------------------
>> Issue: [B101:assert_used] Use of assert detected. The enclosed code will be removed when compiling to optimised byte code.
   Severity: Low   Confidence: High
   CWE: CWE-703 (https://cwe.mitre.org/data/definitions/703.html)
   More Info: https://bandit.readthedocs.io/en/1.8.6/plugins/b101_assert_used.html
   Location: ./tests/test_w7_gap_fill.py:400:8
399	            passed, score, detail = v.check_pytest()
400	        assert passed is False
401	        assert "not found" in detail

--------------------------------------------------
>> Issue: [B101:assert_used] Use of assert detected. The enclosed code will be removed when compiling to optimised byte code.
   Severity: Low   Confidence: High
   CWE: CWE-703 (https://cwe.mitre.org/data/definitions/703.html)
   More Info: https://bandit.readthedocs.io/en/1.8.6/plugins/b101_assert_used.html
   Location: ./tests/test_w7_gap_fill.py:401:8
400	        assert passed is False
401	        assert "not found" in detail
402	

--------------------------------------------------
>> Issue: [B101:assert_used] Use of assert detected. The enclosed code will be removed when compiling to optimised byte code.
   Severity: Low   Confidence: High
   CWE: CWE-703 (https://cwe.mitre.org/data/definitions/703.html)
   More Info: https://bandit.readthedocs.io/en/1.8.6/plugins/b101_assert_used.html
   Location: ./tests/test_w7_gap_fill.py:412:8
411	            passed, score, detail = v.check_coverage()
412	        assert passed is True
413	        assert "90%" in detail

--------------------------------------------------
>> Issue: [B101:assert_used] Use of assert detected. The enclosed code will be removed when compiling to optimised byte code.
   Severity: Low   Confidence: High
   CWE: CWE-703 (https://cwe.mitre.org/data/definitions/703.html)
   More Info: https://bandit.readthedocs.io/en/1.8.6/plugins/b101_assert_used.html
   Location: ./tests/test_w7_gap_fill.py:413:8
412	        assert passed is True
413	        assert "90%" in detail
414	

--------------------------------------------------
>> Issue: [B101:assert_used] Use of assert detected. The enclosed code will be removed when compiling to optimised byte code.
   Severity: Low   Confidence: High
   CWE: CWE-703 (https://cwe.mitre.org/data/definitions/703.html)
   More Info: https://bandit.readthedocs.io/en/1.8.6/plugins/b101_assert_used.html
   Location: ./tests/test_w7_gap_fill.py:419:8
418	            passed, score, detail = v.check_coverage()
419	        assert passed is False
420	

--------------------------------------------------
>> Issue: [B101:assert_used] Use of assert detected. The enclosed code will be removed when compiling to optimised byte code.
   Severity: Low   Confidence: High
   CWE: CWE-703 (https://cwe.mitre.org/data/definitions/703.html)
   More Info: https://bandit.readthedocs.io/en/1.8.6/plugins/b101_assert_used.html
   Location: ./tests/test_w7_gap_fill.py:424:8
423	        checklist = v.get_manual_checklist()
424	        assert len(checklist) >= 2  # at least DEVELOPMENT_LOG.md and sessions_spawn.log
425	

--------------------------------------------------
>> Issue: [B101:assert_used] Use of assert detected. The enclosed code will be removed when compiling to optimised byte code.
   Severity: Low   Confidence: High
   CWE: CWE-703 (https://cwe.mitre.org/data/definitions/703.html)
   More Info: https://bandit.readthedocs.io/en/1.8.6/plugins/b101_assert_used.html
   Location: ./tests/test_w7_gap_fill.py:429:8
428	        checklist = v.get_manual_checklist()
429	        assert any("SPEC_TRACKING" in item["item"] or "SRS" in item["item"]
430	                   for item in checklist)
431	

--------------------------------------------------
>> Issue: [B101:assert_used] Use of assert detected. The enclosed code will be removed when compiling to optimised byte code.
   Severity: Low   Confidence: High
   CWE: CWE-703 (https://cwe.mitre.org/data/definitions/703.html)
   More Info: https://bandit.readthedocs.io/en/1.8.6/plugins/b101_assert_used.html
   Location: ./tests/test_w7_gap_fill.py:438:8
437	            result = v.verify()
438	        assert result["passed"] is True
439	        assert len(result["checks"]) == 2

--------------------------------------------------
>> Issue: [B101:assert_used] Use of assert detected. The enclosed code will be removed when compiling to optimised byte code.
   Severity: Low   Confidence: High
   CWE: CWE-703 (https://cwe.mitre.org/data/definitions/703.html)
   More Info: https://bandit.readthedocs.io/en/1.8.6/plugins/b101_assert_used.html
   Location: ./tests/test_w7_gap_fill.py:439:8
438	        assert result["passed"] is True
439	        assert len(result["checks"]) == 2
440	

--------------------------------------------------
>> Issue: [B101:assert_used] Use of assert detected. The enclosed code will be removed when compiling to optimised byte code.
   Severity: Low   Confidence: High
   CWE: CWE-703 (https://cwe.mitre.org/data/definitions/703.html)
   More Info: https://bandit.readthedocs.io/en/1.8.6/plugins/b101_assert_used.html
   Location: ./tests/test_w7_gap_fill.py:449:8
448	            result = v.verify()
449	        assert len(result["checks"]) == 4
450	        assert result["passed"] is True

--------------------------------------------------
>> Issue: [B101:assert_used] Use of assert detected. The enclosed code will be removed when compiling to optimised byte code.
   Severity: Low   Confidence: High
   CWE: CWE-703 (https://cwe.mitre.org/data/definitions/703.html)
   More Info: https://bandit.readthedocs.io/en/1.8.6/plugins/b101_assert_used.html
   Location: ./tests/test_w7_gap_fill.py:450:8
449	        assert len(result["checks"]) == 4
450	        assert result["passed"] is True
451	

--------------------------------------------------
>> Issue: [B101:assert_used] Use of assert detected. The enclosed code will be removed when compiling to optimised byte code.
   Severity: Low   Confidence: High
   CWE: CWE-703 (https://cwe.mitre.org/data/definitions/703.html)
   More Info: https://bandit.readthedocs.io/en/1.8.6/plugins/b101_assert_used.html
   Location: ./tests/test_w7_gap_fill.py:458:8
457	            result = v.verify()
458	        assert len(result["checks"]) == 2
459	        assert result["passed"] is False

--------------------------------------------------
>> Issue: [B101:assert_used] Use of assert detected. The enclosed code will be removed when compiling to optimised byte code.
   Severity: Low   Confidence: High
   CWE: CWE-703 (https://cwe.mitre.org/data/definitions/703.html)
   More Info: https://bandit.readthedocs.io/en/1.8.6/plugins/b101_assert_used.html
   Location: ./tests/test_w7_gap_fill.py:459:8
458	        assert len(result["checks"]) == 2
459	        assert result["passed"] is False
460	

--------------------------------------------------
>> Issue: [B101:assert_used] Use of assert detected. The enclosed code will be removed when compiling to optimised byte code.
   Severity: Low   Confidence: High
   CWE: CWE-703 (https://cwe.mitre.org/data/definitions/703.html)
   More Info: https://bandit.readthedocs.io/en/1.8.6/plugins/b101_assert_used.html
   Location: ./tests/test_w7_gap_fill.py:468:8
467	        # total_score = 100*0.60 + 0*0.40 = 60 → <70 → not passed
468	        assert result["passed"] is False
469	

--------------------------------------------------
>> Issue: [B101:assert_used] Use of assert detected. The enclosed code will be removed when compiling to optimised byte code.
   Severity: Low   Confidence: High
   CWE: CWE-703 (https://cwe.mitre.org/data/definitions/703.html)
   More Info: https://bandit.readthedocs.io/en/1.8.6/plugins/b101_assert_used.html
   Location: ./tests/test_w7_gap_fill.py:479:12
478	        with patch.dict("os.environ", {}, clear=True):
479	            assert e._check_commit_message() is True
480	

--------------------------------------------------
>> Issue: [B101:assert_used] Use of assert detected. The enclosed code will be removed when compiling to optimised byte code.
   Severity: Low   Confidence: High
   CWE: CWE-703 (https://cwe.mitre.org/data/definitions/703.html)
   More Info: https://bandit.readthedocs.io/en/1.8.6/plugins/b101_assert_used.html
   Location: ./tests/test_w7_gap_fill.py:487:12
486	        with patch.dict("os.environ", {"COMMIT_MSG_FILE": str(msg_file)}):
487	            assert e._check_commit_message() is True
488	

--------------------------------------------------
>> Issue: [B101:assert_used] Use of assert detected. The enclosed code will be removed when compiling to optimised byte code.
   Severity: Low   Confidence: High
   CWE: CWE-703 (https://cwe.mitre.org/data/definitions/703.html)
   More Info: https://bandit.readthedocs.io/en/1.8.6/plugins/b101_assert_used.html
   Location: ./tests/test_w7_gap_fill.py:495:12
494	        with patch.dict("os.environ", {"COMMIT_MSG_FILE": str(msg_file)}):
495	            assert e._check_commit_message() is False
496	

--------------------------------------------------
>> Issue: [B101:assert_used] Use of assert detected. The enclosed code will be removed when compiling to optimised byte code.
   Severity: Low   Confidence: High
   CWE: CWE-703 (https://cwe.mitre.org/data/definitions/703.html)
   More Info: https://bandit.readthedocs.io/en/1.8.6/plugins/b101_assert_used.html
   Location: ./tests/test_w7_gap_fill.py:499:8
498	        from enforcement.policy_engine import PolicyEngine
499	        assert PolicyEngine()._has_task_id("[PROJ-42] add feature") is True
500	

--------------------------------------------------
>> Issue: [B101:assert_used] Use of assert detected. The enclosed code will be removed when compiling to optimised byte code.
   Severity: Low   Confidence: High
   CWE: CWE-703 (https://cwe.mitre.org/data/definitions/703.html)
   More Info: https://bandit.readthedocs.io/en/1.8.6/plugins/b101_assert_used.html
   Location: ./tests/test_w7_gap_fill.py:503:8
502	        from enforcement.policy_engine import PolicyEngine
503	        assert PolicyEngine()._has_task_id("no task id here") is False
504	

--------------------------------------------------
>> Issue: [B101:assert_used] Use of assert detected. The enclosed code will be removed when compiling to optimised byte code.
   Severity: Low   Confidence: High
   CWE: CWE-703 (https://cwe.mitre.org/data/definitions/703.html)
   More Info: https://bandit.readthedocs.io/en/1.8.6/plugins/b101_assert_used.html
   Location: ./tests/test_w7_gap_fill.py:508:12
507	        with patch("os.path.exists", return_value=False):
508	            assert PolicyEngine()._check_quality_score() is True
509	

--------------------------------------------------
>> Issue: [B101:assert_used] Use of assert detected. The enclosed code will be removed when compiling to optimised byte code.
   Severity: Low   Confidence: High
   CWE: CWE-703 (https://cwe.mitre.org/data/definitions/703.html)
   More Info: https://bandit.readthedocs.io/en/1.8.6/plugins/b101_assert_used.html
   Location: ./tests/test_w7_gap_fill.py:519:12
518	            result = PolicyEngine()._check_quality_score()
519	            assert result is True
520	        finally:

--------------------------------------------------
>> Issue: [B101:assert_used] Use of assert detected. The enclosed code will be removed when compiling to optimised byte code.
   Severity: Low   Confidence: High
   CWE: CWE-703 (https://cwe.mitre.org/data/definitions/703.html)
   More Info: https://bandit.readthedocs.io/en/1.8.6/plugins/b101_assert_used.html
   Location: ./tests/test_w7_gap_fill.py:526:12
525	        with patch.dict("os.environ", {"GIT_COMMAND": "git commit -m 'msg'"}, clear=False):
526	            assert PolicyEngine()._check_no_bypass() is True
527	

--------------------------------------------------
>> Issue: [B101:assert_used] Use of assert detected. The enclosed code will be removed when compiling to optimised byte code.
   Severity: Low   Confidence: High
   CWE: CWE-703 (https://cwe.mitre.org/data/definitions/703.html)
   More Info: https://bandit.readthedocs.io/en/1.8.6/plugins/b101_assert_used.html
   Location: ./tests/test_w7_gap_fill.py:531:12
530	        with patch.dict("os.environ", {"GIT_COMMAND": "git commit --no-verify"}):
531	            assert PolicyEngine()._check_no_bypass() is False
532	

--------------------------------------------------
>> Issue: [B101:assert_used] Use of assert detected. The enclosed code will be removed when compiling to optimised byte code.
   Severity: Low   Confidence: High
   CWE: CWE-703 (https://cwe.mitre.org/data/definitions/703.html)
   More Info: https://bandit.readthedocs.io/en/1.8.6/plugins/b101_assert_used.html
   Location: ./tests/test_w7_gap_fill.py:540:8
539	        e.add_policy(p)
540	        assert len(e.policies) == initial + 1
541	        e.remove_policy("test-p")

--------------------------------------------------
>> Issue: [B101:assert_used] Use of assert detected. The enclosed code will be removed when compiling to optimised byte code.
   Severity: Low   Confidence: High
   CWE: CWE-703 (https://cwe.mitre.org/data/definitions/703.html)
   More Info: https://bandit.readthedocs.io/en/1.8.6/plugins/b101_assert_used.html
   Location: ./tests/test_w7_gap_fill.py:542:8
541	        e.remove_policy("test-p")
542	        assert len(e.policies) == initial
543	

--------------------------------------------------
>> Issue: [B101:assert_used] Use of assert detected. The enclosed code will be removed when compiling to optimised byte code.
   Severity: Low   Confidence: High
   CWE: CWE-703 (https://cwe.mitre.org/data/definitions/703.html)
   More Info: https://bandit.readthedocs.io/en/1.8.6/plugins/b101_assert_used.html
   Location: ./tests/test_w7_gap_fill.py:559:8
558	        loaded = e.reload_policy(str(policy_file))
559	        assert loaded == 2
560	

--------------------------------------------------
>> Issue: [B101:assert_used] Use of assert detected. The enclosed code will be removed when compiling to optimised byte code.
   Severity: Low   Confidence: High
   CWE: CWE-703 (https://cwe.mitre.org/data/definitions/703.html)
   More Info: https://bandit.readthedocs.io/en/1.8.6/plugins/b101_assert_used.html
   Location: ./tests/test_w7_gap_fill.py:567:8
566	        loaded = PolicyEngine().reload_policy(str(policy_file))
567	        assert loaded == 0
568	

--------------------------------------------------
>> Issue: [B101:assert_used] Use of assert detected. The enclosed code will be removed when compiling to optimised byte code.
   Severity: Low   Confidence: High
   CWE: CWE-703 (https://cwe.mitre.org/data/definitions/703.html)
   More Info: https://bandit.readthedocs.io/en/1.8.6/plugins/b101_assert_used.html
   Location: ./tests/test_w7_gap_fill.py:577:8
576	        p = next(x for x in e.policies if x.id == "p1")
577	        assert p.enforcement == EnforcementLevel.LOG
578	

--------------------------------------------------
>> Issue: [B101:assert_used] Use of assert detected. The enclosed code will be removed when compiling to optimised byte code.
   Severity: Low   Confidence: High
   CWE: CWE-703 (https://cwe.mitre.org/data/definitions/703.html)
   More Info: https://bandit.readthedocs.io/en/1.8.6/plugins/b101_assert_used.html
   Location: ./tests/test_w7_gap_fill.py:585:8
584	        e = PolicyEngine.from_json(str(policy_file))
585	        assert any(p.id == "p1" for p in e.policies)
586	

--------------------------------------------------
>> Issue: [B101:assert_used] Use of assert detected. The enclosed code will be removed when compiling to optimised byte code.
   Severity: Low   Confidence: High
   CWE: CWE-703 (https://cwe.mitre.org/data/definitions/703.html)
   More Info: https://bandit.readthedocs.io/en/1.8.6/plugins/b101_assert_used.html
   Location: ./tests/test_w7_gap_fill.py:595:8
594	        tasks = s.split_from_goal("analyze requirements and research")
595	        assert any(t.name == "Research & Analysis" for t in tasks)
596	

--------------------------------------------------
>> Issue: [B101:assert_used] Use of assert detected. The enclosed code will be removed when compiling to optimised byte code.
   Severity: Low   Confidence: High
   CWE: CWE-703 (https://cwe.mitre.org/data/definitions/703.html)
   More Info: https://bandit.readthedocs.io/en/1.8.6/plugins/b101_assert_used.html
   Location: ./tests/test_w7_gap_fill.py:601:8
600	        tasks = s.split_from_goal("build and implement the feature")
601	        assert any(t.name == "Development" for t in tasks)
602	

--------------------------------------------------
>> Issue: [B101:assert_used] Use of assert detected. The enclosed code will be removed when compiling to optimised byte code.
   Severity: Low   Confidence: High
   CWE: CWE-703 (https://cwe.mitre.org/data/definitions/703.html)
   More Info: https://bandit.readthedocs.io/en/1.8.6/plugins/b101_assert_used.html
   Location: ./tests/test_w7_gap_fill.py:607:8
606	        tasks = s.split_from_goal("research, design, and implement")
607	        assert len(tasks) >= 2
608	        # Later tasks depend on earlier ones

--------------------------------------------------
>> Issue: [B101:assert_used] Use of assert detected. The enclosed code will be removed when compiling to optimised byte code.
   Severity: Low   Confidence: High
   CWE: CWE-703 (https://cwe.mitre.org/data/definitions/703.html)
   More Info: https://bandit.readthedocs.io/en/1.8.6/plugins/b101_assert_used.html
   Location: ./tests/test_w7_gap_fill.py:610:12
609	        if len(tasks) >= 2:
610	            assert tasks[1].dependencies
611	

--------------------------------------------------
>> Issue: [B101:assert_used] Use of assert detected. The enclosed code will be removed when compiling to optimised byte code.
   Severity: Low   Confidence: High
   CWE: CWE-703 (https://cwe.mitre.org/data/definitions/703.html)
   More Info: https://bandit.readthedocs.io/en/1.8.6/plugins/b101_assert_used.html
   Location: ./tests/test_w7_gap_fill.py:616:8
615	        tasks = s.split_from_goal("unrecognized goal xyz")
616	        assert tasks == []
617	

--------------------------------------------------
>> Issue: [B101:assert_used] Use of assert detected. The enclosed code will be removed when compiling to optimised byte code.
   Severity: Low   Confidence: High
   CWE: CWE-703 (https://cwe.mitre.org/data/definitions/703.html)
   More Info: https://bandit.readthedocs.io/en/1.8.6/plugins/b101_assert_used.html
   Location: ./tests/test_w7_gap_fill.py:624:8
623	        # First task has no deps → ready
624	        assert len(ready) >= 1
625	

--------------------------------------------------
>> Issue: [B101:assert_used] Use of assert detected. The enclosed code will be removed when compiling to optimised byte code.
   Severity: Low   Confidence: High
   CWE: CWE-703 (https://cwe.mitre.org/data/definitions/703.html)
   More Info: https://bandit.readthedocs.io/en/1.8.6/plugins/b101_assert_used.html
   Location: ./tests/test_w7_gap_fill.py:631:8
630	        order = s.get_execution_order()
631	        assert len(order) >= 1
632	

--------------------------------------------------
>> Issue: [B101:assert_used] Use of assert detected. The enclosed code will be removed when compiling to optimised byte code.
   Severity: Low   Confidence: High
   CWE: CWE-703 (https://cwe.mitre.org/data/definitions/703.html)
   More Info: https://bandit.readthedocs.io/en/1.8.6/plugins/b101_assert_used.html
   Location: ./tests/test_w7_gap_fill.py:638:8
637	        dag = s.get_dag()
638	        assert "nodes" in dag
639	        assert "edges" in dag

--------------------------------------------------
>> Issue: [B101:assert_used] Use of assert detected. The enclosed code will be removed when compiling to optimised byte code.
   Severity: Low   Confidence: High
   CWE: CWE-703 (https://cwe.mitre.org/data/definitions/703.html)
   More Info: https://bandit.readthedocs.io/en/1.8.6/plugins/b101_assert_used.html
   Location: ./tests/test_w7_gap_fill.py:639:8
638	        assert "nodes" in dag
639	        assert "edges" in dag
640	

--------------------------------------------------
>> Issue: [B101:assert_used] Use of assert detected. The enclosed code will be removed when compiling to optimised byte code.
   Severity: Low   Confidence: High
   CWE: CWE-703 (https://cwe.mitre.org/data/definitions/703.html)
   More Info: https://bandit.readthedocs.io/en/1.8.6/plugins/b101_assert_used.html
   Location: ./tests/test_w7_gap_fill.py:646:8
645	        summary = s.get_summary()
646	        assert "total_tasks" in summary
647	        assert "pending" in summary

--------------------------------------------------
>> Issue: [B101:assert_used] Use of assert detected. The enclosed code will be removed when compiling to optimised byte code.
   Severity: Low   Confidence: High
   CWE: CWE-703 (https://cwe.mitre.org/data/definitions/703.html)
   More Info: https://bandit.readthedocs.io/en/1.8.6/plugins/b101_assert_used.html
   Location: ./tests/test_w7_gap_fill.py:647:8
646	        assert "total_tasks" in summary
647	        assert "pending" in summary
648	

--------------------------------------------------
>> Issue: [B101:assert_used] Use of assert detected. The enclosed code will be removed when compiling to optimised byte code.
   Severity: Low   Confidence: High
   CWE: CWE-703 (https://cwe.mitre.org/data/definitions/703.html)
   More Info: https://bandit.readthedocs.io/en/1.8.6/plugins/b101_assert_used.html
   Location: ./tests/test_w7_gap_fill.py:673:8
672	        sm.save_state("agent1", state)
673	        assert (sm._state_path / "agent1.json").exists()
674	        sm.clear_state("agent1")

--------------------------------------------------
>> Issue: [B101:assert_used] Use of assert detected. The enclosed code will be removed when compiling to optimised byte code.
   Severity: Low   Confidence: High
   CWE: CWE-703 (https://cwe.mitre.org/data/definitions/703.html)
   More Info: https://bandit.readthedocs.io/en/1.8.6/plugins/b101_assert_used.html
   Location: ./tests/test_w7_gap_fill.py:675:8
674	        sm.clear_state("agent1")
675	        assert not (sm._state_path / "agent1.json").exists()
676	

--------------------------------------------------
>> Issue: [B101:assert_used] Use of assert detected. The enclosed code will be removed when compiling to optimised byte code.
   Severity: Low   Confidence: High
   CWE: CWE-703 (https://cwe.mitre.org/data/definitions/703.html)
   More Info: https://bandit.readthedocs.io/en/1.8.6/plugins/b101_assert_used.html
   Location: ./tests/test_w7_gap_fill.py:680:8
679	        sm = StateManager(tmp_path)
680	        assert sm.is_agent_killed("nonexistent") is False
681	

--------------------------------------------------
>> Issue: [B101:assert_used] Use of assert detected. The enclosed code will be removed when compiling to optimised byte code.
   Severity: Low   Confidence: High
   CWE: CWE-703 (https://cwe.mitre.org/data/definitions/703.html)
   More Info: https://bandit.readthedocs.io/en/1.8.6/plugins/b101_assert_used.html
   Location: ./tests/test_w7_gap_fill.py:689:8
688	        sm.save_state("a1", state)
689	        assert sm.is_agent_killed("a1") is True
690	

--------------------------------------------------
>> Issue: [B101:assert_used] Use of assert detected. The enclosed code will be removed when compiling to optimised byte code.
   Severity: Low   Confidence: High
   CWE: CWE-703 (https://cwe.mitre.org/data/definitions/703.html)
   More Info: https://bandit.readthedocs.io/en/1.8.6/plugins/b101_assert_used.html
   Location: ./tests/test_w7_gap_fill.py:698:8
697	        r = Rule(name="bad", rule_type=RuleType.FORBIDDEN, pattern="[invalid(", description="test")
698	        assert r._compiled is None
699	        assert r.matches("anything") is False

--------------------------------------------------
>> Issue: [B101:assert_used] Use of assert detected. The enclosed code will be removed when compiling to optimised byte code.
   Severity: Low   Confidence: High
   CWE: CWE-703 (https://cwe.mitre.org/data/definitions/703.html)
   More Info: https://bandit.readthedocs.io/en/1.8.6/plugins/b101_assert_used.html
   Location: ./tests/test_w7_gap_fill.py:699:8
698	        assert r._compiled is None
699	        assert r.matches("anything") is False
700	        assert r.find_all("anything") == []

--------------------------------------------------
>> Issue: [B101:assert_used] Use of assert detected. The enclosed code will be removed when compiling to optimised byte code.
   Severity: Low   Confidence: High
   CWE: CWE-703 (https://cwe.mitre.org/data/definitions/703.html)
   More Info: https://bandit.readthedocs.io/en/1.8.6/plugins/b101_assert_used.html
   Location: ./tests/test_w7_gap_fill.py:700:8
699	        assert r.matches("anything") is False
700	        assert r.find_all("anything") == []
701	

--------------------------------------------------
>> Issue: [B101:assert_used] Use of assert detected. The enclosed code will be removed when compiling to optimised byte code.
   Severity: Low   Confidence: High
   CWE: CWE-703 (https://cwe.mitre.org/data/definitions/703.html)
   More Info: https://bandit.readthedocs.io/en/1.8.6/plugins/b101_assert_used.html
   Location: ./tests/test_w7_gap_fill.py:706:8
705	        hits = r.find_all("code 123 and 456")
706	        assert "123" in hits
707	        assert "456" in hits

--------------------------------------------------
>> Issue: [B101:assert_used] Use of assert detected. The enclosed code will be removed when compiling to optimised byte code.
   Severity: Low   Confidence: High
   CWE: CWE-703 (https://cwe.mitre.org/data/definitions/703.html)
   More Info: https://bandit.readthedocs.io/en/1.8.6/plugins/b101_assert_used.html
   Location: ./tests/test_w7_gap_fill.py:707:8
706	        assert "123" in hits
707	        assert "456" in hits
708	

--------------------------------------------------
>> Issue: [B101:assert_used] Use of assert detected. The enclosed code will be removed when compiling to optimised byte code.
   Severity: Low   Confidence: High
   CWE: CWE-703 (https://cwe.mitre.org/data/definitions/703.html)
   More Info: https://bandit.readthedocs.io/en/1.8.6/plugins/b101_assert_used.html
   Location: ./tests/test_w7_gap_fill.py:713:8
712	        result = pm.match_file("/nonexistent/path/file.py")
713	        assert result.passed is False
714	        assert any(h["rule"] == "file-read-error" for h in result.forbidden_hits)

--------------------------------------------------
>> Issue: [B101:assert_used] Use of assert detected. The enclosed code will be removed when compiling to optimised byte code.
   Severity: Low   Confidence: High
   CWE: CWE-703 (https://cwe.mitre.org/data/definitions/703.html)
   More Info: https://bandit.readthedocs.io/en/1.8.6/plugins/b101_assert_used.html
   Location: ./tests/test_w7_gap_fill.py:714:8
713	        assert result.passed is False
714	        assert any(h["rule"] == "file-read-error" for h in result.forbidden_hits)
715	

--------------------------------------------------
>> Issue: [B101:assert_used] Use of assert detected. The enclosed code will be removed when compiling to optimised byte code.
   Severity: Low   Confidence: High
   CWE: CWE-703 (https://cwe.mitre.org/data/definitions/703.html)
   More Info: https://bandit.readthedocs.io/en/1.8.6/plugins/b101_assert_used.html
   Location: ./tests/test_w7_gap_fill.py:722:8
721	        result = pm.match_file(str(f))
722	        assert hasattr(result, "passed")
723	

--------------------------------------------------
>> Issue: [B101:assert_used] Use of assert detected. The enclosed code will be removed when compiling to optimised byte code.
   Severity: Low   Confidence: High
   CWE: CWE-703 (https://cwe.mitre.org/data/definitions/703.html)
   More Info: https://bandit.readthedocs.io/en/1.8.6/plugins/b101_assert_used.html
   Location: ./tests/test_w7_gap_fill.py:732:8
731	        results = pm.match_files([str(f1), str(f2)])
732	        assert len(results) == 2
733	

--------------------------------------------------
>> Issue: [B101:assert_used] Use of assert detected. The enclosed code will be removed when compiling to optimised byte code.
   Severity: Low   Confidence: High
   CWE: CWE-703 (https://cwe.mitre.org/data/definitions/703.html)
   More Info: https://bandit.readthedocs.io/en/1.8.6/plugins/b101_assert_used.html
   Location: ./tests/test_w7_gap_fill.py:751:8
750	        logger = AuditLogger()
751	        assert logger.query({}) == []
752	

--------------------------------------------------
>> Issue: [B101:assert_used] Use of assert detected. The enclosed code will be removed when compiling to optimised byte code.
   Severity: Low   Confidence: High
   CWE: CWE-703 (https://cwe.mitre.org/data/definitions/703.html)
   More Info: https://bandit.readthedocs.io/en/1.8.6/plugins/b101_assert_used.html
   Location: ./tests/test_w7_gap_fill.py:762:8
761	            result = b.run_reconnaissance(str(tmp_path))
762	        assert result == {}
763	

--------------------------------------------------
>> Issue: [B101:assert_used] Use of assert detected. The enclosed code will be removed when compiling to optimised byte code.
   Severity: Low   Confidence: High
   CWE: CWE-703 (https://cwe.mitre.org/data/definitions/703.html)
   More Info: https://bandit.readthedocs.io/en/1.8.6/plugins/b101_assert_used.html
   Location: ./tests/test_w7_gap_fill.py:769:8
768	            result = b.get_minimal_context(str(tmp_path), "correctness")
769	        assert result == {}
770	

--------------------------------------------------
>> Issue: [B101:assert_used] Use of assert detected. The enclosed code will be removed when compiling to optimised byte code.
   Severity: Low   Confidence: High
   CWE: CWE-703 (https://cwe.mitre.org/data/definitions/703.html)
   More Info: https://bandit.readthedocs.io/en/1.8.6/plugins/b101_assert_used.html
   Location: ./tests/test_w7_gap_fill.py:778:8
777	            result = b.get_minimal_context(str(tmp_path), "correctness")
778	        assert result == {}
779	

--------------------------------------------------
>> Issue: [B101:assert_used] Use of assert detected. The enclosed code will be removed when compiling to optimised byte code.
   Severity: Low   Confidence: High
   CWE: CWE-703 (https://cwe.mitre.org/data/definitions/703.html)
   More Info: https://bandit.readthedocs.io/en/1.8.6/plugins/b101_assert_used.html
   Location: ./tests/test_w7_gap_fill.py:789:8
788	        missing = SpecTrackingParser.find_entries_without_status(content)
789	        assert len(missing) >= 1
790	

--------------------------------------------------
>> Issue: [B101:assert_used] Use of assert detected. The enclosed code will be removed when compiling to optimised byte code.
   Severity: Low   Confidence: High
   CWE: CWE-703 (https://cwe.mitre.org/data/definitions/703.html)
   More Info: https://bandit.readthedocs.io/en/1.8.6/plugins/b101_assert_used.html
   Location: ./tests/test_w7_gap_fill.py:795:8
794	        counts = SpecTrackingParser.count_status(content)
795	        assert counts.get("✅ Done", 0) >= 2

--------------------------------------------------

Code scanned:
	Total lines of code: 34593
	Total lines skipped (#nosec): 0
	Total potential issues skipped due to specifically being disabled (e.g., #nosec BXXX): 0

Run metrics:
	Total issues (by severity):
		Undefined: 0
		Low: 1300
		Medium: 17
		High: 3
	Total issues (by confidence):
		Undefined: 0
		Low: 0
		Medium: 13
		High: 1307
Files skipped (0):
